unit,model,r2,aic,aicc,bic,center_sigma_px,surround_sigma_px,baseline,center_amplitude,surround_amplitude,relative_surround_amplitude,profile_rescale_factor
fly1,M1,0.9572357022357445,-219.07902435888036,-216.89720617706217,-216.95487375557374,0.5,,0.006189534969759367,-0.29034468775846106,,,0.036121740975851684
fly1,M3,0.9989290645055473,-270.38658980452914,-263.71992313786245,-266.8463387990181,0.75,1.25,0.0029221406033592013,-0.4437199746645381,0.16407365043788322,0.36976845714896306,0.036121740975851684
fly2,M1,0.9812201112365501,-229.7480955900409,-227.5662774082227,-227.62394498673427,0.75,,0.02442516369955079,-0.5201547788116426,,,0.019799627711989193
fly2,M3,0.9815036051339708,-225.9762562345791,-219.30958956791244,-222.43600522906806,0.75,1.0,0.023278440396351074,-0.5591532364375258,0.036111870288820055,0.06458313738626609,0.019799627711989193
fly3,M1,0.9749274317695874,-222.89019415160678,-220.7083759697886,-220.76604354830016,0.75,,0.022611350524673446,-0.29443966777393654,,,0.037924652623480375
fly3,M3,0.9749274317695874,-218.89019415160678,-212.22352748494012,-215.34994314609574,0.75,1.25,0.022611350535641023,-0.2944396678607498,1.2328512013165537e-18,4.187109740592458e-18,0.037924652623480375
fly4,M1,0.9231974480514672,-206.48776280405698,-204.3059446222388,-204.36361220075037,0.75,,0.02490223414146116,-0.4539410958670405,,,0.023628746385012438
fly4,M3,0.9231974480514672,-202.48776280405698,-195.82109613739033,-198.94751179854595,0.75,5.25,0.024902234141530373,-0.45394109586773657,1.7984753254762027e-20,3.961913432927472e-20,0.023628746385012438
fly5,M1,0.9919863166709086,-242.86138142694224,-240.67956324512406,-240.73723082363563,0.75,,0.02106036384731448,-0.5087831691706768,,,0.020124387204284694
fly5,M3,0.99501162144229,-245.97197509837542,-239.30530843170877,-242.43172409286439,0.75,1.25,0.016552729054972706,-0.579600145040648,0.06407089882715364,0.11054327604190001,0.020124387204284694
population,M1,0.9887203053108498,-237.2841290892385,-235.1023109074203,-235.15997848593187,0.75,,0.021492893359794856,-0.4079379175526704,,,0.025436164529292087
population,M3,0.988958106412319,-233.6037435748584,-226.93707690819176,-230.06349256934737,0.75,1.0,0.020672349712737986,-0.43584346073003954,0.025840031039878922,0.059287412495754255,0.025436164529292087
