lag,fly,center,surround
0,fly1,-0.4528385848509826,-0.009122845167198081
0,fly2,-0.8891628635069636,0.008971890700828844
0,fly3,-0.39367053800115837,0.012848911453150409
0,fly4,-0.8950792171799371,-0.041356355432857046
0,fly5,-0.7183372596532454,-0.0029729850573552413
0,population,-0.6698176926384574,-0.0063262767006862205
1,fly1,-0.6306911221271313,0.005321539459635167
1,fly2,-1.4474712519231108,0.0005067226926982294
1,fly3,-0.7296837511981027,0.027091410438174594
1,fly4,-1.2427955427410093,-0.05628255283711437
1,fly5,-1.4591425954131152,0.013005898327105884
1,population,-1.1019568526804937,-0.0020713963839001006
2,fly1,-0.49013867612094575,-0.019007753310563855
2,fly2,-1.0816613390976193,0.017791193668483113
2,fly3,-0.6843100263719734,-0.0006348140807944015
2,fly4,-1.0837211523598331,-0.025362026851029406
2,fly5,-1.1490374932508847,0.06288765105537564
2,population,-0.8977737374402514,0.007134850096294218
3,fly1,-0.33133912475361477,0.03237487408439843
3,fly2,-0.8869696011006437,0.00770017535530308
3,fly3,-0.5777310903904216,0.001956502877122326
3,fly4,-0.9372998734759084,-0.04021076961000869
3,fly5,-0.900747376019727,0.02195658396408852
3,population,-0.726817413148063,0.004755473334180735
4,fly1,-0.3186879626274452,0.02278796311172496
4,fly2,-0.7511260796972121,0.03078797771230797
4,fly3,-0.4675842977939852,0.04895226649396255
4,fly4,-0.8041118811841605,-0.021500989042921567
4,fly5,-0.8012517600925395,0.05752935024539085
4,population,-0.6285523962790687,0.027711313704092955
5,fly1,-0.2292323080125984,0.02816102029189035
5,fly2,-0.5777296930463183,-0.03048203090223038
5,fly3,-0.29583708000350994,0.01749889145990815
5,fly4,-0.7211705455378138,-0.023898691215781934
5,fly5,-0.594944628758013,0.016822441305789155
5,population,-0.4837828510716506,0.0016203261879150675
6,fly1,-0.2137348182646395,0.02825991757647576
6,fly2,-0.4592778268359869,0.014996328722166673
6,fly3,-0.3519798367652984,0.01186209631670503
6,fly4,-0.5790644107569364,-0.005941341778438216
6,fly5,-0.5393627454440003,0.04517533278493153
6,population,-0.4286839276133722,0.01887046672436815
7,fly1,-0.12084333801936942,0.023272919267532697
7,fly2,-0.46414736781188765,0.004187277483211783
7,fly3,-0.20063592297119182,0.008072324768924943
7,fly4,-0.4655907211231997,-0.05349461393884492
7,fly5,-0.47721818559665885,0.0027005889492379823
7,population,-0.34568710710446143,-0.003052300693987507
8,fly1,-0.055646181517730785,0.042510622975515784
8,fly2,-0.3301714996945129,0.007989903948244465
8,fly3,-0.14099003767518478,0.02088818718864739
8,fly4,-0.4978841660988609,-0.0364461941148159
8,fly5,-0.44094059184308515,0.05288511758463521
8,population,-0.29312649536587493,0.017565527516445387
9,fly1,-0.10451690205562088,0.005275570803700081
9,fly2,-0.29018831185719157,0.05378732719809307
9,fly3,-0.12611497270599945,0.015838661259382183
9,fly4,-0.46351545366954056,-0.023115212826375707
9,fly5,-0.40013446372478323,0.038211809445450176
9,population,-0.27689402080262715,0.01799963117604996
10,fly1,-0.12239159725572894,-0.025230256244854473
10,fly2,-0.271861045703537,0.008777897077098452
10,fly3,-0.23830670619918562,-0.0021516620430732532
10,fly4,-0.48351739184158554,-0.028656488053812698
10,fly5,-0.31905718980208836,0.0365390018596671
10,population,-0.28702678616042504,-0.002144301480994974
11,fly1,-0.02711719974431012,0.005254852680303091
11,fly2,-0.2626304272495148,0.01695048409701524
11,fly3,-0.1822777206763755,0.009893002705259208
11,fly4,-0.2723454965561704,-0.022341109626001
11,fly5,-0.29520853898248506,0.0234926382677816
11,population,-0.2079158766417712,0.00664997362487163
12,fly1,-0.04345874938341473,0.018909653906901407
12,fly2,-0.27609402852276765,-0.021817848095788742
12,fly3,-0.16974056951644648,0.025497465447480726
12,fly4,-0.24958957553316305,-0.007558356354581025
12,fly5,-0.318928226149292,0.04768599450417208
12,population,-0.21156222982101677,0.01254338188163689
13,fly1,-0.14899523553091384,-0.014484917798511805
13,fly2,-0.22026038799434702,-0.031563109912126984
13,fly3,-0.25254619032984715,0.01124903244656243
13,fly4,-0.2963112976840965,0.008161038589106521
13,fly5,-0.3445598428289556,0.04307432201914784
13,population,-0.25253459087363206,0.0032872730688356046
14,fly1,-0.08477612187743508,0.005709307441750327
14,fly2,-0.1309378322444298,-0.006211691187462272
14,fly3,-0.09153817377956476,0.0011223191243311128
14,fly4,-0.216770455223273,-0.022304158411510625
14,fly5,-0.2975074810728963,0.016749281530737955
14,population,-0.1643060128395198,-0.0009869883004307003
15,fly1,-0.025048832296222675,0.021258784852413868
15,fly2,-0.09904689024315488,-0.004938492422507524
15,fly3,-0.08752578124738603,0.0027389560439531778
15,fly4,-0.24763646902153727,-0.018482537445048047
15,fly5,-0.2543588053618535,0.04236387307967329
15,population,-0.14272335563403088,0.008588116821696955
16,fly1,-0.07336507596262326,0.026886182207495116
16,fly2,-0.1315583237070496,0.006827497284764585
16,fly3,-0.18172781773641714,-0.02132273473043135
16,fly4,-0.2083642168342542,-0.00810296424796853
16,fly5,-0.18693175434359516,0.03536171367541718
16,population,-0.15638943771678787,0.007929938837855394
17,fly1,-0.1106825702281913,0.004859276368835047
17,fly2,-0.06401827396190242,-0.013277649346673874
17,fly3,-0.10819933593768953,-4.938084390038178e-05
17,fly4,-0.13427073450584187,-0.005611605300320435
17,fly5,-0.16022795467463818,0.024068198280491823
17,population,-0.11547977386165265,0.001997767831686435
18,fly1,-0.06376704157495301,0.04479183945691286
18,fly2,-0.026395158737222806,0.024319213063716597
18,fly3,-0.13393701817444537,-0.011423309684846556
18,fly4,-0.17104063080162624,-0.02516546265913031
18,fly5,-0.14793907035956833,0.03953338828621982
18,population,-0.10861578392956313,0.014411133692574478
19,fly1,-0.10456313131848106,-0.0026999082903638376
19,fly2,0.004732479924656579,0.016573993026211837
19,fly3,-0.10975676887679241,0.0024057236399241027
19,fly4,-0.09631836747508117,-0.014130561820087222
19,fly5,-0.14432443110847626,0.045079851119255034
19,population,-0.09004604377083486,0.009445819534987986
20,fly1,-0.05620364897854139,0.028083246573398838
20,fly2,-0.005514633986159512,0.012581524748357241
20,fly3,-0.018104170501521948,-0.017023240404021756
20,fly4,-0.1137054248534378,-0.033450096722818706
20,fly5,-0.16444437941125167,0.0084293826186546
20,population,-0.07159445154618248,-0.00027583663728595535
21,fly1,-0.04565888419783768,0.01796520861517742
21,fly2,-0.1418399685533769,-0.019902656838183878
21,fly3,-0.08429948231008468,-0.057378702805119315
21,fly4,-0.21332949812054433,-0.04410048601090552
21,fly5,-0.19612707382516323,-0.0012002245778153396
21,population,-0.13625098140140135,-0.02092337232336933
22,fly1,-0.0747847106886893,-0.007785630558947762
22,fly2,-0.005319608343619704,-0.03955106683803955
22,fly3,-0.1001259863183104,-0.061804673643836634
22,fly4,-0.1517127641983836,-0.02095267165917717
22,fly5,-0.14347998766316128,0.008641205852511075
22,population,-0.09508461144243287,-0.024290567369498004
23,fly1,-0.09960811263112979,0.023560664134301194
23,fly2,-0.08524093940126062,-0.020114371779305064
23,fly3,-0.018778527696440405,-0.007402356445496411
23,fly4,-0.11707418395244,-0.026067911117349792
23,fly5,-0.17940169489463484,0.019504339782658118
23,population,-0.10002069171518113,-0.0021039270850383932
24,fly1,-0.11966187785495903,-0.008319551247871633
24,fly2,0.057114137111470585,-0.008238523052236284
24,fly3,0.07430774063212565,0.018138955301874097
24,fly4,-0.1600819515448812,-0.023916709665223305
24,fly5,-0.12726149290251557,0.027161821235879128
24,population,-0.05511668891175192,0.0009651985144843968
25,fly1,-0.08721839235816099,-0.0277670308649677
25,fly2,0.050853567057862335,-0.024368636499291906
25,fly3,0.0012096512159376549,-0.009683470194613754
25,fly4,-0.10954192557667657,-0.013187884190062093
25,fly5,-0.20535568202937843,0.0351688984286925
25,population,-0.0700105563380832,-0.00796762466404859
26,fly1,-0.014166527805193932,-0.017602657968694452
26,fly2,0.05180830066145506,-0.0174492782662876
26,fly3,-0.0879157502548753,-0.014861223825390346
26,fly4,-0.14532350251124845,-0.016322138359609356
26,fly5,-0.1943627052757341,0.03192324001693499
26,population,-0.07799203703711935,-0.006862411680609354
27,fly1,-0.01594729692781469,0.022611425700825527
27,fly2,0.038858662262394685,0.00454594752991598
27,fly3,-0.08525049652130742,-0.020646827353570034
27,fly4,-0.07641413117816619,-0.01959381682200654
27,fly5,-0.15502550248677172,0.042863210366467674
27,population,-0.05875575297033306,0.005955987884326522
28,fly1,0.01709238559173607,-0.004585697296212307
28,fly2,-0.0053476653588117595,-0.03486681287262763
28,fly3,0.017744405196709858,0.00598250742087034
28,fly4,-0.08792714341147194,-0.0743236788601317
28,fly5,-0.17356826298594039,0.022188885837128944
28,population,-0.04640125619355563,-0.01712095915419447
29,fly1,-0.0648952077663516,-0.009393427459678538
29,fly2,0.05726345713275903,-0.006970140214820206
29,fly3,-0.08003222028483792,0.02856333328513128
29,fly4,-0.14662391600268637,-0.029508543959303298
29,fly5,-0.21199828404050491,0.04196792545670794
29,population,-0.08925723419232436,0.004931829421607439
30,fly1,-0.015181518562258162,-0.013792740616814448
30,fly2,-0.02372612089773089,0.009017637875253915
30,fly3,0.0009405334710047388,0.02140026560961775
30,fly4,-0.12214315832953677,-0.02816677391890217
30,fly5,-0.13395401522899805,0.028577308614281774
30,population,-0.05881285590950383,0.0034071395126873665
31,fly1,0.0264714050236476,0.028492428765907022
31,fly2,0.00870177727925078,-0.013128332986061251
31,fly3,-0.005565924643609201,0.02005968427658447
31,fly4,-0.0686652401552056,-0.022340798800088966
31,fly5,-0.1020845376070243,0.024807756984868704
31,population,-0.028228504020588147,0.007578147648241998
32,fly1,0.1031648787328318,0.014388823353742357
32,fly2,-0.11615752803605964,-0.01927466435054723
32,fly3,-0.032347626174416125,-0.011724480538640975
32,fly4,-0.13134647002510502,-0.045697687555814
32,fly5,-0.09860961381139298,0.0063413074690765485
32,population,-0.055059271862828385,-0.011193340324436656
33,fly1,-0.007393961830747525,0.010499820123547589
33,fly2,-0.05881323765839349,-0.03963934657011471
33,fly3,0.00021665277022063346,0.0023012716633929275
33,fly4,-0.09567332588766206,-0.03147103844811047
33,fly5,-0.12895089435066417,0.006677683954348899
33,population,-0.058122953391449315,-0.010326321855387151
34,fly1,-0.04506198303977977,0.025367144028338603
34,fly2,0.043199768366609055,0.022786527858243755
34,fly3,0.006472409632098868,-0.006690782287387872
34,fly4,-0.21277807845268973,-0.06354707912103998
34,fly5,-0.1632242725000847,-0.014650064339396418
34,population,-0.07427843119876926,-0.007346850772248381
35,fly1,-0.030924284663112096,-0.02064395458884886
35,fly2,-0.04396198327853945,-0.024013608785721306
35,fly3,-0.0732062519327172,-0.01739037036181471
35,fly4,-0.10807023605436422,-0.02594340555001896
35,fly5,-0.10450029433311052,-0.008107950236843856
35,population,-0.07213261005236869,-0.01921985790464954
36,fly1,-0.01189725813784963,0.03295160150226822
36,fly2,0.032084234819450774,-0.032087447471975034
36,fly3,-0.053398311270663176,0.02364924048088578
36,fly4,-0.2169251213509934,-0.03662140044256177
36,fly5,-0.11033368112467015,0.0350831679330848
36,population,-0.07209402741294511,0.004595032400340399
37,fly1,-0.0715739690581155,-0.01565210959589277
37,fly2,0.059916910765642935,-0.015610077821489193
37,fly3,-0.05784705497719711,0.0178898546739555
37,fly4,-0.13301177252525043,-0.024359543394726155
37,fly5,-0.037855982433774416,0.013385548078807347
37,population,-0.04807437364573891,-0.004869265611869055
38,fly1,-0.025671020599269186,-0.009342188416011955
38,fly2,-0.027745664223809998,0.01825330404170862
38,fly3,0.004152072276064418,0.03187568857731193
38,fly4,-0.17138967452668405,-0.05417762529432111
38,fly5,-0.09555232576589921,-0.0021120468499108073
38,population,-0.0632413225679196,-0.0031005735882446606
39,fly1,0.013792645008062722,-0.038387341436562146
39,fly2,0.05125322212506125,-0.02509364195536531
39,fly3,-0.056183799502260566,0.0489345836792415
39,fly4,-0.12971517871356408,0.0009785831385072349
39,fly5,-0.07811364727902428,0.004067675347344661
39,population,-0.03979335167234499,-0.0019000282453668184
