unit,group,center_zone,surround_zone,center_pixel,valid_flies
fly1,ALL,-0.0012529257223818132,0.0001246198438745949,-0.009105121599350242,1
fly2,ALL,-0.0026912826097279007,-0.00021719191389514778,-0.012178448414573495,1
fly3,ALL,-0.0018264659901784024,-3.0117345298461075e-05,-0.006168408499473551,1
fly4,ALL,-0.0039517569607451205,-0.0005749880350589581,-0.011570892917674769,1
fly5,ALL,-0.0038249156186149786,0.0001299247291122375,-0.014043936896413194,1
population,ALL,-0.002709469380329643,-0.00011355054425314691,-0.010613361665497048,5
fly1,STABLE,-0.004354968682903252,0.00011108586965269416,-0.026362203371088702,1
fly2,STABLE,-0.004129538976691644,-0.00020209435509287033,-0.019871088011586834,1
fly3,STABLE,-0.004905844797275871,-0.0002464411366939277,-0.017444619051821063,1
fly4,STABLE,-0.005846000800772554,-0.00032593572445046594,-0.02184882160092498,1
fly5,STABLE,-0.005817423482601562,6.113551390449175e-05,-0.02122058224596104,1
population,STABLE,-0.005010755348048976,-0.00012044996653601558,-0.021349462856276525,5
fly1,UNCERTAIN,0.0002616654066557763,0.0001630614626378342,-0.000796156301846538,1
fly2,UNCERTAIN,-0.0011025966386100316,-0.00022696012084500388,-0.0038168836352111693,1
fly3,UNCERTAIN,-0.0001987285271705459,9.680634277914995e-05,-0.0007121775870473357,1
fly4,UNCERTAIN,-0.0022917400696123975,-0.0008197294954378701,-0.0028741840318476674,1
fly5,UNCERTAIN,-0.0009425419937085595,0.0002658416155622298,-0.0038455461365294085,1
population,UNCERTAIN,-0.0008547883644891515,-0.000104196039060732,-0.0024089895384964235,5
