unit,radial_bin,observed,p_negative_unadjusted,p_two_tail_unadjusted,null_low,null_median,null_high
fly1,0,-0.009105121599350242,0.000999000999000999,0.001998001998001998,-0.00421898597919025,-0.00022089079517400022,0.0037735421918603154
fly1,1,-0.0002714012377607594,0.21078921078921078,0.42157842157842157,-0.0007100610279563729,4.956941135676767e-06,0.0006932395598516813
fly1,2,0.000685986717482956,0.988011988011988,0.025974025974025976,-0.0005338446205799266,8.225238713461179e-06,0.0005980853678920466
fly1,3,0.0006557375397674514,0.988011988011988,0.025974025974025976,-0.0005228752100457033,8.473480358414122e-06,0.0005624404810068215
fly1,4,7.451478985751663e-05,0.6173826173826173,0.7672327672327672,-0.0005448538365368297,-1.4794436976009841e-05,0.0005324143976415199
fly1,5,-9.76528463400755e-05,0.36163836163836166,0.7232767232767233,-0.00041411306901168246,-8.927603938202509e-06,0.0005190876125099531
fly1,6,0.00022456458269443867,0.8151848151848152,0.37162837162837165,-0.0005047604995557354,-2.554418597623289e-05,0.00047892052451278404
fly1,7,-1.6201776805241455e-05,0.47652347652347654,0.9530469530469531,-0.0004669901277561854,2.813353170813609e-07,0.000521078531374024
fly1,8,-0.0003947181006119362,0.10589410589410589,0.21178821178821178,-0.000632355184015519,-2.2034548245871774e-06,0.000688502648103887
fly1,9,0.00019617829004856422,0.6643356643356644,0.6733266733266733,-0.0008695509707483174,-3.0955234301346605e-05,0.0008936567437449923
fly1,10,,,,,,
fly2,0,-0.012178448414573495,0.000999000999000999,0.001998001998001998,-0.004208773756151156,-0.00017697128244738755,0.003897913476871886
fly2,1,-0.0015053868841222013,0.000999000999000999,0.001998001998001998,-0.0007089146637291859,4.579986711939174e-05,0.0007833741446850129
fly2,2,-0.00010675197595755927,0.34165834165834164,0.6833166833166833,-0.000702786339384581,2.2059538210415925e-05,0.0006115278084075577
fly2,3,-0.00023200026140151597,0.1978021978021978,0.3956043956043956,-0.0006155149702520017,1.7222560767763644e-05,0.000600700868018032
fly2,4,-0.0001199018098173005,0.2977022977022977,0.5954045954045954,-0.0006159759686845674,3.145873756428792e-05,0.0006174686057362484
fly2,5,-0.0002391660417300526,0.2047952047952048,0.4095904095904096,-0.0005660728334768873,2.6142825669366937e-06,0.000602973916562101
fly2,6,3.5424490869736106e-05,0.5794205794205795,0.8431568431568431,-0.0005781751254856787,-1.4938809284396133e-05,0.0005951528807210222
fly2,7,0.00021706907023856883,0.7962037962037962,0.4095904095904096,-0.0005495421961659267,7.172175618398121e-06,0.0005875673643313612
fly2,8,0.00015986107591470678,0.6513486513486514,0.6993006993006993,-0.0007257834126939233,2.6758151801408354e-05,0.0007352039817740232
fly2,9,-9.685261885148092e-05,0.3886113886113886,0.7772227772227772,-0.0009701811034274519,5.4235134338951216e-05,0.0009449679018979985
fly2,10,,,,,,
fly3,0,-0.006168408499473551,0.000999000999000999,0.001998001998001998,-0.0032371536824018303,-3.484289050240237e-05,0.0029398623256388806
fly3,1,-0.0012837231765165085,0.000999000999000999,0.001998001998001998,-0.0005238166480586644,1.8706143064606982e-05,0.0005500631604205866
fly3,2,-0.00018198253828580023,0.18181818181818182,0.36363636363636365,-0.0004080531902545142,1.102308364791314e-05,0.0004187356815654362
fly3,3,7.826409310817984e-05,0.6473526473526473,0.7072927072927073,-0.0004271328587667594,-4.551589504229869e-06,0.00040597688939976256
fly3,4,5.0144568942079876e-05,0.5954045954045954,0.8111888111888111,-0.0004010452413661618,1.1266734749107151e-05,0.00040465407174699583
fly3,5,-0.0001815112392198767,0.17182817182817184,0.3436563436563437,-0.00040059951156128435,9.623957533720983e-06,0.00039356501071307264
fly3,6,0.0002237250630186885,0.8551448551448552,0.2917082917082917,-0.00038828648370678275,-3.1106865066380217e-06,0.0004211586412994367
fly3,7,4.7203379854138576e-05,0.5474525474525475,0.9070929070929071,-0.00040839513351103196,2.6705837436917726e-05,0.000409428814151376
fly3,8,0.00011048437709237106,0.6363636363636364,0.7292707292707292,-0.0005585231623312287,1.4319502083398169e-05,0.0005481196072135059
fly3,9,8.869144126009947e-05,0.5584415584415584,0.8851148851148851,-0.0006657267120964655,4.2126243704174526e-05,0.0007000469816831416
fly3,10,,,,,,
fly4,0,-0.011570892917674769,0.007992007992007992,0.015984015984015984,-0.009448217814536263,0.0001537851329279268,0.009484324605746032
fly4,1,-0.0029993649661289147,0.000999000999000999,0.001998001998001998,-0.001143386062523472,-8.719650127865777e-06,0.0012844789621699936
fly4,2,-0.0017076076043434437,0.003996003996003996,0.007992007992007992,-0.0011752905513804982,-6.411197025080141e-05,0.001033561874748517
fly4,3,-0.0005775594664397181,0.1018981018981019,0.2037962037962038,-0.0009768199355722836,-8.370004207410096e-05,0.0008149287313306919
fly4,4,-0.0008462124262587715,0.04495504495504495,0.0899100899100899,-0.0009644370868115473,3.52456183902302e-05,0.000921032124678258
fly4,5,-0.0003284441060579171,0.2007992007992008,0.4015984015984016,-0.0009187232303504404,-8.830969706150635e-06,0.0008851558953869015
fly4,6,0.000322111526770537,0.7852147852147852,0.43156843156843155,-0.0008709500943737711,3.3320121517094407e-06,0.0009734681009893816
fly4,7,0.0005642188079066992,0.8671328671328671,0.2677322677322677,-0.0009185451461853193,-6.720160943392193e-06,0.0009714866195069111
fly4,8,0.00023052953114448437,0.6443556443556444,0.7132867132867133,-0.0011729050232671238,1.957401470383609e-05,0.001132536308404746
fly4,9,-0.0001987504338042213,0.36563436563436563,0.7312687312687313,-0.0015212310451561681,4.18062327169669e-05,0.0016851173379791337
fly4,10,,,,,,
fly5,0,-0.014043936896413194,0.000999000999000999,0.001998001998001998,-0.0034086357934335824,-0.00020983176451355482,0.003481390193525774
fly5,1,-0.0025475379588902024,0.000999000999000999,0.001998001998001998,-0.0006188635186619139,6.646801631344476e-06,0.0005738452851361039
fly5,2,0.00018944163134227015,0.8071928071928072,0.3876123876123876,-0.0004474321753137849,6.3695909278756845e-06,0.00043433957376357566
fly5,3,0.00037942916765201383,0.9410589410589411,0.11988011988011989,-0.0004334097330540438,1.6886935891170904e-06,0.00047842701225389616
fly5,4,1.4413474647531298e-05,0.5404595404595405,0.9210789210789211,-0.0004602250973860693,-2.5165444937378494e-06,0.00039845092679011493
fly5,5,9.481751130145095e-05,0.6913086913086913,0.6193806193806194,-0.00040780019517117305,1.2953147519102086e-06,0.0003469313091456812
fly5,6,7.456979012321632e-05,0.6283716283716284,0.7452547452547452,-0.00039095188228354966,-3.6415469450064566e-06,0.00040725719709459006
fly5,7,-3.785187663505539e-05,0.41358641358641357,0.8271728271728271,-0.00042003020789218453,1.5534668079989703e-05,0.0003565795475897703
fly5,8,1.7413992879498573e-05,0.5354645354645354,0.9310689310689311,-0.0005752368115702113,-1.4669051859084794e-05,0.0005547066925444151
fly5,9,7.154055096512313e-05,0.5374625374625375,0.9270729270729271,-0.0007771580178080421,2.4162783195588607e-05,0.000830593611355416
fly5,10,,,,,,
population,0,-0.010613361665497052,0.000999000999000999,0.001998001998001998,-0.0025552488211542366,-0.00015732293250039222,0.002291153729893267
population,1,-0.0017214828446837174,0.000999000999000999,0.001998001998001998,-0.00032464951651490993,1.0860118891287162e-05,0.0003713796938609445
population,2,-0.00022418275395231536,0.06693306693306693,0.13386613386613386,-0.00031153422792158376,-1.0402633233752567e-05,0.00028997578396683816
population,3,6.077421453728222e-05,0.6853146853146853,0.6313686313686314,-0.000306245347521326,-7.888502004789193e-06,0.0002506432116351788
population,4,-0.00016540828052578885,0.11588411588411589,0.23176823176823177,-0.00027009560771754576,7.18325354682747e-06,0.00026612449473759623
population,5,-0.00015039134440929418,0.11688311688311688,0.23376623376623376,-0.00024967048227699705,-2.6217693812213854e-06,0.0002664433371592167
population,6,0.00017607909069532331,0.906093906093906,0.18981018981018982,-0.00025165953689591124,-2.475687789329735e-06,0.00023966898511073638
population,7,0.00015488752091182196,0.8601398601398601,0.2817182817182817,-0.0002685007180722702,3.3873491702251964e-06,0.00028867287794734386
population,8,2.4714175283824877e-05,0.5364635364635365,0.929070929070929,-0.00033997446246212355,9.32279090193332e-06,0.00037064915522932995
population,9,1.2161445923616923e-05,0.4675324675324675,0.935064935064935,-0.00042586024393434247,2.9692253762429262e-05,0.00048738120854977755
population,10,,,,,,
