fly,temporal_bin,radius_midpoint_px,radial_signed_mean,grid_pixel_count
fly1,1,0.5,-0.02408714640623657,1
fly1,1,1.5,-0.0008891130228640954,8
fly1,1,2.5,0.0010986098100979737,16
fly1,1,3.5,0.0010095854553510018,20
fly1,1,4.5,0.00033223124389449287,24
fly1,1,5.5,-0.00019824706232379215,40
fly1,1,6.5,0.0003024983181845964,36
fly1,1,7.5,-9.461334308028689e-05,48
fly1,1,8.5,-0.0006595476097548788,20
fly1,1,9.5,9.899361004285429e-05,12
fly1,1,10.5,,0
fly1,2,0.5,-0.007465603026503231,1
fly1,2,1.5,-9.197037270207518e-05,8
fly1,2,2.5,0.0008764592707454545,16
fly1,2,3.5,0.0005287254555140376,20
fly1,2,4.5,0.00016214952084035432,24
fly1,2,5.5,-8.813248016647204e-05,40
fly1,2,6.5,0.0005348485000964418,36
fly1,2,7.5,-0.00011213851411622819,48
fly1,2,8.5,-0.0006247967761049393,20
fly1,2,9.5,0.0006272233017070812,12
fly1,2,10.5,,0
fly1,3,0.5,-0.0032973511595628226,1
fly1,3,1.5,-0.0002721506659637362,8
fly1,3,2.5,0.0006322144354583246,16
fly1,3,3.5,0.0004941884549689381,20
fly1,3,4.5,-0.00018997884581212663,24
fly1,3,5.5,2.716886403410191e-06,40
fly1,3,6.5,-0.00022426591694235684,36
fly1,3,7.5,8.377895560980678e-05,48
fly1,3,8.5,-0.0001482967781124041,20
fly1,3,9.5,0.0004599477078802272,12
fly1,3,10.5,,0
fly1,4,0.5,-0.0015703858050983399,1
fly1,4,1.5,0.0001676291104868691,8
fly1,4,2.5,0.00013666335363007168,16
fly1,4,3.5,0.0005904507932358282,20
fly1,4,4.5,-6.342759492654072e-06,24
fly1,4,5.5,-0.00010694872927344807,40
fly1,4,6.5,0.0002851774294390734,36
fly1,4,7.5,5.8165794365742425e-05,48
fly1,4,8.5,-0.0001462312384755226,20
fly1,4,9.5,-0.0004014514594359057,12
fly1,4,10.5,,0
fly2,1,0.5,-0.0388827497214758,1
fly2,1,1.5,-0.004676534824976113,8
fly2,1,2.5,0.00020532157843955608,16
fly2,1,3.5,0.00015319180721704977,20
fly2,1,4.5,0.0001426919879776215,24
fly2,1,5.5,-0.00023913215814392428,40
fly2,1,6.5,0.00024222178830542423,36
fly2,1,7.5,0.0007255984792647916,48
fly2,1,8.5,-4.4150732774833687e-05,20
fly2,1,9.5,0.00046130303878244946,12
fly2,1,10.5,,0
fly2,2,0.5,-0.007904154204273558,1
fly2,2,1.5,-0.0011358055392225097,8
fly2,2,2.5,-0.0001924299680959762,16
fly2,2,3.5,-0.0002593947564799314,20
fly2,2,4.5,-0.00018407959060268188,24
fly2,2,5.5,-0.00016573884519971666,40
fly2,2,6.5,3.231176589096768e-05,36
fly2,2,7.5,2.922153368907222e-05,48
fly2,2,8.5,4.753436946033519e-06,20
fly2,2,9.5,0.0002155239982149741,12
fly2,2,10.5,,0
fly2,3,0.5,-0.0010475021310109394,1
fly2,3,1.5,-4.876311901429685e-05,8
fly2,3,2.5,-0.0004767623075481593,16
fly2,3,3.5,-0.0004125934863642088,20
fly2,3,4.5,-0.0004535365605985026,24
fly2,3,5.5,-0.00023231213086241342,40
fly2,3,6.5,-0.00017188575083064634,36
fly2,3,7.5,0.00012453925690748875,48
fly2,3,8.5,0.0005295802127951603,20
fly2,3,9.5,-0.0003037750658268057,12
fly2,3,10.5,,0
fly2,4,0.5,-0.000879387601533684,1
fly2,4,1.5,-0.00016044405327588572,8
fly2,4,2.5,3.6862793374342474e-05,16
fly2,4,3.5,-0.00040920460997897383,20
fly2,4,4.5,1.531692395436122e-05,24
fly2,4,5.5,-0.00031948103271415624,40
fly2,4,6.5,3.905016011319879e-05,36
fly2,4,7.5,-1.1082988907077396e-05,48
fly2,4,8.5,0.00014926138669246684,20
fly2,4,9.5,-0.0007604624465765414,12
fly2,4,10.5,,0
fly3,1,0.5,-0.015902234427061478,1
fly3,1,1.5,-0.003210914395268397,8
fly3,1,2.5,-0.00020857072223572933,16
fly3,1,3.5,0.00015486018611822634,20
fly3,1,4.5,3.156076518002611e-05,24
fly3,1,5.5,0.00012226315402138316,40
fly3,1,6.5,0.0001126950945820625,36
fly3,1,7.5,-0.00019476068351782032,48
fly3,1,8.5,-0.00031315129244040036,20
fly3,1,9.5,0.00024841460989483605,12
fly3,1,10.5,,0
fly3,2,0.5,-0.005830712510942249,1
fly3,2,1.5,-0.0013250385265356499,8
fly3,2,2.5,-0.0005011296730775194,16
fly3,2,3.5,-8.978052606534962e-05,20
fly3,2,4.5,-6.136242761342431e-05,24
fly3,2,5.5,-0.00014348506260154905,40
fly3,2,6.5,0.0002562560188042612,36
fly3,2,7.5,7.839526204785607e-05,48
fly3,2,8.5,-0.00016369276511408068,20
fly3,2,9.5,5.218937978192662e-05,12
fly3,2,10.5,,0
fly3,3,0.5,-0.001346417692611399,1
fly3,3,1.5,-0.0003929796443829741,8
fly3,3,2.5,5.47869905912892e-06,16
fly3,3,3.5,5.370334307470594e-05,20
fly3,3,4.5,-0.00031180335209420387,24
fly3,3,5.5,-0.000420396166496001,40
fly3,3,6.5,0.00026710003325032696,36
fly3,3,7.5,5.389811469282323e-05,48
fly3,3,8.5,0.000633210704257898,20
fly3,3,9.5,-6.507431529076818e-05,12
fly3,3,10.5,,0
fly3,4,0.5,-0.00159426936727908,1
fly3,4,1.5,-0.00020596013987901363,8
fly3,4,2.5,-2.370845688908136e-05,16
fly3,4,3.5,0.00019427336930513675,20
fly3,4,4.5,0.0005421832902959216,24
fly3,4,5.5,-0.00028442688180333993,40
fly3,4,6.5,0.0002588491054381035,36
fly3,4,7.5,0.0002512808261936952,48
fly3,4,8.5,0.0002855708616660674,20
fly3,4,9.5,0.00011923609065440353,12
fly3,4,10.5,,0
fly4,1,0.5,-0.03583427085504809,1
fly4,1,1.5,-0.00583100253943425,8
fly4,1,2.5,-0.0017355849754735852,16
fly4,1,3.5,-0.0005131665652728229,20
fly4,1,4.5,-0.0007695611967690998,24
fly4,1,5.5,-0.0005593495350476315,40
fly4,1,6.5,0.0003089690782459109,36
fly4,1,7.5,0.00033202434489311173,48
fly4,1,8.5,-0.00039564678677486204,20
fly4,1,9.5,6.402649880470029e-05,12
fly4,1,10.5,,0
fly4,2,0.5,-0.007670616716495715,1
fly4,2,1.5,-0.0024233999534150684,8
fly4,2,2.5,-0.001947747371957617,16
fly4,2,3.5,-0.000473703332341488,20
fly4,2,4.5,-0.0006627445307429394,24
fly4,2,5.5,-0.0001834119288084823,40
fly4,2,6.5,0.0002553584649386919,36
fly4,2,7.5,0.0005134534859335492,48
fly4,2,8.5,5.8440319491681784e-05,20
fly4,2,9.5,-0.00026999726460679715,12
fly4,2,10.5,,0
fly4,3,0.5,-0.0013364736201803378,1
fly4,3,1.5,-0.0018302571721842908,8
fly4,3,2.5,-0.0018231283370788,16
fly4,3,3.5,-0.0006261997583603173,20
fly4,3,4.5,-0.0009325519899496329,24
fly4,3,5.5,-0.00030376618355506814,40
fly4,3,6.5,0.00015870950389712242,36
fly4,3,7.5,0.0006460591976516847,48
fly4,3,8.5,0.0004632206468078822,20
fly4,3,9.5,-0.0002956582475268392,12
fly4,3,10.5,,0
fly4,4,0.5,-0.001442210478974933,1
fly4,4,1.5,-0.0019128001994820508,8
fly4,4,2.5,-0.001323969732863772,16
fly4,4,3.5,-0.0006971682097842439,20
fly4,4,4.5,-0.0010199919875734135,24
fly4,4,5.5,-0.00026724877682048656,40
fly4,4,6.5,0.0005654090600004222,36
fly4,4,7.5,0.0007653382031484516,48
fly4,4,8.5,0.0007961039450532358,20
fly4,4,9.5,-0.0002933727218879492,12
fly4,4,10.5,,0
fly5,1,0.5,-0.03374017197197447,1
fly5,1,1.5,-0.005725656251703085,8
fly5,1,2.5,0.0008809445712845537,16
fly5,1,3.5,0.0006993861192696887,20
fly5,1,4.5,-8.090512477184679e-06,24
fly5,1,5.5,0.00010371877441220647,40
fly5,1,6.5,6.35659569673649e-05,36
fly5,1,7.5,0.0001293936872472443,48
fly5,1,8.5,0.00012880181077737167,20
fly5,1,9.5,-3.5645378411491874e-05,12
fly5,1,10.5,,0
fly5,2,0.5,-0.011437123706539,1
fly5,2,1.5,-0.0019417384070828207,8
fly5,2,2.5,-1.777004311107445e-05,16
fly5,2,3.5,0.0002111470155237302,20
fly5,2,4.5,0.0002341394065293409,24
fly5,2,5.5,0.0002671469038234683,40
fly5,2,6.5,0.0003047169821714455,36
fly5,2,7.5,9.629003542896062e-05,48
fly5,2,8.5,1.9468951647360026e-05,20
fly5,2,9.5,0.00014699054669859853,12
fly5,2,10.5,,0
fly5,3,0.5,-0.007112926979417629,1
fly5,3,1.5,-0.0015184702299539782,8
fly5,3,2.5,-6.739749648524101e-05,16
fly5,3,3.5,0.00046961008645699946,20
fly5,3,4.5,-0.00015473558504103293,24
fly5,3,5.5,0.0001011005204367536,40
fly5,3,6.5,-4.3809121840139134e-05,36
fly5,3,7.5,-0.00016451827891912738,48
fly5,3,8.5,-0.00018393943896931865,20
fly5,3,9.5,0.00015325677386121708,12
fly5,3,10.5,,0
fly5,4,0.5,-0.0038855249277216703,1
fly5,4,1.5,-0.0010042869468209253,8
fly5,4,2.5,-3.801050631915766e-05,16
fly5,4,3.5,0.00013757344935763676,20
fly5,4,4.5,-1.3659410420998117e-05,24
fly5,4,5.5,-9.269615346662462e-05,40
fly5,4,6.5,-2.6194656805805815e-05,36
fly5,4,7.5,-0.00021257295029729914,48
fly5,4,8.5,0.00010532464806258161,20
fly5,4,9.5,2.156026171216876e-05,12
fly5,4,10.5,,0
