temporal_bin,zone,fly1,fly2,fly3,fly4,fly5,mean,sd_between_flies,minimum,maximum,negative_flies,positive_flies,cross_fly_cancellation
0,center,-0.0012529257223818132,-0.0026912826097279007,-0.0018264659901784024,-0.0039517569607451205,-0.0038249156186149786,-0.0027094693803296427,0.0011925858371738905,-0.0039517569607451205,-0.0012529257223818132,5,0,0.0
0,surround,0.0001246198438745949,-0.00021719191389514778,-3.0117345298461075e-05,-0.0005749880350589581,0.0001299247291122375,-0.00011355054425314691,0.0002943775350767756,-0.0005749880350589581,0.0001299247291122375,3,2,0.4727612859990018
1,center,-0.0034666722876832597,-0.008477225369031633,-0.004621061065467629,-0.009164699018946898,-0.008838380220622128,-0.00691360759235031,0.002662432882040263,-0.009164699018946898,-0.0034666722876832597,5,0,0.0
1,surround,0.0002253356837426587,-4.000562156484995e-05,0.00010594012790966628,-0.0006392707980924331,0.00019443426138237953,-3.071326932451572e-05,0.0003554417116617451,-0.0006392707980924331,0.0002253356837426587,2,3,0.8725576198953855
2,center,-0.0009112628897910923,-0.001887844279783737,-0.0018256689692474942,-0.003006424038201807,-0.002996781218133507,-0.0021255962790315275,0.000888243874728082,-0.003006424038201807,-0.0009112628897910923,5,0,0.0
2,surround,0.00014916482936275935,-0.00017470289047157264,-5.800817025204694e-05,-0.0004228734336059353,0.0002500919132708767,-5.126555033918376e-05,0.0002666286353475551,-0.0004228734336059353,0.0002500919132708767,3,2,0.7569987380907981
3,center,-0.0006082840541414124,-0.00015973412034725712,-0.0004989172052972436,-0.0017753923330727406,-0.002140076535449939,-0.0010364808496617184,0.0008667360631713282,-0.002140076535449939,-0.00015973412034725712,5,0,0.0
3,surround,6.461547734693519e-05,-0.00034774757897601435,-0.0002350135994509341,-0.0006011003887658365,0.00011942501076622389,-0.0001999642158159252,0.0002983246985500441,-0.0006011003887658365,0.00011942501076622389,3,2,0.2690843067298361
4,center,-2.5483657911487486e-05,-0.0002403266697489744,-0.0003602167207012432,-0.0018605124527590377,-0.0013244245002543415,-0.0007621928002750168,0.0007904239259213997,-0.0018605124527590377,-2.5483657911487486e-05,5,0,0.0
4,surround,5.9363385046026436e-05,-0.00030631156456815425,6.66122605994704e-05,-0.000636707519771627,-4.4252268970530204e-05,-0.00017225914153296294,0.00030032342947599645,-0.000636707519771627,6.66122605994704e-05,3,2,0.22632110531383975
