heldout_fly,roi_id,mode,pearson_r,r2,mse,normalized_mse,few_shot_train_frames,source_fly_count,selected_alpha
fly1,Mean1,zero_shot,-0.052677359253534194,-0.3523534370464585,1.3080605945954051,1.3080605906646472,0,4,1.0
fly1,Mean2,zero_shot,0.01416661258372025,-0.6802340800088895,2.2494213396116147,2.2494213425042973,0,4,1.0
fly1,Mean3,zero_shot,-0.027831643441865585,-0.026515540704459273,1.0127538302891734,1.0127538313459858,0,4,1.0
fly1,Mean4,zero_shot,0.04830498339269874,-0.0831732253221995,1.138243533779534,1.1382435346307958,0,4,1.0
fly1,Mean5,zero_shot,0.07842587091359658,-0.05629482846006928,1.1907200691489523,1.1907200684966548,0,4,1.0
fly1,Mean6,zero_shot,0.0452002978680937,-0.24854322655791972,1.487231202771276,1.487231202276263,0,4,1.0
fly1,Mean7,zero_shot,0.06273715977257699,-0.8608856402636083,2.3482620248005532,2.348262019366689,0,4,1.0
fly1,Mean8,zero_shot,0.0600115750097806,-0.29126305841300715,1.203397908471512,1.2033979080061974,0,4,1.0
fly1,Mean9,zero_shot,-0.004071896541627468,-0.19883648108237528,0.6434720934469973,0.6434720932104588,0,4,1.0
fly1,Mean10,zero_shot,0.009961638038951375,-0.01740326817674842,0.8934802592095543,0.8934802595739546,0,4,1.0
fly1,Mean11,zero_shot,0.039414495249506444,-0.5080855337078061,0.8390782121647664,0.8390782112876874,0,4,1.0
fly1,Mean12,zero_shot,0.02635250442011792,-0.39844072781589146,0.8737159945948486,0.8737159939650276,0,4,1.0
fly1,Mean13,zero_shot,0.02768745534674831,-0.7731560955786518,0.9054648384802033,0.9054648409859026,0,4,1.0
fly1,Mean14,zero_shot,0.06704555959723617,-3.0250145530747625,1.1470888127304988,1.1470888185435284,0,4,1.0
fly1,Mean15,zero_shot,0.05192911293442865,-1.0207959711830954,0.7179963914019709,0.717996395517075,0,4,1.0
fly1,Mean16,zero_shot,0.0412633752797527,-0.7643030238876998,0.8456708221107004,0.8456708231879375,0,4,1.0
fly1,Mean17,zero_shot,-0.024007710723572113,-1.4753901042712108,0.8031945908739467,0.8031945899998499,0,4,1.0
fly1,Mean18,zero_shot,0.009468640918719799,-3.1000233709496996,1.2618411649391652,1.261841160671014,0,4,1.0
fly1,Mean19,zero_shot,0.009280873903900744,-10.725379363271989,1.5625439572480473,1.5625439584272205,0,4,1.0
fly1,Mean20,zero_shot,-0.010974951477419,-5.024634991594576,1.5122554125523588,1.512255412994941,0,4,1.0
fly1,Mean21,zero_shot,0.04750445804817388,-2.2387628559725834,1.3188889099323209,1.3188889090129354,0,4,1.0
fly1,Mean22,zero_shot,0.01826475316489718,-2.0059236290812588,1.3234336959216262,1.3234336935978104,0,4,1.0
fly1,Mean23,zero_shot,-0.024579128847683727,-1.2126254820377458,1.3068823176936557,1.3068823223989672,0,4,1.0
fly1,Mean24,zero_shot,0.023852168178881226,-3.203329336204715,2.0275099882957415,2.0275099883770977,0,4,1.0
fly1,Mean25,zero_shot,0.01264860070851048,-3.1625992488454893,1.7185397564113918,1.718539751719945,0,4,1.0
fly1,Mean26,zero_shot,0.0013293566869582826,-1.6609427328904207,1.818947871663684,1.8189478763817035,0,4,1.0
fly1,Mean27,zero_shot,-0.0069252320167022385,-2.1595471234703236,1.8164924958124917,1.8164925010056516,0,4,1.0
fly1,Mean28,zero_shot,0.01383202526098619,-0.022036991363392877,0.9025404709988579,0.9025404712535733,0,4,1.0
fly1,Mean29,zero_shot,-0.013830915378106878,-0.018171805415713838,1.0514653737848307,1.0514653744505162,0,4,1.0
fly1,Mean30,zero_shot,0.009739406540977606,-0.016045492121638416,0.9412020469017466,0.941202045670845,0,4,1.0
fly1,Mean31,zero_shot,-0.0032861376779180847,-0.048106267293034355,1.2462225627065013,1.2462225645269636,0,4,1.0
fly1,Mean32,zero_shot,-0.011254508288526477,-0.05442391677104519,1.1451994752470425,1.1451994721549315,0,4,1.0
fly1,Mean33,zero_shot,-0.035968575594057,-0.023969061839298256,1.141892331065724,1.1418923251801805,0,4,1.0
fly1,Mean34,zero_shot,-0.011437183382962875,-0.05258899574537934,1.081501619473015,1.0815016199354357,0,4,1.0
fly1,Mean35,zero_shot,0.03968232963548535,-0.14839924032616403,1.3018824857124822,1.3018824845094323,0,4,1.0
fly1,Mean36,zero_shot,-0.018671210726917797,-0.2766567477701365,1.6549932527796287,1.6549932597170929,0,4,1.0
fly1,Mean37,zero_shot,-0.036775118525889494,-0.0342041334380947,1.1714652148878604,1.1714652387400932,0,4,1.0
fly1,Mean38,zero_shot,0.003339031655224613,-0.05793885856771608,1.2791386062038406,1.2791385872878744,0,4,1.0
fly1,Mean39,zero_shot,0.014836573269955213,-0.014499341798040355,1.0024116053095937,1.0024116150746052,0,4,1.0
fly1,Mean40,zero_shot,0.003411180847922765,-0.09964138250075072,1.2879652282278666,1.2879652295208242,0,4,1.0
fly1,Mean41,zero_shot,-0.033856356178547785,-0.07680395877448398,1.320617230513368,1.3206172224847115,0,4,1.0
fly1,Mean42,zero_shot,-0.02261019014478286,-0.10462068089104037,1.4089563998029455,1.4089564275788884,0,4,1.0
fly1,Mean1,few_shot_readout,-0.05267735925353413,-0.3601781382586515,1.3156290179378314,1.3156290139843303,967,4,1.0
fly1,Mean2,few_shot_readout,0.014166612583720166,-1.2014470660196728,2.947197695397198,2.9471976991871984,967,4,1.0
fly1,Mean3,few_shot_readout,0.027831643441865523,-0.00445673735005192,0.9909907524760109,0.9909907535101135,967,4,1.0
fly1,Mean4,few_shot_readout,0.048304983392698786,-0.12417152548791122,1.181326254962651,1.1813262558461333,967,4,1.0
fly1,Mean5,few_shot_readout,0.0784258709135965,0.002835354207772256,1.1240649144534713,1.1240649138376886,967,4,1.0
fly1,Mean6,few_shot_readout,0.04520029786809368,-0.23288470128847827,1.46857918746677,1.4685791869779652,967,4,1.0
fly1,Mean7,few_shot_readout,0.06273715977257678,-1.3444900625700678,2.9585251572340963,2.958525150388087,967,4,1.0
fly1,Mean8,few_shot_readout,0.06001157500978039,-0.57101206935749,1.4641111477097777,1.4641111471436536,967,4,1.0
fly1,Mean9,few_shot_readout,0.004071896541627478,-0.9575557699076969,1.0507125276705702,1.0507125272843314,967,4,1.0
fly1,Mean10,few_shot_readout,-0.00996163803895138,-0.17705818790297667,1.0336886932916525,1.033688693713236,967,4,1.0
fly1,Mean11,few_shot_readout,-0.039414495249506507,-3.6802655506575803,2.6040358871733544,2.604035884451385,967,4,1.0
fly1,Mean12,few_shot_readout,-0.026352504420117905,-2.1220933286941936,1.9506174438714678,1.950617442465359,967,4,1.0
fly1,Mean13,few_shot_readout,-0.027687455346748317,-2.637340246236079,1.8574132907801888,1.8574132959202219,967,4,1.0
fly1,Mean14,few_shot_readout,-0.06704555959723597,-16.7530095745097,5.059429824834041,5.0594298504733946,967,4,1.0
fly1,Mean15,few_shot_readout,-0.05192911293442869,-12.14075687171278,4.668960225933449,4.668960252692994,967,4,1.0
fly1,Mean16,few_shot_readout,-0.04126337527975256,-3.9851722783811825,2.3895071775892567,2.3895071806330717,967,4,1.0
fly1,Mean17,few_shot_readout,0.024007710723572082,-9.422142719552278,3.381692705007082,3.3816927013268696,967,4,1.0
fly1,Mean18,few_shot_readout,0.009468640918720067,-10.699321793068911,3.600634558564655,3.6006345463855842,967,4,1.0
fly1,Mean19,few_shot_readout,0.00928087390390071,-24.409135456806624,3.3860645218263645,3.3860645243816565,967,4,1.0
fly1,Mean20,few_shot_readout,-0.010974951477419066,-8.760761879513975,2.450067930011296,2.450067930728342,967,4,1.0
fly1,Mean21,few_shot_readout,0.047504458048174006,-1.9595231029897908,1.2051769063683393,1.2051769055282215,967,4,1.0
fly1,Mean22,few_shot_readout,0.018264753164897167,-1.239674176388057,0.986073047312721,0.9860730455812764,967,4,1.0
fly1,Mean23,few_shot_readout,-0.02457912884768356,-0.7232379562434561,1.017826664510369,1.017826668174962,967,4,1.0
fly1,Mean24,few_shot_readout,0.023852168178881406,-0.7129072507690295,0.8262347016315885,0.8262347016647422,967,4,1.0
fly1,Mean25,few_shot_readout,0.012648600708510503,-2.8590357242905147,1.5932127781564513,1.593212773807135,967,4,1.0
fly1,Mean26,few_shot_readout,0.0013293566869582076,-0.912701791712452,1.3074707734816746,1.3074707768730158,967,4,1.0
fly1,Mean27,few_shot_readout,-0.00692523201670227,-0.36834304084972924,0.7866902338429784,0.7866902360920426,967,4,1.0
fly1,Mean28,few_shot_readout,0.013832025260986138,-0.7547624173642693,1.5495956722137174,1.549595672651045,967,4,1.0
fly1,Mean29,few_shot_readout,-0.013830915378106773,-0.5978158987049571,1.6500634590693648,1.6500634601140245,967,4,1.0
fly1,Mean30,few_shot_readout,0.009739406540977573,-0.05852963183832305,0.9805567407341134,0.9805567394517438,967,4,1.0
fly1,Mean31,few_shot_readout,-0.0032861376779181623,-0.06244026337487529,1.2632660151582007,1.26326601700356,967,4,1.0
fly1,Mean32,few_shot_readout,-0.011254508288526484,-0.0793505967160626,1.1722720978788403,1.1722720947136316,967,4,1.0
fly1,Mean33,few_shot_readout,0.035968575594057035,-0.01627444662842037,1.13331158148329,1.1333115756419732,967,4,1.0
fly1,Mean34,few_shot_readout,-0.011437183382962915,-0.014364658933162744,1.0422273326119595,1.0422273330575877,967,4,1.0
fly1,Mean35,few_shot_readout,0.039682329635485285,-0.16612276545073312,1.3219747551380594,1.3219747539164426,967,4,1.0
fly1,Mean36,few_shot_readout,-0.01867121072691769,-0.8162746651515558,2.354526634720474,2.354526644590269,967,4,1.0
fly1,Mean37,few_shot_readout,-0.03677511852588961,-0.011729771060847494,1.1460080223467657,1.146008045680664,967,4,1.0
fly1,Mean38,few_shot_readout,-0.0033390316552246438,-0.024992104372763224,1.239303161179231,1.2393031428523533,967,4,1.0
fly1,Mean39,few_shot_readout,0.014836573269955237,-0.012884861389588442,1.0008163613983372,1.0008163711478084,967,4,1.0
fly1,Mean40,few_shot_readout,-0.0034111808479227192,-0.057272408964532895,1.2383401726972578,1.2383401739403979,967,4,1.0
fly1,Mean41,few_shot_readout,-0.033856356178547854,-0.12924266789965144,1.3849292738080363,1.3849292653883964,967,4,1.0
fly1,Mean42,few_shot_readout,-0.02261019014478284,-0.22670614295535962,1.5646778126590475,1.5646778435048576,967,4,1.0
fly2,Mean1,zero_shot,-0.02188827798940537,-0.016894863112043357,1.024921859012768,1.0249218447919026,0,4,1.0
fly2,Mean2,zero_shot,-0.008283299016986592,-0.13687757117058896,1.3258484856405957,1.3258484851354673,0,4,1.0
fly2,Mean3,zero_shot,-0.03110874080004854,-2.3540017871493797,1.7679287316418495,1.7679287314796293,0,4,1.0
fly2,Mean4,zero_shot,-0.026965181586058578,-11.813022129500267,8.881621868081744,8.881621838611512,0,4,1.0
fly2,Mean5,zero_shot,-0.01621207837538685,-1.2706759142618647,1.3673176797698077,1.3673176783699252,0,4,1.0
fly2,Mean6,zero_shot,-0.05137831394324206,-17.0047877722412,6.994580061371489,6.9945800485046075,0,4,1.0
fly2,Mean7,zero_shot,-0.03390681453820805,-9.059199077137771,5.449460124008713,5.449460135110605,0,4,1.0
fly2,Mean8,zero_shot,-0.04616673478129428,-10.31309904316056,7.595245793358246,7.5952457936338424,0,4,1.0
fly2,Mean9,zero_shot,-0.011153846310407086,-3.4247325753542626,1.5420509433284721,1.5420509490296301,0,4,1.0
fly2,Mean10,zero_shot,-0.02349491385486021,-9.215730312521725,5.132825444775736,5.132825450072993,0,4,1.0
fly2,Mean11,zero_shot,-0.021917122519141484,-2.5691331294703206,2.446527200522112,2.4465272003424925,0,4,1.0
fly2,Mean12,zero_shot,0.024009398573356225,-2.180085728989911,2.0708365055434013,2.0708365018896098,0,4,1.0
fly2,Mean13,zero_shot,-0.008071452116666461,-4.723942027891113,3.740766921128311,3.740766911342315,0,4,1.0
fly2,Mean14,zero_shot,0.00930296100048485,-14.81568294037389,4.953150088672303,4.953150079601075,0,4,1.0
fly2,Mean15,zero_shot,0.03530726823061624,-6.995770097809265,3.6166964123558887,3.616696416165373,0,4,1.0
fly2,Mean16,zero_shot,-0.031340936414546015,-8.390430902143704,4.953712306345201,4.953712316034936,0,4,1.0
fly2,Mean17,zero_shot,0.0026048118469966376,-7.015931118248229,2.951767328270271,2.951767327541661,0,4,1.0
fly2,Mean18,zero_shot,-0.012303011810189689,-6.40431864094514,4.362245608850067,4.36224560323545,0,4,1.0
fly2,Mean19,zero_shot,-0.011635396605013308,-0.21772301412343675,1.1741637711409612,1.174163770440392,0,4,1.0
fly2,Mean20,zero_shot,-0.03163712057126001,-13.158104859862341,3.9673334618509855,3.9673334565748304,0,4,1.0
fly2,Mean21,zero_shot,-0.07687793353643159,-17.15698826703614,7.4405798839417505,7.440579952672911,0,4,1.0
fly2,Mean22,zero_shot,-0.06556629011407641,-1.1005837572343986,1.961723108802686,1.9617231071206487,0,4,1.0
fly2,Mean23,zero_shot,-0.05534920207910065,-3.9940774111469297,3.1264831093388166,3.126483108478304,0,4,1.0
fly2,Mean24,zero_shot,-0.05200911937912374,-0.041983572983979256,1.106315276046628,1.1063152777152925,0,4,1.0
fly2,Mean25,zero_shot,-0.09028446896791172,-11.058731213538863,3.538975496030338,3.5389754946001473,0,4,1.0
fly2,Mean26,zero_shot,-0.03810085575516568,-0.027943611259649614,0.8627476612982855,0.862747647450859,0,4,1.0
fly2,Mean27,zero_shot,0.008204327386160294,-5.650637328146155,2.782239458673855,2.7822394629169804,0,4,1.0
fly2,Mean28,zero_shot,-0.03478077479981828,-3.3789566853944644,2.3558655351877293,2.3558655407411893,0,4,1.0
fly2,Mean29,zero_shot,-0.04307524295660766,-3.609453196153825,2.7888231021708543,2.7888231026142463,0,4,1.0
fly2,Mean30,zero_shot,-0.017895096482875177,-0.05200116091879048,1.301733399706156,1.301733396656822,0,4,1.0
fly2,Mean31,zero_shot,0.005851196035873926,-0.5553154114343162,1.09116724105527,1.0911672416575358,0,4,1.0
fly2,Mean32,zero_shot,0.02009872940150607,-0.035342835496116054,1.522575623420203,1.5225756272745608,0,4,1.0
fly2,Mean33,zero_shot,0.02457860671166097,-14.649365621239284,3.3364812126693653,3.3364812159444655,0,4,1.0
fly2,Mean34,zero_shot,0.04830932316721469,-0.2195957787890872,0.8590843346417447,0.859084336734881,0,4,1.0
fly2,Mean35,zero_shot,0.08397975105426791,-2.25106928722912,6.269374574331443,6.2693746149549785,0,4,1.0
fly2,Mean36,zero_shot,0.02850216678267995,-0.533619626953951,8.420374476591004,8.420374464239986,0,4,1.0
fly2,Mean37,zero_shot,0.010762393833229605,-24.86495230273899,4.021839231575147,4.0218392275860655,0,4,1.0
fly2,Mean38,zero_shot,0.0008302449819348851,-12.93831869495592,5.941928879700057,5.941928891005907,0,4,1.0
fly2,Mean39,zero_shot,-0.02855967538033052,-0.1208643808226122,1.0615747881991506,1.0615747831134692,0,4,1.0
fly2,Mean40,zero_shot,-0.025867420394387844,-1.1711504414176077,1.1004740133545432,1.100474015425656,0,4,1.0
fly2,Mean41,zero_shot,-0.05028587769885354,-0.44682916495246094,1.484259386648615,1.4842593776914337,0,4,1.0
fly2,Mean42,zero_shot,-0.03568209156845081,-1.9103716632773442,3.0192226379980904,3.019222653326575,0,4,1.0
fly2,Mean43,zero_shot,0.022092290147351208,-0.24447608735254467,1.5918364697910654,1.591836474930775,0,4,1.0
fly2,Mean44,zero_shot,0.02620596485643524,-0.08202418648633758,1.6790942277903456,1.6790942294448,0,4,1.0
fly2,Mean45,zero_shot,0.02766765395496789,-0.010795158002391059,2.5292356553943383,2.5292356434001366,0,4,1.0
fly2,Mean46,zero_shot,0.004805444781033311,-0.4276803733734409,1.700690057559705,1.7006900602281068,0,4,1.0
fly2,Mean47,zero_shot,-0.049373243307629655,-4.462146855399171,2.053265125385015,2.0532651253296397,0,4,1.0
fly2,Mean48,zero_shot,0.005127090996836015,-0.15853399123033673,0.9258322253891937,0.9258322244644245,0,4,1.0
fly2,Mean49,zero_shot,-0.0006698060523799938,-0.028185053948260874,0.8420969332506058,0.8420969463087599,0,4,1.0
fly2,Mean50,zero_shot,-0.023845145294872302,-0.029430956796352437,0.8219866177443491,0.8219866362764464,0,4,1.0
fly2,Mean1,few_shot_readout,-0.02188827798940526,-0.05644298522907021,1.0647821595325289,1.064782144758599,967,4,1.0
fly2,Mean2,few_shot_readout,0.008283299016986514,-1.93530210393932,3.4232057594367307,3.4232057581325406,967,4,1.0
fly2,Mean3,few_shot_readout,0.031108740800048572,-0.10862256950707216,0.5843663234431288,0.5843663233895089,967,4,1.0
fly2,Mean4,few_shot_readout,0.02696518158605855,-10.677397746078455,8.094439402010456,8.094439375152186,967,4,1.0
fly2,Mean5,few_shot_readout,-0.016212078375386834,-1.133006098073508,1.2844179702768346,1.2844179689618263,967,4,1.0
fly2,Mean6,few_shot_readout,0.051378313943242035,-7.963305538240279,3.48210481538778,3.4821048089822733,967,4,1.0
fly2,Mean7,few_shot_readout,0.033906814538208006,-4.825748271739089,3.1560348548532886,3.1560348612829086,967,4,1.0
fly2,Mean8,few_shot_readout,0.04616673478129427,-12.528785018532341,9.082785106825082,9.082785107154654,967,4,1.0
fly2,Mean9,few_shot_readout,0.011153846310407129,-0.06769987946392231,0.37210104300760277,0.37210104438330754,967,4,1.0
fly2,Mean10,few_shot_readout,0.023494913854860154,-4.962354247038005,2.9957450572526807,2.995745060344395,967,4,1.0
fly2,Mean11,few_shot_readout,0.02191712251914147,-2.1996020396405984,2.193225395878819,2.1932253957177963,967,4,1.0
fly2,Mean12,few_shot_readout,-0.02400939857335617,-1.5383445231586221,1.6529417601180993,1.6529417572016427,967,4,1.0
fly2,Mean13,few_shot_readout,0.008071452116666501,-7.5677743980477015,5.599296236708246,5.5992962220602625,967,4,1.0
fly2,Mean14,few_shot_readout,0.009302961000484857,-19.412108395671694,6.392657015898662,6.392657004191112,967,4,1.0
fly2,Mean15,few_shot_readout,0.03530726823061615,-11.802599086195842,5.790951167613201,5.790951173712839,967,4,1.0
fly2,Mean16,few_shot_readout,-0.031340936414546064,-11.050555730060893,6.357001807518097,6.357001819952744,967,4,1.0
fly2,Mean17,few_shot_readout,-0.0026048118469966363,-7.0995154286883615,2.982546215098717,2.9825462143625097,967,4,1.0
fly2,Mean18,few_shot_readout,-0.01230301181018962,-7.857847484401059,5.218590415465945,5.218590408749132,967,4,1.0
fly2,Mean19,few_shot_readout,-0.011635396605013325,-0.07744792025791658,1.0389064660724083,1.038906465452541,967,4,1.0
fly2,Mean20,few_shot_readout,-0.031637120571260016,-20.478438746686454,6.0186112189081795,6.018611210904031,967,4,1.0
fly2,Mean21,few_shot_readout,-0.07687793353643144,-16.441095696166713,7.1472131766698785,7.147213242691111,967,4,1.0
fly2,Mean22,few_shot_readout,-0.06556629011407597,-1.0724215256995224,1.9354225624868584,1.9354225608273719,967,4,1.0
fly2,Mean23,few_shot_readout,-0.05534920207910052,-2.0475439730600167,1.9078788677709437,1.9078788672458318,967,4,1.0
fly2,Mean24,few_shot_readout,-0.05200911937912342,-0.34295544339541717,1.4258690449635008,1.4258690471141509,967,4,1.0
fly2,Mean25,few_shot_readout,-0.0902844689679121,-2.6315757917616813,1.065788556974551,1.0657885565438387,967,4,1.0
fly2,Mean26,few_shot_readout,-0.038100855755165655,-0.4339616518539282,1.2035164652780845,1.2035164459611898,967,4,1.0
fly2,Mean27,few_shot_readout,0.008204327386160202,-9.224562981852438,4.277361878599901,4.277361885123201,967,4,1.0
fly2,Mean28,few_shot_readout,-0.03478077479981843,-0.4600891861533114,0.7855235936523145,0.785523595504022,967,4,1.0
fly2,Mean29,few_shot_readout,-0.04307524295660759,-5.500538343000739,3.932972249861394,3.932972250486693,967,4,1.0
fly2,Mean30,few_shot_readout,-0.017895096482875225,-0.1265368581629458,1.393962961970482,1.3939629587050988,967,4,1.0
fly2,Mean31,few_shot_readout,0.005851196035873923,-0.04676754237076475,0.7343838059069795,0.7343838063123199,967,4,1.0
fly2,Mean32,few_shot_readout,0.020098729401506088,-0.016408674522581546,1.4947310380714247,1.4947310418552946,967,4,1.0
fly2,Mean33,few_shot_readout,0.024578606711660934,-24.923331932161165,5.526914767973716,5.526914773398953,967,4,1.0
fly2,Mean34,few_shot_readout,0.04830932316721461,-0.21359222899193475,0.8548554289070133,0.8548554309898461,967,4,1.0
fly2,Mean35,few_shot_readout,0.0839797510542678,-1.0915403258611747,4.033334445270723,4.033334471405436,967,4,1.0
fly2,Mean36,few_shot_readout,0.028502166782679847,-0.17795748218703777,6.467603141737154,6.4676031322504635,967,4,1.0
fly2,Mean37,few_shot_readout,0.010762393833229597,-49.10928698710069,7.79168250194833,7.791682494220112,967,4,1.0
fly2,Mean38,few_shot_readout,0.0008302449819348167,-20.60558915394932,9.210499269416497,9.210499286941534,967,4,1.0
fly2,Mean39,few_shot_readout,-0.028559675380330416,-0.3161944780888646,1.2465726435883635,1.2465726376164137,967,4,1.0
fly2,Mean40,few_shot_readout,-0.025867420394387833,-4.506635313323637,2.7911050969717346,2.791105102224647,967,4,1.0
fly2,Mean41,few_shot_readout,-0.05028587769885357,-1.0986330406938114,2.152925767074278,2.1529257540818416,967,4,1.0
fly2,Mean42,few_shot_readout,-0.03568209156845074,-0.03325444242381925,1.0718992500995927,1.0718992555415867,967,4,1.0
fly2,Mean43,few_shot_readout,-0.022092290147350944,-0.43962085520568417,1.8414503928824928,1.8414503988281539,967,4,1.0
fly2,Mean44,few_shot_readout,-0.026205964856435216,-0.3966353300585348,2.167310444921335,2.1673104470568414,967,4,1.0
fly2,Mean45,few_shot_readout,-0.027667653954967786,-0.16482632540795872,2.9146561014262478,2.9146560876042957,967,4,1.0
fly2,Mean46,few_shot_readout,-0.004805444781033333,-0.48692480655445247,1.77126356991992,1.7712635726990522,967,4,1.0
fly2,Mean47,few_shot_readout,0.049373243307629676,-3.3755056491096935,1.644787918208674,1.6447879181643152,967,4,1.0
fly2,Mean48,few_shot_readout,-0.00512709099683599,-0.7245049991724819,1.3781229667530888,1.378122965376548,967,4,1.0
fly2,Mean49,few_shot_readout,0.0006698060523799905,-0.3849556932085312,1.13429672748147,1.1342967450706818,967,4,1.0
fly2,Mean50,few_shot_readout,0.023845145294872284,-0.1378302070140498,0.9085419447084433,0.9085419651919735,967,4,1.0
fly3,Mean1,zero_shot,0.0018580978896264727,-0.021627560580691485,1.0677047881099975,1.0677047697168056,0,4,1.0
fly3,Mean2,zero_shot,-0.0027383439606817116,-0.05269793263839051,1.2473992299960908,1.2473992603783408,0,4,1.0
fly3,Mean3,zero_shot,-0.02198596764709013,-0.03633185436038766,0.7267967238927752,0.7267967213057532,0,4,1.0
fly3,Mean4,zero_shot,0.006527447180872085,-0.4563580310921622,0.6128635001175159,0.6128635010937844,0,4,1.0
fly3,Mean5,zero_shot,0.0800519438363884,-1.1497590917174305,0.6489293612217553,0.6489293619586032,0,4,1.0
fly3,Mean6,zero_shot,0.037158901591334954,-0.21099086618349672,0.6957649689763558,0.6957649822384362,0,4,1.0
fly3,Mean7,zero_shot,0.06519742271414217,-1.6390290220386126,0.5268182705515766,0.5268182691578933,0,4,1.0
fly3,Mean8,zero_shot,0.0810274318450863,-2.3405628871831348,1.3681181448323907,1.3681181421248332,0,4,1.0
fly3,Mean9,zero_shot,0.10864553211336135,-1.0437754410477056,1.237169795745988,1.2371697958505128,0,4,1.0
fly3,Mean10,zero_shot,0.07732812444774183,-2.2012353301239878,0.9802570587461952,0.980257057958911,0,4,1.0
fly3,Mean11,zero_shot,0.12925577921533837,0.005566560679705956,0.8109144521231421,0.8109144500243435,0,4,1.0
fly3,Mean12,zero_shot,0.09681711720671848,-0.2105999641852776,1.5448434034477583,1.5448434054845577,0,4,1.0
fly3,Mean13,zero_shot,0.14029704642228277,-0.018573642754895703,0.5872756702045193,0.5872756716760497,0,4,1.0
fly3,Mean14,zero_shot,0.16782758048849208,0.01787033691446216,1.1587174113218062,1.1587174109436682,0,4,1.0
fly3,Mean15,zero_shot,0.16303746147632953,-0.032771174841942585,1.095576951351356,1.0955769551646182,0,4,1.0
fly3,Mean16,zero_shot,0.13390268099883648,-0.16209915542978837,1.5834605722616857,1.583460573425636,0,4,1.0
fly3,Mean17,zero_shot,0.07447506296671041,-0.35652813343847223,2.2438831714824996,2.243883177381574,0,4,1.0
fly3,Mean18,zero_shot,0.16655145494740906,-0.022610974998671596,0.9539370489643738,0.9539370476803454,0,4,1.0
fly3,Mean19,zero_shot,0.12393742191999715,-0.855118104524025,0.9224586824437562,0.9224586819498694,0,4,1.0
fly3,Mean20,zero_shot,0.07315633417284066,-0.3088110379697768,0.6893233007476111,0.6893232993408452,0,4,1.0
fly3,Mean21,zero_shot,0.06908729575748979,-0.2625120658349962,0.9106838404284775,0.9106838411692222,0,4,1.0
fly3,Mean22,zero_shot,0.03279231362161625,-2.328608429532655,1.9146730689218305,1.9146730672927832,0,4,1.0
fly3,Mean23,zero_shot,0.06944875968276455,-0.7545385275267662,2.292106878247836,2.2921068780937017,0,4,1.0
fly3,Mean24,zero_shot,0.05352278376573568,-0.45656252465737857,2.190432028282032,2.1904320240503603,0,4,1.0
fly3,Mean25,zero_shot,0.07965094310839903,-0.29791299449203223,1.0729168168933658,1.0729168176334354,0,4,1.0
fly3,Mean26,zero_shot,0.054635868193472374,-0.004946477859537168,0.6197666742627471,0.6197666747628626,0,4,1.0
fly3,Mean27,zero_shot,0.05277773615067778,-0.4290510591201009,1.647498476029367,1.6474984709201093,0,4,1.0
fly3,Mean28,zero_shot,0.07860880636896696,-0.23186975175114344,1.0788577076314476,1.078857711106435,0,4,1.0
fly3,Mean29,zero_shot,0.07839247120244938,-0.958953186188831,1.0793026688172893,1.0793026708477667,0,4,1.0
fly3,Mean30,zero_shot,0.08570246587315046,-0.4396123566213179,1.0073072989065834,1.0073073015446552,0,4,1.0
fly3,Mean31,zero_shot,0.039286326281255654,-0.5279050298778558,1.1685189324931895,1.1685189326662677,0,4,1.0
fly3,Mean32,zero_shot,-0.03689808844972637,-0.16305390934209707,1.1408982566549655,1.1408982656739377,0,4,1.0
fly3,Mean33,zero_shot,0.023252907632696905,-0.7475272930131351,1.8872054301281875,1.8872054372985754,0,4,1.0
fly3,Mean34,zero_shot,0.0733933321298729,0.003611569237583434,0.9859759228930536,0.9859759216043451,0,4,1.0
fly3,Mean35,zero_shot,0.1336103991996621,-0.16821033179027167,1.2116615211283586,1.2116615245045232,0,4,1.0
fly3,Mean36,zero_shot,0.04556563062910666,-0.01261496498164516,0.5923744135689214,0.5923743948586219,0,4,1.0
fly3,Mean37,zero_shot,0.101857352166362,-0.21147683287855124,1.4676370555928344,1.4676370688350624,0,4,1.0
fly3,Mean38,zero_shot,0.026241719986888557,-0.4277345934673842,1.408332756152261,1.408332760421652,0,4,1.0
fly3,Mean39,zero_shot,0.025802136695058007,-0.06909879237009098,1.199224196871392,1.1992241928293228,0,4,1.0
fly3,Mean40,zero_shot,0.10743489174748434,-0.8550581846132017,2.8043702002061797,2.804370209309833,0,4,1.0
fly3,Mean41,zero_shot,0.08990462308193883,-0.4815716061432844,1.8685350815448398,1.8685350797810403,0,4,1.0
fly3,Mean42,zero_shot,0.07399497713635471,-0.1102645259990418,1.2432687448590916,1.2432687437749264,0,4,1.0
fly3,Mean43,zero_shot,0.0021213867377894847,-0.531250265463473,1.0674988751869965,1.0674988775925944,0,4,1.0
fly3,Mean44,zero_shot,-0.04328004337012388,-5.01931805933005,8.542341631538928,8.542341639965464,0,4,1.0
fly3,Mean45,zero_shot,0.00915756786282135,-1.23382900338646,3.5013041217674568,3.501304127363511,0,4,1.0
fly3,Mean46,zero_shot,-0.03555055008310446,-1.199583296876059,8.212711023305683,8.212711140285899,0,4,1.0
fly3,Mean47,zero_shot,0.003180267223984978,-0.11700581332695914,1.095583158933244,1.0955831553958384,0,4,1.0
fly3,Mean48,zero_shot,0.022663025721792532,-0.21636669422468713,0.9510980077402614,0.951098003574342,0,4,1.0
fly3,Mean49,zero_shot,-0.007531457848201175,-0.06475164709453152,1.0281601428324076,1.0281601414306034,0,4,1.0
fly3,Mean50,zero_shot,0.037653634568967025,-0.037644895902908315,0.9321435615000394,0.9321435617524185,0,4,1.0
fly3,Mean1,few_shot_readout,-0.0018580978896264669,-0.00014483893577454943,1.04525315735243,1.0452531393460092,967,4,1.0
fly3,Mean2,few_shot_readout,0.002738343960681707,-0.0009227329219938518,1.1860479702883242,1.1860479991762738,967,4,1.0
fly3,Mean3,few_shot_readout,0.021985967647090137,-1.6500638810621053,1.8585337686558445,1.8585337620404216,967,4,1.0
fly3,Mean4,few_shot_readout,-0.006527447180872105,-6.426857374591238,3.125364579513573,3.125364584492161,967,4,1.0
fly3,Mean5,few_shot_readout,-0.08005194383638813,-12.80057784735011,4.165862212875878,4.165862217606142,967,4,1.0
fly3,Mean6,few_shot_readout,0.03715890159133497,-1.0392131897700998,1.171613379866386,1.1716134021986844,967,4,1.0
fly3,Mean7,few_shot_readout,-0.06519742271414206,-19.918223535932448,4.175817035046604,4.175817023999595,967,4,1.0
fly3,Mean8,few_shot_readout,-0.08102743184508591,-12.54970751747195,5.549244644652296,5.54924463367013,967,4,1.0
fly3,Mean9,few_shot_readout,-0.1086455321133612,-6.258121545250409,4.3935985183547395,4.393598518725942,967,4,1.0
fly3,Mean10,few_shot_readout,-0.07732812444774166,-17.603070840227982,5.6964857703175165,5.696485765742438,967,4,1.0
fly3,Mean11,few_shot_readout,-0.12925577921533823,-2.558845670631928,2.9020739579753703,2.902073950464259,967,4,1.0
fly3,Mean12,few_shot_readout,-0.0968171172067183,-0.435084315155605,1.8313072883258237,1.8313072907403116,967,4,1.0
fly3,Mean13,few_shot_readout,-0.14029704642228308,-2.944924750544038,2.274512347007234,2.2745123527064552,967,4,1.0
fly3,Mean14,few_shot_readout,-0.167827580488492,-0.8855823314770757,2.2246116374279232,2.2246116367019395,967,4,1.0
fly3,Mean15,few_shot_readout,-0.16303746147632947,-0.7850330598881972,1.8935860386624257,1.893586045253236,967,4,1.0
fly3,Mean16,few_shot_readout,-0.1339026809988364,-0.11931326349948623,1.5251610953159112,1.5251610964370075,967,4,1.0
fly3,Mean17,few_shot_readout,-0.07447506296671057,-0.02054626059821274,1.6881231752054844,1.6881231796434895,967,4,1.0
fly3,Mean18,few_shot_readout,0.1665514549474093,-2.145915669837667,2.934650207895162,2.934650203945033,967,4,1.0
fly3,Mean19,few_shot_readout,0.12393742191999757,-7.5006744631656055,4.22696589831781,4.226965896054682,967,4,1.0
fly3,Mean20,few_shot_readout,-0.07315633417284048,-4.935798765305933,3.126260612701805,3.126260606321756,967,4,1.0
fly3,Mean21,few_shot_readout,-0.06908729575748972,-0.4780831644083954,1.066181060016925,1.0661810608841502,967,4,1.0
fly3,Mean22,few_shot_readout,0.03279231362161615,-4.8481431570580416,3.3639529680547766,3.3639529651926487,967,4,1.0
fly3,Mean23,few_shot_readout,-0.06944875968276462,-0.3291845585452411,1.7364298482501597,1.7364298481333922,967,4,1.0
fly3,Mean24,few_shot_readout,-0.053522783765735944,-0.26194302936832514,1.8977561090594752,1.8977561053932208,967,4,1.0
fly3,Mean25,few_shot_readout,-0.07965094310839903,-0.06775555855917736,0.8826576973735225,0.8826576979823564,967,4,1.0
fly3,Mean26,few_shot_readout,-0.054635868193472194,-0.7837511727411648,1.1000680696913545,1.100068070579045,967,4,1.0
fly3,Mean27,few_shot_readout,-0.052777736150677726,-0.02128412132504809,1.1773995216881898,1.177399518036813,967,4,1.0
fly3,Mean28,few_shot_readout,-0.07860880636896687,-0.2847122249306835,1.1251365527764103,1.1251365564004614,967,4,1.0
fly3,Mean29,few_shot_readout,0.0783924712024494,-3.7391688313288034,2.6110871886531326,2.611087193565335,967,4,1.0
fly3,Mean30,few_shot_readout,0.08570246587315032,-1.64197470977637,1.8486090345391324,1.8486090393805183,967,4,1.0
fly3,Mean31,few_shot_readout,0.03928632628125573,-0.5285240282066201,1.1689923331641727,1.1689923333373209,967,4,1.0
fly3,Mean32,few_shot_readout,-0.03689808844972651,-1.0146515782529062,1.9762733738594382,1.9762733894821762,967,4,1.0
fly3,Mean33,few_shot_readout,0.023252907632696943,-0.32855739074185353,1.4347476757984554,1.434747681249742,967,4,1.0
fly3,Mean34,few_shot_readout,0.0733933321298731,0.004541077719249387,0.9850561280070911,0.9850561267195849,967,4,1.0
fly3,Mean35,few_shot_readout,0.13361039919966183,-0.012814943638119969,1.0504862539175128,1.0504862568445799,967,4,1.0
fly3,Mean36,few_shot_readout,0.04556563062910664,-0.8726590070876521,1.0954956419770214,1.0954956073755073,967,4,1.0
fly3,Mean37,few_shot_readout,0.10185735216636187,-0.38100446554154144,1.6730103891067383,1.6730104042020133,967,4,1.0
fly3,Mean38,few_shot_readout,-0.026241719986888425,-1.34534852396588,2.3134770047651445,2.3134770117784997,967,4,1.0
fly3,Mean39,few_shot_readout,0.02580213669505784,-0.41580236606877063,1.5881268106321893,1.5881268052792967,967,4,1.0
fly3,Mean40,few_shot_readout,0.10743489174748438,-0.8966894925036859,2.867306015487912,2.86730602479587,967,4,1.0
fly3,Mean41,few_shot_readout,0.08990462308193861,-0.10365253326572543,1.3919094208419935,1.3919094195281037,967,4,1.0
fly3,Mean42,few_shot_readout,0.07399497713635488,-0.0139502698517886,1.1354165154595404,1.1354165144694253,967,4,1.0
fly3,Mean43,few_shot_readout,0.002121386737789446,-0.5745811874438187,1.0977066808723943,1.0977066833460654,967,4,1.0
fly3,Mean44,few_shot_readout,0.04328004337012388,-7.285919485388707,11.75899898924655,11.758999000846135,967,4,1.0
fly3,Mean45,few_shot_readout,-0.009157567862821315,-1.4152727759647714,3.785699134919487,3.785699140970083,967,4,1.0
fly3,Mean46,few_shot_readout,-0.03555055008310434,-1.2875707541374513,8.54123486743087,8.541234989090512,967,4,1.0
fly3,Mean47,few_shot_readout,-0.003180267223984942,-0.4883085347204781,1.4597647984300024,1.4597647937167315,967,4,1.0
fly3,Mean48,few_shot_readout,-0.02266302572179256,-0.0578561647154896,0.8271559025035298,0.8271558988804911,967,4,1.0
fly3,Mean49,few_shot_readout,-0.007531457848201188,-0.023897430364302696,0.9887099316744541,0.9887099303264366,967,4,1.0
fly3,Mean50,few_shot_readout,0.037653634568967004,-0.2922026523207031,1.1608194549696154,1.1608194552839088,967,4,1.0
fly4,Mean1,zero_shot,-0.024552658187670242,-0.03183727972479966,0.9379250186147021,0.9379250177053375,0,4,1.0
fly4,Mean2,zero_shot,-0.028358464955158036,-0.08573456862217088,0.8373905939932325,0.8373905913231403,0,4,1.0
fly4,Mean3,zero_shot,0.008031563181971865,-0.00931219088839974,1.0179558730834508,1.017955871944837,0,4,1.0
fly4,Mean4,zero_shot,-0.028258129928870848,-0.3146535450265222,0.8447813709867398,0.8447813703328848,0,4,1.0
fly4,Mean5,zero_shot,0.051202386217264265,-0.016457837133613706,0.9575811570106166,0.9575811556626355,0,4,1.0
fly4,Mean6,zero_shot,-0.011898667705276396,-0.8644480948354076,0.7900843950542462,0.7900843946243388,0,4,1.0
fly4,Mean7,zero_shot,0.0360232393665257,-5.011654921654449,1.13888175262202,1.138881754853905,0,4,1.0
fly4,Mean8,zero_shot,-0.048873590920872234,-0.26164560771569745,0.7447670366792951,0.744767038005534,0,4,1.0
fly4,Mean9,zero_shot,0.014892901023043062,-3.214379516426109,0.9315386924404957,0.9315386898134387,0,4,1.0
fly4,Mean10,zero_shot,0.011857628362985768,-2.2671483350513433,0.7847520261165228,0.7847520241203733,0,4,1.0
fly4,Mean11,zero_shot,0.03540389010394743,-0.8688028537061521,0.7860961200933578,0.7860961226507183,0,4,1.0
fly4,Mean12,zero_shot,0.03906601340169633,-4.020020807406614,0.905358146304494,0.9053581490127242,0,4,1.0
fly4,Mean13,zero_shot,-0.028988731910264118,-1.2674905971778903,1.2389825207509426,1.238982521057818,0,4,1.0
fly4,Mean14,zero_shot,-0.04785094050064923,-4.516670422152072,1.3167691821732752,1.3167691839124038,0,4,1.0
fly4,Mean15,zero_shot,0.0021895553094027757,-9.55956706673594,1.7414900850822277,1.7414900824441442,0,4,1.0
fly4,Mean16,zero_shot,0.019790681507811006,-6.951135945744972,1.5525147016790783,1.5525147001901236,0,4,1.0
fly4,Mean17,zero_shot,0.05642651838791546,-3.7853232797630083,1.1158960516822345,1.1158960534070583,0,4,1.0
fly4,Mean18,zero_shot,0.084917449582595,-3.0307540080745374,0.6264302573288161,0.6264302577929883,0,4,1.0
fly4,Mean19,zero_shot,0.10728838084664678,-3.7076500297042863,0.5810965087131098,0.581096508442043,0,4,1.0
fly4,Mean20,zero_shot,0.06369820296780666,-0.8428449949759389,3.9065540687309945,3.9065540757475627,0,4,1.0
fly4,Mean21,zero_shot,0.09237845350812494,-0.3934606176105875,0.4312529367503094,0.4312529357121011,0,4,1.0
fly4,Mean22,zero_shot,0.05803671129065873,-1.0974212183288103,0.5028646248187488,0.502864624646989,0,4,1.0
fly4,Mean23,zero_shot,0.06086287623361001,-0.27360343447914737,1.0085628379729432,1.00856283869726,0,4,1.0
fly4,Mean24,zero_shot,0.033534820305885435,-0.06039883817707281,0.4055624013769251,0.4055624015970057,0,4,1.0
fly4,Mean25,zero_shot,0.034782071935263045,-1.352566680867484,0.5724340524447052,0.5724340539405286,0,4,1.0
fly4,Mean26,zero_shot,0.011851166463369119,-6.705899655499989,1.1296294111335894,1.1296294110384968,0,4,1.0
fly4,Mean27,zero_shot,0.004771750162389831,-6.760893038191313,1.5821217434308625,1.582121743911328,0,4,1.0
fly4,Mean28,zero_shot,-0.01167946896246527,-2.6083460722856584,1.5033256866587275,1.5033256891230165,0,4,1.0
fly4,Mean29,zero_shot,0.05578149521427326,-6.527370415336836,1.7928666646019902,1.792866662653648,0,4,1.0
fly4,Mean30,zero_shot,0.0063738954247960005,-4.759883098378362,1.26349990588304,1.263499904738865,0,4,1.0
fly4,Mean31,zero_shot,0.009057386538136312,-4.388523226604752,1.1132186376200142,1.113218636007599,0,4,1.0
fly4,Mean32,zero_shot,0.003213676096305923,-2.821514530141443,1.0619359863534175,1.0619359872060965,0,4,1.0
fly4,Mean33,zero_shot,0.029245000351635488,-1.0782134704817765,0.6704612053323638,0.670461204758707,0,4,1.0
fly4,Mean34,zero_shot,0.054173415229895994,-0.013930076048615625,0.8209092894589314,0.8209092896167367,0,4,1.0
fly4,Mean35,zero_shot,0.05304043267128254,-0.025625131902270892,0.9678679232681657,0.9678679239866751,0,4,1.0
fly4,Mean36,zero_shot,0.05164782616165738,-0.051964696136366895,1.038715354903126,1.038715354305974,0,4,1.0
fly4,Mean37,zero_shot,0.07291184661341955,0.003780403462342874,0.8757759556600186,0.8757759571603413,0,4,1.0
fly4,Mean38,zero_shot,0.0560315895868744,-0.005366261004910999,0.9607160123566616,0.960716010969267,0,4,1.0
fly4,Mean39,zero_shot,0.06328645322568595,-0.011958749761273868,0.9796231363616752,0.9796231351772238,0,4,1.0
fly4,Mean40,zero_shot,0.04536531271908579,-0.06766699095980089,1.1831497452169302,1.18314975409078,0,4,1.0
fly4,Mean41,zero_shot,0.07834028546234682,-0.016407309520162006,0.9961884964585715,0.9961884988300758,0,4,1.0
fly4,Mean42,zero_shot,0.00983173148182291,-0.11308459621028888,1.1707438197902131,1.1707438163050385,0,4,1.0
fly4,Mean43,zero_shot,0.03031416558958341,-0.3817593978750753,1.518605224491402,1.5186052226185909,0,4,1.0
fly4,Mean44,zero_shot,0.01903089183505597,-0.23352877197770572,1.2860775178117414,1.2860775195383403,0,4,1.0
fly4,Mean45,zero_shot,0.006699184843651164,-0.034440312188821265,1.2350955152809437,1.2350955266688524,0,4,1.0
fly4,Mean46,zero_shot,-0.037319625927917356,-0.3076062152386041,1.4590510529820566,1.4590510539931723,0,4,1.0
fly4,Mean47,zero_shot,-0.026223359580522694,-0.28158303316544364,1.5819696762179762,1.5819696744063148,0,4,1.0
fly4,Mean48,zero_shot,0.006636010443142688,-0.06837908951063043,1.168268080009648,1.168268091075281,0,4,1.0
fly4,Mean1,few_shot_readout,-0.024552658187670145,-0.09220479213128763,0.9927982058023948,0.992798204839828,967,4,1.0
fly4,Mean2,few_shot_readout,0.028358464955158123,-0.5426987024218226,1.1898316771961897,1.1898316734023087,967,4,1.0
fly4,Mean3,few_shot_readout,0.008031563181971962,-0.0011081555336269755,1.0096815789178128,1.009681577788454,967,4,1.0
fly4,Mean4,few_shot_readout,-0.028258129928870897,-1.5586521674364593,1.6441606947034542,1.6441606934308852,967,4,1.0
fly4,Mean5,few_shot_readout,-0.05120238621726442,-0.1476574810873612,1.0811812732839055,1.0811812717619331,967,4,1.0
fly4,Mean6,few_shot_readout,-0.01189866770527647,-4.944688637010364,2.5191399742199936,2.5191399728492576,967,4,1.0
fly4,Mean7,few_shot_readout,0.03602323936652575,-16.08659939832162,3.2369815837259432,3.236981590069508,967,4,1.0
fly4,Mean8,few_shot_readout,-0.04887359092087238,-1.8152626942554626,1.6618889182919332,1.6618889212513306,967,4,1.0
fly4,Mean9,few_shot_readout,0.01489290102304301,-13.04186469835228,3.103787931188038,3.103787922434963,967,4,1.0
fly4,Mean10,few_shot_readout,0.011857628362985793,-7.341692323634678,2.00363108157135,2.0036310764747753,967,4,1.0
fly4,Mean11,few_shot_readout,0.03540389010394741,-1.7010778905545663,1.1361855776407979,1.1361855813370838,967,4,1.0
fly4,Mean12,few_shot_readout,0.03906601340169646,-15.783912007454276,3.0269698166164853,3.0269698256711686,967,4,1.0
fly4,Mean13,few_shot_readout,-0.028988731910264038,-2.6756875230481914,2.0084372559105943,2.008437256408051,967,4,1.0
fly4,Mean14,few_shot_readout,-0.047850940500649176,-13.707485997305682,3.510516820205876,3.5105168248424063,967,4,1.0
fly4,Mean15,few_shot_readout,0.002189555309402789,-27.711028027106146,4.735039829353417,4.7350398221805765,967,4,1.0
fly4,Mean16,few_shot_readout,0.019790681507811003,-27.0668279411117,5.480243741951317,5.480243736695435,967,4,1.0
fly4,Mean17,few_shot_readout,0.05642651838791569,-16.06844956694429,3.9802149962653632,3.9802150024175225,967,4,1.0
fly4,Mean18,few_shot_readout,0.08491744958259505,-20.020941025498654,3.2669206479775537,3.2669206503982764,967,4,1.0
fly4,Mean19,few_shot_readout,0.10728838084664688,-21.473459178746623,2.7740483224273533,2.77404832113333,967,4,1.0
fly4,Mean20,few_shot_readout,0.0636982029678066,-0.4614251537866665,3.098001403392944,3.0980014089572694,967,4,1.0
fly4,Mean21,few_shot_readout,0.0923784535081251,-4.396030907379945,1.6699820190062595,1.6699820149859061,967,4,1.0
fly4,Mean22,few_shot_readout,0.05803671129065872,-7.131097162876355,1.949461123232333,1.9494611225664695,967,4,1.0
fly4,Mean23,few_shot_readout,0.060862876233609975,-0.0963144185933309,0.8681681843762731,0.868168184999763,967,4,1.0
fly4,Mean24,few_shot_readout,0.03353482030588558,-2.5645970801113998,1.3633234021987368,1.3633234029385515,967,4,1.0
fly4,Mean25,few_shot_readout,0.03478207193526311,-8.610901026084745,2.338555190273292,2.338555196384154,967,4,1.0
fly4,Mean26,few_shot_readout,0.011851166463369018,-24.513841379098302,3.74014546014181,3.740145459826963,967,4,1.0
fly4,Mean27,few_shot_readout,0.00477175016238986,-18.948712901703658,4.066708854242957,4.066708855477952,967,4,1.0
fly4,Mean28,few_shot_readout,-0.011679468962465328,-4.966578616500095,2.485823342873413,2.4858233469482367,967,4,1.0
fly4,Mean29,few_shot_readout,0.055781495214273225,-13.993108564696444,3.5710537759154484,3.5710537720347166,967,4,1.0
fly4,Mean30,few_shot_readout,0.0063738954247960534,-11.776844241679,2.802755059627639,2.802755057089576,967,4,1.0
fly4,Mean31,few_shot_readout,0.00905738653813637,-13.976229933168261,3.0939494146692903,3.093949410187933,967,4,1.0
fly4,Mean32,few_shot_readout,0.0032136760963059913,-9.675779285733885,2.9666233417324173,2.9666233441144607,967,4,1.0
fly4,Mean33,few_shot_readout,0.02924500035163538,-5.342982997530837,2.046336474251289,2.0463364725004127,967,4,1.0
fly4,Mean34,few_shot_readout,0.054173415229896035,-0.2926610592361194,1.0465785528171594,1.0465785530183456,967,4,1.0
fly4,Mean35,few_shot_readout,0.05304043267128261,-0.08921644828098096,1.0278781486486566,1.0278781494117153,967,4,1.0
fly4,Mean36,few_shot_readout,-0.05164782616165741,-0.20942344487179976,1.1941909337662078,1.1941909330796736,967,4,1.0
fly4,Mean37,few_shot_readout,-0.07291184661341976,-0.4207104822554022,1.2489455985785751,1.2489456007181878,967,4,1.0
fly4,Mean38,few_shot_readout,0.056031589586874375,-0.08800621818282184,1.0396857701461564,1.0396857686447194,967,4,1.0
fly4,Mean39,few_shot_readout,0.06328645322568602,-0.008500128933047524,0.97627503053816,0.9762750293577568,967,4,1.0
fly4,Mean40,few_shot_readout,0.045365312719085775,-0.03483552586696903,1.146767109162253,1.1467671177632264,967,4,1.0
fly4,Mean41,few_shot_readout,0.07834028546234698,-0.10713214399508675,1.0851085933532854,1.0851085959364708,967,4,1.0
fly4,Mean42,few_shot_readout,0.009831731481822873,-0.4738883385456676,1.5502376632361625,1.5502376586212767,967,4,1.0
fly4,Mean43,few_shot_readout,0.030314165589583525,-1.186595929179063,2.4031506548893176,2.403150651925646,967,4,1.0
fly4,Mean44,few_shot_readout,0.01903089183505596,-0.858544032062009,1.9377186408598293,1.9377186434612765,967,4,1.0
fly4,Mean45,few_shot_readout,0.006699184843651115,-0.05442133272763594,1.2589523473933815,1.2589523590012563,967,4,1.0
fly4,Mean46,few_shot_readout,-0.03731962592791744,-0.6766262510177865,1.8708103926826902,1.8708103939791532,967,4,1.0
fly4,Mean47,few_shot_readout,-0.026223359580522715,-0.5180284120751901,1.873834822554383,1.8738348204084796,967,4,1.0
fly4,Mean48,few_shot_readout,0.0066360104431426896,-0.05666321552428677,1.1554568206523257,1.1554568315966125,967,4,1.0
fly5,Mean1,zero_shot,0.006380750166246749,-0.08487976329887248,0.9246212477441331,0.9246212504621495,0,4,1.0
fly5,Mean2,zero_shot,-0.02579642436942987,-0.018801878361310642,0.9602732056473297,0.9602732087538771,0,4,1.0
fly5,Mean3,zero_shot,0.028529577694434174,-0.031542928782800184,1.0900877444658958,1.0900877405312621,0,4,1.0
fly5,Mean4,zero_shot,0.03247171187787702,-0.007740363634400893,1.1708567385962825,1.1708567533283738,0,4,1.0
fly5,Mean5,zero_shot,-0.010051499280527914,-0.07964600509892117,1.0938282333572473,1.0938282343046997,0,4,1.0
fly5,Mean6,zero_shot,-0.008374486451268804,-0.017906431395870115,0.9197945802156495,0.9197945757943742,0,4,1.0
fly5,Mean7,zero_shot,-0.005209518675052857,-0.018908774436281472,0.9799618042865047,0.9799617983555041,0,4,1.0
fly5,Mean8,zero_shot,-0.03499325224572279,-0.1352085570922441,0.8259372615922289,0.825937258050784,0,4,1.0
fly5,Mean9,zero_shot,-0.01571944459638442,-0.1374006309721818,0.9464648647424412,0.9464648677255343,0,4,1.0
fly5,Mean10,zero_shot,-0.003481730538590581,-0.1988979484730291,0.7323348816224597,0.7323348839836239,0,4,1.0
fly5,Mean11,zero_shot,-0.06657198672253732,-0.4192445849256847,1.2308277393891638,1.2308277406020178,0,4,1.0
fly5,Mean12,zero_shot,-0.007276714137679658,-0.1642944100438064,1.2330189728941359,1.2330189731509578,0,4,1.0
fly5,Mean13,zero_shot,-0.07625912714296794,-0.281755167585529,1.822234379244195,1.8222343760395718,0,4,1.0
fly5,Mean14,zero_shot,-0.0352934306617539,-0.14192518848562763,2.1554884973171737,2.1554884985375335,0,4,1.0
fly5,Mean15,zero_shot,-0.08533877807120588,-0.11555873328223587,1.6122165713382721,1.6122165821342296,0,4,1.0
fly5,Mean16,zero_shot,-0.10706619073895017,-0.12074638848079533,1.2347411765336083,1.234741174919277,0,4,1.0
fly5,Mean17,zero_shot,-0.1243179904258043,-0.10747491501144535,1.1592812025138817,1.159281197424857,0,4,1.0
fly5,Mean18,zero_shot,-0.10039878613363465,-0.0774374804335094,1.2979883898725442,1.2979883906995235,0,4,1.0
fly5,Mean19,zero_shot,-0.09804020662718006,-0.12719797506373132,1.3373352992799685,1.3373353009451234,0,4,1.0
fly5,Mean20,zero_shot,0.0639197703531725,-0.18596948418329662,1.1241867238228362,1.1241867238122607,0,4,1.0
fly5,Mean21,zero_shot,0.12443592763161386,-0.2328527306123349,0.9396081898644175,0.9396081890955269,0,4,1.0
fly5,Mean22,zero_shot,0.1563783954924955,0.023867375194232654,0.6467028286162052,0.6467028293734862,0,4,1.0
fly5,Mean23,zero_shot,0.16781266740479397,0.023571809786870235,0.8214733781249951,0.8214733787179317,0,4,1.0
fly5,Mean24,zero_shot,0.05951071753994371,-0.018396066260008004,0.9543353688401001,0.9543353685189637,0,4,1.0
fly5,Mean25,zero_shot,-0.014575691307796911,-0.06262673183973733,1.4016770188583456,1.4016770169096415,0,4,1.0
fly5,Mean26,zero_shot,-0.028015293609688886,-0.08178819770325885,1.3774698484565702,1.3774698459556245,0,4,1.0
fly5,Mean27,zero_shot,-0.08449115996715365,-0.12151898314754828,1.0209878712933484,1.0209878720571168,0,4,1.0
fly5,Mean28,zero_shot,-0.028830820036185627,-0.3271850358131465,1.6377705616467024,1.6377705594278293,0,4,1.0
fly5,Mean29,zero_shot,-0.040978991964132884,-0.3748910079272232,1.7133432777870667,1.7133432699747244,0,4,1.0
fly5,Mean30,zero_shot,-0.03794256947772289,-0.33135075525567537,1.2838603909185582,1.283860387678595,0,4,1.0
fly5,Mean31,zero_shot,0.0307427029822306,-0.32081724727798155,1.237416471907805,1.2374164706056325,0,4,1.0
fly5,Mean32,zero_shot,0.033527336203946705,-0.19574722666048605,0.9619352459748703,0.9619352495137241,0,4,1.0
fly5,Mean33,zero_shot,0.07196951895607209,-0.16629121298459593,1.065869015090551,1.0658690147205276,0,4,1.0
fly5,Mean34,zero_shot,0.01982924531867609,-0.20922110152532714,1.070187921377708,1.0701879189727759,0,4,1.0
fly5,Mean35,zero_shot,0.03543236044804299,-0.03315914307117751,1.00422982899782,1.004229828856413,0,4,1.0
fly5,Mean36,zero_shot,0.03658329109430695,-0.03176011266332601,1.1673784587475555,1.1673784608814393,0,4,1.0
fly5,Mean37,zero_shot,-0.020007843641956034,-0.016969972586811766,1.032546532600115,1.0325465296724903,0,4,1.0
fly5,Mean38,zero_shot,0.016148265612050974,-0.014767958202927645,1.0212790913961063,1.0212790957712592,0,4,1.0
fly5,Mean39,zero_shot,-0.03295415156372944,-0.03477185240599656,1.1715955888051721,1.1715955730052348,0,4,1.0
fly5,Mean40,zero_shot,0.0034025163491662107,-0.014993046934795862,0.9973229921043042,0.9973229959489966,0,4,1.0
fly5,Mean41,zero_shot,0.030926208736777736,-0.007920585215370313,0.9798794066787117,0.9798793971847095,0,4,1.0
fly5,Mean42,zero_shot,-0.0023213299382530378,-0.010640383451769653,1.2302996061277243,1.2302996080372555,0,4,1.0
fly5,Mean43,zero_shot,-0.008465857819468875,-0.031519768902858125,0.923141417573383,0.9231414169824451,0,4,1.0
fly5,Mean44,zero_shot,-0.013048400739366936,-0.08138646652257231,0.9474663005082056,0.9474663009005676,0,4,1.0
fly5,Mean45,zero_shot,-0.03496622301637686,-0.08500106723499123,0.9049352535190471,0.9049352454917958,0,4,1.0
fly5,Mean46,zero_shot,0.03984464544088731,-0.010610494595531206,1.0805921387191815,1.0805921512865755,0,4,1.0
fly5,Mean1,few_shot_readout,0.006380750166246779,-0.10649941615854774,0.9430472439504988,0.9430472467226801,967,4,1.0
fly5,Mean2,few_shot_readout,-0.02579642436942984,-0.02911347990317492,0.9699924208139632,0.969992423951953,967,4,1.0
fly5,Mean3,few_shot_readout,0.028529577694434153,-0.008895490429120745,1.066154959601553,1.0661549557533037,967,4,1.0
fly5,Mean4,few_shot_readout,0.03247171187787699,-0.01762667727962719,1.182343285497751,1.1823433003743695,967,4,1.0
fly5,Mean5,few_shot_readout,-0.010051499280527888,-0.014195282133017129,1.0275177497953785,1.0275177506853939,967,4,1.0
fly5,Mean6,few_shot_readout,-0.008374486451268792,-0.027089106430957965,0.9280921746395036,0.9280921701783432,967,4,1.0
fly5,Mean7,few_shot_readout,-0.0052095186750528615,-0.10242127329804762,1.0602821049045155,1.0602820984873942,967,4,1.0
fly5,Mean8,few_shot_readout,-0.03499325224572272,-0.35193463692701465,0.983619428253173,0.9836194240356202,967,4,1.0
fly5,Mean9,few_shot_readout,-0.015719444596384472,-0.4016984029178656,1.1663948948167944,1.1663948984930688,967,4,1.0
fly5,Mean10,few_shot_readout,-0.0034817305385905556,-0.08802901631985693,0.6646116976705536,0.6646116998133674,967,4,1.0
fly5,Mean11,few_shot_readout,-0.06657198672253731,-0.799793427939077,1.5608554718521075,1.5608554733901698,967,4,1.0
fly5,Mean12,few_shot_readout,-0.007276714137679677,-0.9167175653424664,2.0298552525540305,2.029855252976823,967,4,1.0
fly5,Mean13,few_shot_readout,-0.07625912714296837,-0.4685996940073367,2.087865857259437,2.087865853587668,967,4,1.0
fly5,Mean14,few_shot_readout,-0.03529343066175389,-0.20852893072949574,2.281209167753845,2.2812091690453835,967,4,1.0
fly5,Mean15,few_shot_readout,-0.08533877807120592,-0.11344116566509199,1.6091562415668008,1.6091562523422651,967,4,1.0
fly5,Mean16,few_shot_readout,-0.10706619073895023,-0.18248358919595153,1.302757870257025,1.302757868553767,967,4,1.0
fly5,Mean17,few_shot_readout,-0.12431799042580434,-0.17946456505294406,1.2346384380931632,1.2346384326733344,967,4,1.0
fly5,Mean18,few_shot_readout,-0.10039878613363461,-0.15120605969371015,1.3868573601431977,1.3868573610267976,967,4,1.0
fly5,Mean19,few_shot_readout,-0.09804020662717992,-0.24756211005273587,1.4801382585196656,1.4801382603626285,967,4,1.0
fly5,Mean20,few_shot_readout,0.06391977035317256,-0.6315702992975325,1.546574084675568,1.5465740846610188,967,4,1.0
fly5,Mean21,few_shot_readout,0.12443592763161404,-1.0427431651610615,1.556859274523062,1.5568592732490687,967,4,1.0
fly5,Mean22,few_shot_readout,0.1563783954924953,-0.5112305706627713,1.0012134211100305,1.0012134222824391,967,4,1.0
fly5,Mean23,few_shot_readout,0.16781266740479425,-0.40719357015015567,1.1838782076690155,1.1838782085235346,967,4,1.0
fly5,Mean24,few_shot_readout,0.05951071753994378,-0.6885169030968548,1.5823032461500777,1.5823032456176285,967,4,1.0
fly5,Mean25,few_shot_readout,-0.014575691307796788,-0.6611936265386278,2.191227512375738,2.1912275093293485,967,4,1.0
fly5,Mean26,few_shot_readout,-0.02801529360968858,-0.5983281927892441,2.035194040921853,2.035194037226738,967,4,1.0
fly5,Mean27,few_shot_readout,-0.08449115996715367,-0.3366152124485773,1.216803229372215,1.2168032302824667,967,4,1.0
fly5,Mean28,few_shot_readout,-0.02883082003618555,-0.617904373844893,1.9965235317915868,1.9965235290866705,967,4,1.0
fly5,Mean29,few_shot_readout,-0.040978991964132995,-0.7113076900958164,2.1325745169221313,2.1325745071982176,967,4,1.0
fly5,Mean30,few_shot_readout,-0.0379425694777228,-1.1955885656514074,2.1172701356617316,2.117270130318567,967,4,1.0
fly5,Mean31,few_shot_readout,0.030742702982230655,-1.066269141235105,1.935798064439567,1.9357980624024655,967,4,1.0
fly5,Mean32,few_shot_readout,0.03352733620394663,-0.27058121662433665,1.0221364749120265,1.022136478672354,967,4,1.0
fly5,Mean33,few_shot_readout,0.07196951895607198,-0.26896056826765946,1.159698140593005,1.159698140190408,967,4,1.0
fly5,Mean34,few_shot_readout,0.019829245318676088,-0.19811408961374166,1.0603579655694748,1.0603579631866327,967,4,1.0
fly5,Mean35,few_shot_readout,0.03543236044804297,-0.027644164853250386,0.9988692747503375,0.9988692746096853,967,4,1.0
fly5,Mean36,few_shot_readout,0.03658329109430667,-0.0371715080876307,1.1735011479003583,1.173501150045434,967,4,1.0
fly5,Mean37,few_shot_readout,-0.020007843641956204,-0.02629296348330934,1.0420123203648755,1.042012317410412,967,4,1.0
fly5,Mean38,few_shot_readout,0.016148265612050978,-0.03104112893875821,1.0376566769208349,1.0376566813661494,967,4,1.0
fly5,Mean39,few_shot_readout,-0.032954151563729356,-0.07212065186590766,1.2138828703858004,1.213882854015584,967,4,1.0
fly5,Mean40,few_shot_readout,0.0034025163491662102,-0.054803378209472564,1.0364402637185546,1.0364402677140445,967,4,1.0
fly5,Mean41,few_shot_readout,0.030926208736777757,-0.040266099357511465,1.0113250420504178,1.0113250322517406,967,4,1.0
fly5,Mean42,few_shot_readout,-0.002321329938253028,-0.05620825384434691,1.2857714969348093,1.2857714989304376,967,4,1.0
fly5,Mean43,few_shot_readout,-0.008465857819468885,-0.20651232207712744,1.0797480852031274,1.0797480845119396,967,4,1.0
fly5,Mean44,few_shot_readout,-0.013048400739366878,-0.3009813171836735,1.1398662677794646,1.1398662682515028,967,4,1.0
fly5,Mean45,few_shot_readout,0.03496622301637684,-0.35888132142774687,1.133362583911805,1.1333625738582833,967,4,1.0
fly5,Mean46,few_shot_readout,0.03984464544088734,-0.026100646604374722,1.0971549357392347,1.0971549484992558,967,4,1.0
