heldout_fly,model,training_flies,training_weight,training_SSE,heldout_SSE,heldout_MSE,heldout_correlation,heldout_gaussian_NLL,common_training_M1_variance
fly1,M1,"fly2,fly3,fly4,fly5",equal_fly,1.6838380253185535e-07,1.7402549047022528e-06,1.1601699364681684e-07,0.5807845092407691,-45.99107800440534,1.1225586835457024e-08
fly1,M2,"fly2,fly3,fly4,fly5",equal_fly,1.636585055000485e-08,2.296835716030598e-06,1.5312238106870654e-07,0.3592508012223892,-21.200355724731963,1.1225586835457024e-08
fly1,M3,"fly2,fly3,fly4,fly5",equal_fly,1.6838380253185848e-07,1.7402549074769e-06,1.1601699383179333e-07,0.5807845092407753,-45.99107788081949,1.1225586835457024e-08
fly2,M1,"fly1,fly3,fly4,fly5",equal_fly,6.254863318804848e-08,1.9508311046759806e-07,1.300554069783987e-08,0.9511866911675204,-107.53943800512306,4.169908879203232e-09
fly2,M2,"fly1,fly3,fly4,fly5",equal_fly,2.3538236587257304e-08,1.3505111328350314e-07,9.003407552233543e-09,0.9723135829725148,-114.7376764946372,4.169908879203232e-09
fly2,M3,"fly1,fly3,fly4,fly5",equal_fly,6.25486333258082e-08,1.9508311064102445e-07,1.300554070940163e-08,0.9511866911042675,-107.53943798432807,4.169908879203232e-09
fly3,M1,"fly1,fly2,fly4,fly5",equal_fly,9.629790797616575e-08,3.1950617757583257e-07,2.1300411838388838e-08,0.9888845696234818,-102.81074355350658,6.4198605317443836e-09
fly3,M2,"fly1,fly2,fly4,fly5",equal_fly,2.9355261366693524e-08,3.822044650881999e-07,2.548029767254666e-08,0.9698995821041132,-97.9275932730338,6.4198605317443836e-09
fly3,M3,"fly1,fly2,fly4,fly5",equal_fly,9.625099411107402e-08,3.2010296211952573e-07,2.134019747463505e-08,0.9885678335105204,-102.76426399676681,6.4198605317443836e-09
fly4,M1,"fly1,fly2,fly3,fly5",equal_fly,2.932345217718804e-08,4.521948812443167e-06,3.014632541628778e-07,0.6810661829357592,1019.9568081756333,1.954896811812536e-09
fly4,M2,"fly1,fly2,fly3,fly5",equal_fly,3.724911426482824e-09,4.376828657078759e-06,2.9178857713858393e-07,0.7080747116648459,982.8397198240859,1.954896811812536e-09
fly4,M3,"fly1,fly2,fly3,fly5",equal_fly,3.724911426482824e-09,4.376828657078759e-06,2.9178857713858393e-07,0.7080747116648459,982.8397198240859,1.954896811812536e-09
fly5,M1,"fly1,fly2,fly3,fly4",equal_fly,1.4343841624736384e-07,1.8220447843749074e-07,1.214696522916605e-08,0.9796726059041868,-115.17952818109427,9.562561083157589e-09
fly5,M2,"fly1,fly2,fly3,fly4",equal_fly,2.4032180310919333e-08,5.17984736556777e-07,3.45323157704518e-08,0.8634278851816387,-97.62250265209181,9.562561083157589e-09
fly5,M3,"fly1,fly2,fly3,fly4",equal_fly,1.4343841624736384e-07,1.822044784323593e-07,1.2146965228823954e-08,0.9796726059041869,-115.17952818136257,9.562561083157589e-09
