unit,representation,model,n_points,SSE,R2,AIC,AICc,BIC,baseline,center_amplitude,center_sigma_px,surround_amplitude,surround_sigma_px,relative_surround_amplitude,parameter_at_bound,fit_status,near_optimal_surround_sigma_min_px,near_optimal_surround_sigma_max_px,near_optimal_surround_amplitude_min,near_optimal_surround_amplitude_max
fly1,LI_STYLE_1D_PROJECTION,M0,15,5.70468608876232e-07,0.0,-254.2728684121114,-253.96517610441907,-253.5648182110092,4.6886764196024317e-05,0.0,,,,,False,OK,,,,
fly1,LI_STYLE_1D_PROJECTION,M1,15,2.638082954985351e-07,0.5375586116504957,-261.8414002814106,-259.6595820995924,-259.71724967810394,9.55858183329048e-05,-0.0005745787416708026,0.5,,,,True,AT_BOUND,,,,
fly1,LI_STYLE_1D_PROJECTION,M2,15,3.632848070595393e-08,0.9363181774760271,-287.5807101793858,-280.9140435127191,-284.04045917387475,-0.00011785909200372018,-0.0008540779961049943,0.5,0.0004457726089908229,3.25,0.5219343093063631,True,AT_BOUND,1.75,4.75,0.00042369440296018357,0.0007765675874799286
fly1,LI_STYLE_1D_PROJECTION,M3,15,3.632848070595393e-08,0.9363181774760271,-287.5807101793858,-280.9140435127191,-284.04045917387475,-0.00011785909200372018,-0.0008540779961049943,0.5,0.0004457726089908229,3.25,0.5219343093063631,True,AT_BOUND,1.75,4.75,0.00042369440296018357,0.0007765675874799286
fly2,LI_STYLE_1D_PROJECTION,M0,15,1.4975233529573112e-06,0.0,-239.79622170327033,-239.488529395578,-239.08817150216814,-0.00016187484284419494,0.0,,,,,False,OK,,,,
fly2,LI_STYLE_1D_PROJECTION,M1,15,1.4262993234854174e-07,0.9047561214542158,-271.0659397174166,-268.8841215355984,-268.94178911410995,-2.3027971634208693e-05,-0.0011078043760224098,0.75,,,,False,OK,,,,
fly2,LI_STYLE_1D_PROJECTION,M2,15,1.8074607648077883e-08,0.9879303333651631,-298.0521196568457,-291.38545299017903,-294.5118686513347,0.0006409864943611526,-0.001001708567080994,0.5,-0.000856698721306317,7.0,-0.8552374906833037,True,AT_BOUND,5.25,7.0,-0.000856698721306317,-0.0005701254219796768
fly2,LI_STYLE_1D_PROJECTION,M3,15,1.359363983050595e-07,0.9092258574555034,-267.78693381831516,-261.1202671516485,-264.2466828128041,-3.312690847785049e-05,-0.0014512551103576107,0.75,0.0003180292022800712,1.0,0.21914079751402504,True,AT_BOUND,1.0,7.0,2.9693822643678115e-13,0.0003180292022800712
fly3,LI_STYLE_1D_PROJECTION,M0,15,5.524316202248413e-07,0.0,-254.75479564922614,-254.44710334153382,-254.04674544812394,-6.288781866286865e-05,0.0,,,,,False,OK,,,,
fly3,LI_STYLE_1D_PROJECTION,M1,15,1.2212775955473307e-08,0.977892692039419,-307.9325013717857,-305.7506831899675,-305.80835076847904,2.4785691687212613e-05,-0.0006995123302431362,0.75,,,,False,OK,,,,
fly3,LI_STYLE_1D_PROJECTION,M2,15,4.955643798767887e-09,0.9910293987213279,-317.46183424386663,-310.79516757719995,-313.9215832383556,0.0001809560209297389,-0.0006478717650589146,0.75,-0.00019407170137205883,7.0,-0.2995526458147328,True,AT_BOUND,4.0,7.0,-0.00019407170137205883,-9.595310507792726e-05
fly3,LI_STYLE_1D_PROJECTION,M3,15,1.22127764318627e-08,0.977892691177069,-303.93250078667376,-297.26583412000707,-300.3922497811627,2.4785687535845758e-05,-0.0006995123319845575,0.75,5.430914865321444e-12,6.25,7.763858644083686e-09,True,SURROUND_POORLY_IDENTIFIED,1.0,7.0,5.430914865321444e-12,2.965962506876582e-08
fly4,LI_STYLE_1D_PROJECTION,M0,15,5.9899958171136504e-06,0.0,-219.00205067876422,-218.6943583710719,-218.29400047766202,-0.0002972647806008354,0.0,,,,,False,OK,,,,
fly4,LI_STYLE_1D_PROJECTION,M1,15,4.726509922214337e-07,0.9210932684007807,-253.0943817285949,-250.9125635467767,-250.97023112528828,0.000612427733057102,-0.001836646644190656,3.0,,,,False,OK,,,,
fly4,LI_STYLE_1D_PROJECTION,M2,15,6.073004350730868e-08,0.9898614213829998,-279.8731626760077,-273.20649600934104,-276.3329116704967,0.002659988523406383,-0.0009327902370432069,0.75,-0.003389208039861589,7.0,-3.633408568473901,True,AT_BOUND,4.5,7.0,-0.003389208039861589,-0.002100519425008318
fly4,LI_STYLE_1D_PROJECTION,M3,15,4.726509922214338e-07,0.9210932684007807,-249.0943817285949,-242.42771506192824,-245.55413072308386,0.0006124277330701248,-0.0018366466442169094,3.0,6.323004145272289e-25,6.25,3.442689515254159e-22,True,SURROUND_POORLY_IDENTIFIED,3.0,7.0,2.2950527530821202e-26,0.009916029740054184
fly5,LI_STYLE_1D_PROJECTION,M0,15,1.983355772417461e-06,0.0,-235.5815577162569,-235.27386540856457,-234.8735075151547,-0.00010204968869999669,0.0,,,,,False,OK,,,,
fly5,LI_STYLE_1D_PROJECTION,M1,15,7.981338037876803e-08,0.9597584147591002,-279.7743731059374,-277.5925549241192,-277.65022250263075,6.252566887258921e-05,-0.0013130818124711967,0.75,,,,False,OK,,,,
fly5,LI_STYLE_1D_PROJECTION,M2,15,1.0092361025688795e-08,0.9949114721796042,-306.7930585168483,-300.1263918501816,-303.25280751133727,-0.0004215328570854777,-0.0014731445848554228,0.75,0.000601535913716649,7.0,0.4083346060534071,True,AT_BOUND,4.75,7.0,0.0003611711957469102,0.000601535913716649
fly5,LI_STYLE_1D_PROJECTION,M3,15,1.0092361025688795e-08,0.9949114721796042,-306.7930585168483,-300.1263918501816,-303.25280751133727,-0.0004215328570854777,-0.0014731445848554228,0.75,0.000601535913716649,7.0,0.4083346060534071,True,SURROUND_POORLY_IDENTIFIED,4.75,7.0,0.0003611711957469102,0.000601535913716649
population,LI_STYLE_1D_PROJECTION,M0,15,1.345107989304231e-06,0.0,-241.40629689685275,-241.09860458916043,-240.69824669575056,-0.00011543807332237427,0.0,,,,,False,OK,,,,
population,LI_STYLE_1D_PROJECTION,M1,15,7.045111986025277e-08,0.9476241904587198,-281.6459535602107,-279.46413537839254,-279.5218029569041,1.9234815541982195e-05,-0.0010745018185529236,0.75,,,,False,OK,,,,
population,LI_STYLE_1D_PROJECTION,M2,15,2.7123123676404685e-08,0.9798357277690141,-291.96394102701015,-285.29727436034347,-288.4236900214991,0.00040082773892443187,-0.0009483211648439401,0.75,-0.0004742026749355385,7.0,-0.5000443863483479,True,AT_BOUND,2.25,7.0,-0.0005052472477970124,-0.00026105475133748977
population,LI_STYLE_1D_PROJECTION,M3,15,7.045111991359557e-08,0.9476241904190629,-277.6459535488533,-270.9792868821866,-274.10570254334226,1.9234815351573814e-05,-0.0010745018186327975,0.75,2.4909679147062525e-13,6.25,2.3182537912088181e-10,True,SURROUND_POORLY_IDENTIFIED,1.0,7.0,2.4909679147062525e-13,3.708416944489882e-07
stable_fly1,LI_STYLE_1D_PROJECTION,M0,15,4.407798290435733e-06,0.0,-223.60278172218833,-223.295089414496,-222.89473152108613,-0.0001562544328718839,0.0,,,,,False,OK,,,,
stable_fly1,LI_STYLE_1D_PROJECTION,M1,15,1.307744274831926e-06,0.7033112250917796,-237.8288555052607,-235.6470373234425,-235.70470490195407,-1.4168549611987287e-06,-0.0018268605470080541,0.5,,,,True,AT_BOUND,,,,
stable_fly1,LI_STYLE_1D_PROJECTION,M2,15,9.741724714991628e-08,0.9778988872151212,-272.7846915142248,-266.1180248475581,-269.24444050871375,-0.0002848376465599086,-0.0034785197464923226,0.75,0.001930557232571179,1.75,0.5549938977687042,False,OK,1.75,2.0,0.0017157492282527348,0.001930557232571179
stable_fly1,LI_STYLE_1D_PROJECTION,M3,15,9.741724714991628e-08,0.9778988872151212,-272.7846915142248,-266.1180248475581,-269.24444050871375,-0.0002848376465599086,-0.0034785197464923226,0.75,0.001930557232571179,1.75,0.5549938977687042,False,OK,1.75,2.0,0.0017157492282527348,0.001930557232571179
stable_fly2,LI_STYLE_1D_PROJECTION,M0,15,3.6747347530747328e-06,0.0,-226.3311970756088,-226.02350476791648,-225.6231468745066,-0.00014459713963474967,0.0,,,,,False,OK,,,,
stable_fly2,LI_STYLE_1D_PROJECTION,M1,15,3.926998355162922e-07,0.8931351888220744,-255.87405742977137,-253.69223924795318,-253.74990682646475,1.472030692274624e-05,-0.0018797165487427089,0.5,,,,True,AT_BOUND,,,,
stable_fly2,LI_STYLE_1D_PROJECTION,M2,15,9.660333050725313e-08,0.9737114820528412,-272.9105423018558,-266.2438756351891,-269.37029129634476,0.0009518569590952062,-0.001629669465984826,0.5,-0.0011435167921869042,7.0,-0.7016863333669108,True,AT_BOUND,5.25,7.0,-0.0011435167921869042,-0.0007499682404784386
stable_fly2,LI_STYLE_1D_PROJECTION,M3,15,3.4010350523652674e-07,0.9074481484814776,-254.03099059401063,-247.36432392734397,-250.4907395884996,4.0768910071018227e-05,-0.002757923818131663,0.75,0.0009592498514658266,1.0,0.34781593500130253,True,AT_BOUND,1.0,1.25,0.00038058602619531873,0.0009592498514658266
stable_fly3,LI_STYLE_1D_PROJECTION,M0,15,3.62793775084788e-06,0.0,-226.52344577411472,-226.2157534664224,-225.81539557301252,-0.00031107752564156233,0.0,,,,,False,OK,,,,
stable_fly3,LI_STYLE_1D_PROJECTION,M1,15,7.046270199074937e-08,0.9805777533050887,-281.64348777004824,-279.46166958823005,-279.5193371667416,-8.609206041764777e-05,-0.0017950702147227378,0.75,,,,False,OK,,,,
stable_fly3,LI_STYLE_1D_PROJECTION,M2,15,5.3674843163656614e-08,0.9852051366782376,-281.7255742437599,-275.05890757709324,-278.1853232382489,0.00015143531181510098,-0.0017165274607417727,0.75,-0.00029517349086238104,7.0,-0.17195966718459957,True,AT_BOUND,1.0,7.0,-0.0009189774105454674,-0.00010206483049782146
stable_fly3,LI_STYLE_1D_PROJECTION,M3,15,6.823784360041848e-08,0.9811910103516879,-278.1247510338925,-271.4580843672258,-274.58450002838146,-9.19144210914456e-05,-0.0019930805676876906,0.75,0.00018335402519529436,1.0,0.09199529018940561,True,AT_BOUND,1.0,7.0,8.88380639138269e-13,0.00018335402519529436
stable_fly4,LI_STYLE_1D_PROJECTION,M0,15,9.677785742345946e-06,0.0,-211.80591444354533,-211.498222135853,-211.09786424244314,-0.00023944789639998476,0.0,,,,,False,OK,,,,
stable_fly4,LI_STYLE_1D_PROJECTION,M1,15,1.225257400736614e-06,0.8733948618664495,-238.80614721138383,-236.62432902956564,-236.6819966080772,0.0003168388105235752,-0.0022192636784202817,1.5,,,,False,OK,,,,
stable_fly4,LI_STYLE_1D_PROJECTION,M2,15,1.233959420434121e-07,0.9872495687207165,-269.2387671753997,-262.572100508733,-265.69851616988865,0.0007518481092372424,-0.001670949259137646,0.5,-0.0015972429274660797,3.25,-0.9558895452578823,True,AT_BOUND,3.0,4.0,-0.0018135284203205748,-0.0015501682983853475
stable_fly4,LI_STYLE_1D_PROJECTION,M3,15,1.225257400736614e-06,0.8733948618664495,-234.80614721138383,-228.13948054471717,-231.2658962058728,0.0003168388105835227,-0.002219263678648057,1.5,5.555506552619523e-21,6.25,2.5033107179061556e-18,True,SURROUND_POORLY_IDENTIFIED,1.25,7.0,2.3853181621620344e-27,0.0012566966806500362
stable_fly5,LI_STYLE_1D_PROJECTION,M0,15,4.720859570723937e-06,0.0,-222.5735479541195,-222.26585564642718,-221.8654977530173,-0.00023212263899175504,0.0,,,,,False,OK,,,,
stable_fly5,LI_STYLE_1D_PROJECTION,M1,15,9.747627866878296e-08,0.9793520063012942,-276.7756047802622,-274.593786598444,-274.65145417695555,2.4363252241912643e-05,-0.0020463996791612914,0.75,,,,False,OK,,,,
stable_fly5,LI_STYLE_1D_PROJECTION,M2,15,3.030796225631091e-08,0.9935799907194309,-290.29858368976664,-283.63191702309996,-286.7583326842556,-0.0004507512001406405,-0.00220350493063403,0.75,0.0005904211803071985,7.0,0.26794638491565,True,AT_BOUND,3.5,7.0,0.00027464491370595345,0.0005904211803071985
stable_fly5,LI_STYLE_1D_PROJECTION,M3,15,3.030796225631091e-08,0.9935799907194309,-290.29858368976664,-283.63191702309996,-286.7583326842556,-0.0004507512001406405,-0.00220350493063403,0.75,0.0005904211803071985,7.0,0.26794638491565,True,SURROUND_POORLY_IDENTIFIED,3.5,7.0,0.00027464491370595345,0.0005904211803071985
stable_population,LI_STYLE_1D_PROJECTION,M0,15,4.2582332984604865e-06,0.0,-224.12059605214034,-223.81290374444802,-223.41254585103815,-0.00021669992670798712,0.0,,,,,False,OK,,,,
stable_population,LI_STYLE_1D_PROJECTION,M1,15,1.322071831660022e-07,0.9689525740137817,-272.20418664764344,-270.02236846582525,-270.0800360443368,2.5597899067806876e-05,-0.0019331987055667607,0.75,,,,False,OK,,,,
stable_population,LI_STYLE_1D_PROJECTION,M2,15,4.7748185896682116e-08,0.9887868553576092,-283.48062445304157,-276.8139577863749,-279.94037344753053,1.4357685916200964e-05,-0.001390570681959421,0.5,-0.0006773935927990562,1.0,-0.487133521213432,True,AT_BOUND,1.0,1.0,-0.0006773935927990562,-0.0006773935927990562
stable_population,LI_STYLE_1D_PROJECTION,M3,15,6.969418359437978e-08,0.9836330753367654,-277.80798759368423,-271.14132092701755,-274.2677365881732,-5.264741931520841e-06,-0.0029827940123654455,0.75,0.0009719063748232031,1.0,0.3258375773835123,True,AT_BOUND,1.0,1.0,0.0009719063748232031,0.0009719063748232031
fly1,RADIAL_AVERAGE,M0,10,7.766032273267805e-05,0.0,-115.65751170950351,-115.15751170950351,-115.35492661650946,-0.0008048113641017327,0.0,,,,,False,OK,,,,
fly1,RADIAL_AVERAGE,M1,10,1.0040298086519104e-06,0.9870715215528014,-155.14073940237176,-151.14073940237176,-154.23298412338963,0.00013675401704658083,-0.015244482612059034,0.5,,,,True,AT_BOUND,,,,
fly1,RADIAL_AVERAGE,M2,10,3.5361688150939156e-07,0.99544662101487,-161.57636858491372,-146.57636858491372,-160.06344311994349,-2.172319763410954e-05,-0.013824139901578034,0.75,0.002059827412630793,2.0,0.14900221115352447,False,OK,1.75,2.5,0.0017096639322449802,0.002360880805157768
fly1,RADIAL_AVERAGE,M3,10,3.5361688150939156e-07,0.99544662101487,-161.57636858491372,-146.57636858491372,-160.06344311994349,-2.172319763410954e-05,-0.013824139901578034,0.75,0.002059827412630793,2.0,0.14900221115352447,False,OK,1.75,2.5,0.0017096639322449802,0.002360880805157768
fly2,RADIAL_AVERAGE,M0,10,0.0001310152352104346,0.0,-110.42782035203115,-109.92782035203115,-110.1252352590371,-0.0014066153369430591,0.0,,,,,False,OK,,,,
fly2,RADIAL_AVERAGE,M1,10,5.064101915609828e-07,0.9961347228759495,-161.98503933797636,-157.98503933797636,-161.07728405899422,1.4238960088021937e-05,-0.0151161581297644,0.75,,,,False,OK,,,,
fly2,RADIAL_AVERAGE,M2,10,2.049980523261138e-07,0.9984353113437773,-167.0285045169541,-152.0285045169541,-165.51557905198385,-2.60190152603133e-05,-0.014166910127626659,0.5,-0.004033996582739571,1.0,-0.284747806430489,True,AT_BOUND,1.0,1.25,-0.004033996582739571,0.0032322458695600784
fly2,RADIAL_AVERAGE,M3,10,2.1772615180290464e-07,0.9983381615775204,-166.42612841202703,-151.42612841202703,-164.9132029470568,-5.417768314733412e-05,-0.01869807939335639,0.75,0.0032322458695600784,1.0,0.17286512703056162,True,AT_BOUND,1.0,1.25,0.001551727141997486,0.0032322458695600784
fly3,RADIAL_AVERAGE,M0,10,3.4635595035412236e-05,0.0,-123.73213739454854,-123.23213739454854,-123.4295523015545,-0.0007217112530220179,0.0,,,,,False,OK,,,,
fly3,RADIAL_AVERAGE,M1,10,1.930377406283453e-07,0.9944266082210806,-171.6296521285533,-167.6296521285533,-170.72189684957115,8.212169485643533e-06,-0.007765495660110801,0.75,,,,False,OK,,,,
fly3,RADIAL_AVERAGE,M2,10,9.353980898090666e-08,0.9972993156639789,-174.87463819756127,-159.87463819756127,-173.36171273259103,5.343558345059676e-05,-0.004449397822046509,0.5,-0.003992077580339894,1.0,-0.8972174977385435,True,AT_BOUND,1.0,4.0,-0.003992077580339894,-0.00033042587387336535
fly3,RADIAL_AVERAGE,M3,10,1.9303774062834534e-07,0.9944266082210806,-167.6296521285533,-152.6296521285533,-166.11672666358305,8.212169487249807e-06,-0.007765495660127893,0.75,3.680667211580197e-26,1.0,4.739771126882039e-24,True,SURROUND_POORLY_IDENTIFIED,1.0,7.0,3.680667211580197e-26,6.296760782856381e-09
fly4,RADIAL_AVERAGE,M0,10,0.00011818798831900339,0.0,-111.4581917281679,-110.9581917281679,-111.15560663517385,-0.0017111972054886036,0.0,,,,,False,OK,,,,
fly4,RADIAL_AVERAGE,M1,10,4.1846511753448055e-06,0.9645932616768979,-140.86672301662873,-136.86672301662873,-139.9589677376466,-0.00038322682846360124,-0.014127986418239803,0.75,,,,False,OK,,,,
fly4,RADIAL_AVERAGE,M2,10,8.499479026225678e-07,0.9928085085911738,-152.80675873366738,-137.80675873366738,-151.29383326869714,0.00013928924988405305,-0.013516735681257615,0.5,-0.003601621776164486,2.25,-0.2664564774436269,True,AT_BOUND,2.0,3.75,-0.0038791839473787454,-0.00208009757579368
fly4,RADIAL_AVERAGE,M3,10,3.9173166854002426e-06,0.966855204652211,-137.5268875057662,-122.52688750576621,-136.01396204079597,-0.00021991220120874048,-0.016179973653863276,1.0,0.003424992608459236,1.25,0.21168097561403965,False,OK,1.0,7.0,3.378099611382678e-27,0.003424992608459236
fly5,RADIAL_AVERAGE,M0,10,0.0001789984315871596,0.0,-107.30718607238859,-106.80718607238859,-107.00460097939454,-0.001578770061302735,0.0,,,,,False,OK,,,,
fly5,RADIAL_AVERAGE,M1,10,1.9993268158584325e-07,0.9988830478579446,-171.2787021212303,-167.2787021212303,-170.37094684224817,8.430380617511287e-05,-0.017693079167092153,0.75,,,,False,OK,,,,
fly5,RADIAL_AVERAGE,M2,10,1.5777482661459472e-07,0.9991185686644535,-169.64682061411685,-154.64682061411685,-168.1338951491466,0.00011044886528555073,-0.016324266861533817,0.75,-0.001235185699310198,1.0,-0.07566561547831378,True,AT_BOUND,1.0,7.0,-0.001235185699310198,0.00022064588465597283
fly5,RADIAL_AVERAGE,M3,10,1.8460804576581184e-07,0.9989686610987095,-168.07616023957945,-153.07616023957945,-166.5632347746092,-6.118803086498342e-05,-0.017785187240407216,0.75,0.00021141245373103605,6.75,0.011886996233062738,False,OK,1.0,7.0,1.845707053429698e-12,0.00022064588465597283
population,RADIAL_AVERAGE,M0,10,0.00010027581514083714,0.0,-113.10171110281769,-112.60171110281769,-112.79912600982364,-0.00124462104417163,0.0,,,,,False,OK,,,,
population,RADIAL_AVERAGE,M1,10,1.444661847145243e-07,0.9985593117890728,-174.52805465590384,-170.52805465590384,-173.6202993769217,-6.44831202700855e-08,-0.01324056507243445,0.75,,,,False,OK,,,,
population,RADIAL_AVERAGE,M2,10,1.0903785517233164e-07,0.9989126206052856,-173.3415581284531,-158.3415581284531,-171.82863266348286,1.5268439798382307e-05,-0.010239051249956834,0.5,-0.005006576112456874,1.0,-0.48896875210757257,True,AT_BOUND,1.0,7.0,-0.005006576112456874,-0.0001317391080418544
population,RADIAL_AVERAGE,M3,10,1.433163833698337e-07,0.9985707781764871,-170.60796272473,-155.60796272473,-169.09503725975975,-4.382275757374915e-06,-0.01346662108055256,0.75,0.00020398790055933987,1.0,0.015147667654651933,True,AT_BOUND,1.0,7.0,6.314505097371008e-13,0.00020398790055933987
stable_fly1,RADIAL_AVERAGE,M0,10,0.000633179596393845,0.0,-94.67341546474671,-94.17341546474671,-94.37083037175266,-0.002618180289285438,0.0,,,,,False,OK,,,,
stable_fly1,RADIAL_AVERAGE,M1,10,5.394505019666628e-06,0.991480292399834,-138.32714804433854,-134.32714804433854,-137.4193927653564,7.634382541525658e-05,-0.043625888161087964,0.5,,,,True,AT_BOUND,,,,
stable_fly1,RADIAL_AVERAGE,M2,10,4.614277747714778e-07,0.9992712529313966,-158.91525389281998,-143.91525389281998,-157.40232842784974,-0.0002235387253977133,-0.03855004673764596,0.75,0.004902596530391766,2.0,0.127174853087899,False,OK,1.75,2.0,0.004902596530391766,0.00564931221225603
stable_fly1,RADIAL_AVERAGE,M3,10,4.614277747714778e-07,0.9992712529313966,-158.91525389281998,-143.91525389281998,-157.40232842784974,-0.0002235387253977133,-0.03855004673764596,0.75,0.004902596530391766,2.0,0.127174853087899,False,OK,1.75,2.0,0.004902596530391766,0.00564931221225603
stable_fly2,RADIAL_AVERAGE,M0,10,0.00035425354270650643,0.0,-100.48082771854597,-99.98082771854597,-100.17824262555192,-0.0021389781387026775,0.0,,,,,False,OK,,,,
stable_fly2,RADIAL_AVERAGE,M1,10,1.5657202910656208e-06,0.9955802268649073,-150.69749682966508,-146.69749682966508,-149.78974155068295,0.00019676368625118007,-0.024849446456320666,0.75,,,,False,OK,,,,
stable_fly2,RADIAL_AVERAGE,M2,10,4.268454900832108e-07,0.9987950847666276,-159.69428832117535,-144.69428832117535,-158.1813628562051,6.087341448539955e-05,-0.0319639178909789,0.75,0.006419940366225944,1.0,0.200849607614523,True,AT_BOUND,1.0,1.25,-0.00604430996200244,0.006419940366225944
stable_fly2,RADIAL_AVERAGE,M3,10,4.268454900832108e-07,0.9987950847666276,-159.69428832117535,-144.69428832117535,-158.1813628562051,6.087341448539955e-05,-0.0319639178909789,0.75,0.006419940366225944,1.0,0.200849607614523,True,AT_BOUND,1.0,1.25,0.0032014766967956854,0.006419940366225944
stable_fly3,RADIAL_AVERAGE,M0,10,0.00026992451416353076,0.0,-103.19953308221037,-102.69953308221037,-102.89694798921632,-0.002148770817564668,0.0,,,,,False,OK,,,,
stable_fly3,RADIAL_AVERAGE,M1,10,6.455702570719763e-07,0.9976083303916559,-159.55716884256674,-155.55716884256674,-158.6494135635846,-0.00010782816028273448,-0.021713142583106387,0.75,,,,False,OK,,,,
stable_fly3,RADIAL_AVERAGE,M2,10,5.360099595642248e-07,0.9980142227495518,-157.41698187765746,-142.41698187765746,-155.90405641268723,-5.8126627812222916e-05,-0.02052772606992253,0.75,-0.0010284771648144267,1.25,-0.05010185547640193,False,OK,1.0,7.0,-0.009585300432693785,-0.00033466462292829936
stable_fly3,RADIAL_AVERAGE,M3,10,6.455702571059319e-07,0.9976083303915301,-155.55716884204077,-140.55716884204077,-154.04424337707053,-0.00010782816035234185,-0.021713142583158224,0.75,1.0673957831352656e-13,6.25,4.915897268427602e-12,True,SURROUND_POORLY_IDENTIFIED,1.0,7.0,1.0673957831352656e-13,3.889251023033102e-09
stable_fly4,RADIAL_AVERAGE,M0,10,0.00042548579326787497,0.0,-98.64864091826912,-98.14864091826912,-98.34605582527507,-0.0026783023884370946,0.0,,,,,False,OK,,,,
stable_fly4,RADIAL_AVERAGE,M1,10,4.528515632649953e-06,0.9893568346950684,-140.07701440072242,-136.07701440072242,-139.16925912174028,-0.00012649073591985643,-0.02714816609797829,0.75,,,,False,OK,,,,
stable_fly4,RADIAL_AVERAGE,M2,10,9.495966258488028e-07,0.9977682060344352,-151.69813639885513,-136.69813639885513,-150.1852109338849,0.00024856766822696226,-0.027619189027411655,0.5,-0.005566905008403412,1.75,-0.20155932177727368,True,AT_BOUND,1.75,2.0,-0.005566905008403412,-0.004968602659415286
stable_fly4,RADIAL_AVERAGE,M3,10,4.528515632649954e-06,0.9893568346950684,-136.07701440072242,-121.07701440072242,-134.56408893575218,-0.00012649073592956378,-0.02714816609796433,0.75,8.783146503851635e-26,2.5,3.235263285246449e-24,True,SURROUND_POORLY_IDENTIFIED,1.0,7.0,8.783146503851635e-26,5.827683456917265e-10
stable_fly5,RADIAL_AVERAGE,M0,10,0.00040223290122292076,0.0,-99.21064373825432,-98.71064373825432,-98.90805864526027,-0.0025208676199423895,0.0,,,,,False,OK,,,,
stable_fly5,RADIAL_AVERAGE,M1,10,4.276885350367785e-07,0.9989367141928558,-163.67455721153442,-159.67455721153442,-162.76680193255228,-2.7780881860037178e-05,-0.02652340457625894,0.75,,,,False,OK,,,,
stable_fly5,RADIAL_AVERAGE,M2,10,3.3614848402567257e-07,0.9991642939127962,-162.08297950850624,-147.08297950850624,-160.570054043536,-0.0004077383442154547,-0.02674621824985435,0.75,0.000539363899232463,7.0,0.020165987362919992,True,AT_BOUND,1.0,7.0,-0.0014367534049059098,0.000539363899232463
stable_fly5,RADIAL_AVERAGE,M3,10,3.3614848402567257e-07,0.9991642939127962,-162.08297950850624,-147.08297950850624,-160.570054043536,-0.0004077383442154547,-0.02674621824985435,0.75,0.000539363899232463,7.0,0.020165987362919992,True,SURROUND_POORLY_IDENTIFIED,3.0,7.0,0.00018209531851140362,0.000539363899232463
stable_population,RADIAL_AVERAGE,M0,10,0.0004061831294183977,0.0,-99.11291535371741,-98.61291535371741,-98.81033026072336,-0.0024210198507864543,0.0,,,,,False,OK,,,,
stable_population,RADIAL_AVERAGE,M1,10,5.162775844119914e-07,0.9987289536491798,-161.79206354817626,-157.79206354817626,-160.88430826919412,8.401842495189393e-05,-0.026650554371617525,0.75,,,,False,OK,,,,
stable_population,RADIAL_AVERAGE,M2,10,1.8955881038043398e-07,0.9995333168793794,-167.81151608549547,-152.81151608549547,-166.29859062052523,1.1234173361597594e-05,-0.030461139721867248,0.75,0.0034385872420320818,1.0,0.11288439216092794,True,AT_BOUND,1.0,1.25,0.001709801195248951,0.0034385872420320818
stable_population,RADIAL_AVERAGE,M3,10,1.8955881038043398e-07,0.9995333168793794,-167.81151608549547,-152.81151608549547,-166.29859062052523,1.1234173361597594e-05,-0.030461139721867248,0.75,0.0034385872420320818,1.0,0.11288439216092794,True,AT_BOUND,1.0,1.25,0.001709801195248951,0.0034385872420320818
