unit,model,center_amplitude,center_sigma_px,surround_amplitude,surround_sigma_px,relative_surround_amplitude,near_optimal_sigma_min_px,near_optimal_sigma_max_px,near_optimal_amplitude_min,near_optimal_amplitude_max,parameter_at_bound,fit_status
fly1,M2,-0.0008540779961049943,0.5,0.0004457726089908229,3.25,0.5219343093063631,1.75,4.75,0.00042369440296018357,0.0007765675874799286,True,AT_BOUND
fly1,M3,-0.0008540779961049943,0.5,0.0004457726089908229,3.25,0.5219343093063631,1.75,4.75,0.00042369440296018357,0.0007765675874799286,True,AT_BOUND
fly2,M2,-0.001001708567080994,0.5,-0.000856698721306317,7.0,-0.8552374906833037,5.25,7.0,-0.000856698721306317,-0.0005701254219796768,True,AT_BOUND
fly2,M3,-0.0014512551103576107,0.75,0.0003180292022800712,1.0,0.21914079751402504,1.0,7.0,2.9693822643678115e-13,0.0003180292022800712,True,AT_BOUND
fly3,M2,-0.0006478717650589146,0.75,-0.00019407170137205883,7.0,-0.2995526458147328,4.0,7.0,-0.00019407170137205883,-9.595310507792726e-05,True,AT_BOUND
fly3,M3,-0.0006995123319845575,0.75,5.430914865321444e-12,6.25,7.763858644083686e-09,1.0,7.0,5.430914865321444e-12,2.965962506876582e-08,True,SURROUND_POORLY_IDENTIFIED
fly4,M2,-0.0009327902370432069,0.75,-0.003389208039861589,7.0,-3.633408568473901,4.5,7.0,-0.003389208039861589,-0.002100519425008318,True,AT_BOUND
fly4,M3,-0.0018366466442169094,3.0,6.323004145272289e-25,6.25,3.442689515254159e-22,3.0,7.0,2.2950527530821202e-26,0.009916029740054184,True,SURROUND_POORLY_IDENTIFIED
fly5,M2,-0.0014731445848554228,0.75,0.000601535913716649,7.0,0.4083346060534071,4.75,7.0,0.0003611711957469102,0.000601535913716649,True,AT_BOUND
fly5,M3,-0.0014731445848554228,0.75,0.000601535913716649,7.0,0.4083346060534071,4.75,7.0,0.0003611711957469102,0.000601535913716649,True,SURROUND_POORLY_IDENTIFIED
population,M2,-0.0009483211648439401,0.75,-0.0004742026749355385,7.0,-0.5000443863483479,2.25,7.0,-0.0005052472477970124,-0.00026105475133748977,True,AT_BOUND
population,M3,-0.0010745018186327975,0.75,2.4909679147062525e-13,6.25,2.3182537912088181e-10,1.0,7.0,2.4909679147062525e-13,3.708416944489882e-07,True,SURROUND_POORLY_IDENTIFIED
stable_fly1,M2,-0.0034785197464923226,0.75,0.001930557232571179,1.75,0.5549938977687042,1.75,2.0,0.0017157492282527348,0.001930557232571179,False,OK
stable_fly1,M3,-0.0034785197464923226,0.75,0.001930557232571179,1.75,0.5549938977687042,1.75,2.0,0.0017157492282527348,0.001930557232571179,False,OK
stable_fly2,M2,-0.001629669465984826,0.5,-0.0011435167921869042,7.0,-0.7016863333669108,5.25,7.0,-0.0011435167921869042,-0.0007499682404784386,True,AT_BOUND
stable_fly2,M3,-0.002757923818131663,0.75,0.0009592498514658266,1.0,0.34781593500130253,1.0,1.25,0.00038058602619531873,0.0009592498514658266,True,AT_BOUND
stable_fly3,M2,-0.0017165274607417727,0.75,-0.00029517349086238104,7.0,-0.17195966718459957,1.0,7.0,-0.0009189774105454674,-0.00010206483049782146,True,AT_BOUND
stable_fly3,M3,-0.0019930805676876906,0.75,0.00018335402519529436,1.0,0.09199529018940561,1.0,7.0,8.88380639138269e-13,0.00018335402519529436,True,AT_BOUND
stable_fly4,M2,-0.001670949259137646,0.5,-0.0015972429274660797,3.25,-0.9558895452578823,3.0,4.0,-0.0018135284203205748,-0.0015501682983853475,True,AT_BOUND
stable_fly4,M3,-0.002219263678648057,1.5,5.555506552619523e-21,6.25,2.5033107179061556e-18,1.25,7.0,2.3853181621620344e-27,0.0012566966806500362,True,SURROUND_POORLY_IDENTIFIED
stable_fly5,M2,-0.00220350493063403,0.75,0.0005904211803071985,7.0,0.26794638491565,3.5,7.0,0.00027464491370595345,0.0005904211803071985,True,AT_BOUND
stable_fly5,M3,-0.00220350493063403,0.75,0.0005904211803071985,7.0,0.26794638491565,3.5,7.0,0.00027464491370595345,0.0005904211803071985,True,SURROUND_POORLY_IDENTIFIED
stable_population,M2,-0.001390570681959421,0.5,-0.0006773935927990562,1.0,-0.487133521213432,1.0,1.0,-0.0006773935927990562,-0.0006773935927990562,True,AT_BOUND
stable_population,M3,-0.0029827940123654455,0.75,0.0009719063748232031,1.0,0.3258375773835123,1.0,1.0,0.0009719063748232031,0.0009719063748232031,True,AT_BOUND
