unit,representation,position_px,observed,M0,M1,M2,M3,M1_residual
fly1,LI_STYLE_1D_PROJECTION,-7.0,-0.00011312858684274431,4.6886764196024317e-05,9.55858183329048e-05,-7.403067708512134e-05,-7.403067708512134e-05,-0.00020871440517564912
fly1,LI_STYLE_1D_PROJECTION,-6.0,5.2338359904685325e-05,4.6886764196024317e-05,9.55858183329048e-05,-3.676038929027308e-05,-3.676038929027308e-05,-4.324745842821948e-05
fly1,LI_STYLE_1D_PROJECTION,-5.0,-1.6753054578666307e-05,4.6886764196024317e-05,9.55858183329048e-05,1.864806206752507e-05,1.864806206752507e-05,-0.00011233887291157112
fly1,LI_STYLE_1D_PROJECTION,-4.0,3.543454208573385e-05,4.6886764196024317e-05,9.558581833289753e-05,9.115726811651675e-05,9.115726811651675e-05,-6.0151276247163674e-05
fly1,LI_STYLE_1D_PROJECTION,-3.0,0.00020471582968895844,4.6886764196024317e-05,9.55858095820822e-05,0.00017327193459364357,0.00017327193459364357,0.00010913002010687624
fly1,LI_STYLE_1D_PROJECTION,-2.0,0.0002935233214744924,4.6886764196024317e-05,9.5393068638287e-05,0.00025073014593446954,0.00025073014593446954,0.0001981302528362054
fly1,LI_STYLE_1D_PROJECTION,-1.0,0.00015343622648176847,4.6886764196024317e-05,1.7825041587150213e-05,0.0001917166266923684,0.0001917166266923684,0.00013561118489461825
fly1,LI_STYLE_1D_PROJECTION,0.0,-0.000515831813488091,4.6886764196024317e-05,-0.0004789929233378978,-0.0005261644791178916,-0.0005261644791178916,-3.683889015019322e-05
fly1,LI_STYLE_1D_PROJECTION,1.0,0.00015343622648176847,4.6886764196024317e-05,1.7825041587150213e-05,0.0001917166266923684,0.0001917166266923684,0.00013561118489461825
fly1,LI_STYLE_1D_PROJECTION,2.0,0.0002935233214744924,4.6886764196024317e-05,9.5393068638287e-05,0.00025073014593446954,0.00025073014593446954,0.0001981302528362054
fly1,LI_STYLE_1D_PROJECTION,3.0,0.00020471582968895841,4.6886764196024317e-05,9.55858095820822e-05,0.00017327193459364357,0.00017327193459364357,0.00010913002010687621
fly1,LI_STYLE_1D_PROJECTION,4.0,3.543454208573387e-05,4.6886764196024317e-05,9.558581833289753e-05,9.115726811651675e-05,9.115726811651675e-05,-6.0151276247163654e-05
fly1,LI_STYLE_1D_PROJECTION,5.0,-1.6753054578666328e-05,4.6886764196024317e-05,9.55858183329048e-05,1.864806206752507e-05,1.864806206752507e-05,-0.00011233887291157113
fly1,LI_STYLE_1D_PROJECTION,6.0,5.2338359904685304e-05,4.6886764196024317e-05,9.55858183329048e-05,-3.676038929027308e-05,-3.676038929027308e-05,-4.32474584282195e-05
fly1,LI_STYLE_1D_PROJECTION,7.0,-0.00011312858684274427,4.6886764196024317e-05,9.55858183329048e-05,-7.403067708512134e-05,-7.403067708512134e-05,-0.0002087144051756491
fly2,LI_STYLE_1D_PROJECTION,-7.0,0.00014604906756486607,-0.00016187484284419494,-2.3027971634208693e-05,0.00012137245375226267,-3.312690847056847e-05,0.00016907703919907477
fly2,LI_STYLE_1D_PROJECTION,-6.0,4.1348409680493805e-05,-0.00016187484284419494,-2.3027971634222724e-05,4.7663239898579606e-05,-3.312690363429056e-05,6.437638131471653e-05
fly2,LI_STYLE_1D_PROJECTION,-5.0,-7.371355313211913e-05,-0.00016187484284419494,-2.302797188165136e-05,-2.2815740183401473e-05,-3.3125723617471904e-05,-5.068558125046777e-05
fly2,LI_STYLE_1D_PROJECTION,-4.0,-6.743006792260795e-05,-0.00016187484284419494,-2.302870925040604e-05,-8.666411461422921e-05,-3.302118786401485e-05,-4.440135867220191e-05
fly2,LI_STYLE_1D_PROJECTION,-3.0,-0.00015473143532031592,-0.00016187484284419494,-2.3399598601391075e-05,-0.00014054042202033803,-3.008076502373873e-05,-0.00013133183671892485
fly2,LI_STYLE_1D_PROJECTION,-2.0,-0.00012101264941281477,-0.00016187484284419494,-5.4672958406605185e-05,-0.00018178497542352824,-3.154216530326612e-05,-6.633969100620958e-05
fly2,LI_STYLE_1D_PROJECTION,-1.0,-0.000381045920572284,-0.00016187484284419494,-0.0004784599660946672,-0.0003425813657277232,-0.0004368612591404148,9.741404552238321e-05
fly2,LI_STYLE_1D_PROJECTION,0.0,-0.00120705034443336,-0.00016187484284419494,-0.0011308323476566186,-0.0012174207940261585,-0.00116635281655539,-7.621799677674139e-05
fly2,LI_STYLE_1D_PROJECTION,1.0,-0.000381045920572284,-0.00016187484284419494,-0.0004784599660946672,-0.0003425813657277232,-0.0004368612591404148,9.741404552238321e-05
fly2,LI_STYLE_1D_PROJECTION,2.0,-0.00012101264941281477,-0.00016187484284419494,-5.4672958406605185e-05,-0.00018178497542352824,-3.154216530326612e-05,-6.633969100620958e-05
fly2,LI_STYLE_1D_PROJECTION,3.0,-0.0001547314353203159,-0.00016187484284419494,-2.3399598601391075e-05,-0.00014054042202033803,-3.008076502373873e-05,-0.00013133183671892483
fly2,LI_STYLE_1D_PROJECTION,4.0,-6.743006792260796e-05,-0.00016187484284419494,-2.302870925040604e-05,-8.666411461422921e-05,-3.302118786401485e-05,-4.440135867220192e-05
fly2,LI_STYLE_1D_PROJECTION,5.0,-7.371355313211915e-05,-0.00016187484284419494,-2.302797188165136e-05,-2.2815740183401473e-05,-3.3125723617471904e-05,-5.068558125046778e-05
fly2,LI_STYLE_1D_PROJECTION,6.0,4.134840968049368e-05,-0.00016187484284419494,-2.3027971634222724e-05,4.7663239898579606e-05,-3.312690363429056e-05,6.437638131471641e-05
fly2,LI_STYLE_1D_PROJECTION,7.0,0.00014604906756486612,-0.00016187484284419494,-2.3027971634208693e-05,0.00012137245375226267,-3.312690847056847e-05,0.00016907703919907482
fly3,LI_STYLE_1D_PROJECTION,-7.0,7.266051765664089e-05,-6.288781866286865e-05,2.4785691687212613e-05,6.324558386499087e-05,2.4785690436416726e-05,4.787482596942827e-05
fly3,LI_STYLE_1D_PROJECTION,-6.0,5.55744668481654e-05,-6.288781866286865e-05,2.4785691687203754e-05,4.6547913863130975e-05,2.478569096154297e-05,3.078877516096164e-05
fly3,LI_STYLE_1D_PROJECTION,-5.0,-7.574487826856671e-06,-6.288781866286865e-05,2.478569153096734e-05,3.058200267490438e-05,2.4785691323254086e-05,-3.236017935782401e-05
fly3,LI_STYLE_1D_PROJECTION,-4.0,1.993886657586676e-05,-6.288781866286865e-05,2.4785225926617876e-05,1.6117720444618685e-05,2.4785226200415028e-05,-4.846359350751115e-06
fly3,LI_STYLE_1D_PROJECTION,-3.0,2.6006901993671087e-05,-6.288781866286865e-05,2.4551031442659043e-05,3.6959833911757664e-06,2.455103213067356e-05,1.4558705510120443e-06
fly3,LI_STYLE_1D_PROJECTION,-2.0,-3.7234288149464836e-05,-6.288781866286865e-05,4.803771668849643e-06,-2.386064980004635e-05,4.803772627588701e-06,-4.203805981831448e-05
fly3,LI_STYLE_1D_PROJECTION,-1.0,-0.00026631640076312104,-6.288781866286865e-05,-0.0002627924246370633,-0.00027749347165967195,-0.00026279242414250766,-3.523976126057764e-06
fly3,LI_STYLE_1D_PROJECTION,0.0,-0.0006694284326128332,-6.288781866286865e-05,-0.0006747266385559236,-0.0006609874455012346,-0.0006747266390177969,5.298205943090424e-06
fly3,LI_STYLE_1D_PROJECTION,1.0,-0.0002663164007631209,-6.288781866286865e-05,-0.0002627924246370633,-0.00027749347165967195,-0.00026279242414250766,-3.5239761260576013e-06
fly3,LI_STYLE_1D_PROJECTION,2.0,-3.7234288149464755e-05,-6.288781866286865e-05,4.803771668849643e-06,-2.386064980004635e-05,4.803772627588701e-06,-4.20380598183144e-05
fly3,LI_STYLE_1D_PROJECTION,3.0,2.6006901993671033e-05,-6.288781866286865e-05,2.4551031442659043e-05,3.6959833911757664e-06,2.455103213067356e-05,1.45587055101199e-06
fly3,LI_STYLE_1D_PROJECTION,4.0,1.9938866575866713e-05,-6.288781866286865e-05,2.4785225926617876e-05,1.6117720444618685e-05,2.4785226200415028e-05,-4.846359350751162e-06
fly3,LI_STYLE_1D_PROJECTION,5.0,-7.574487826856749e-06,-6.288781866286865e-05,2.478569153096734e-05,3.058200267490438e-05,2.4785691323254086e-05,-3.236017935782409e-05
fly3,LI_STYLE_1D_PROJECTION,6.0,5.557446684816542e-05,-6.288781866286865e-05,2.4785691687203754e-05,4.6547913863130975e-05,2.478569096154297e-05,3.078877516096167e-05
fly3,LI_STYLE_1D_PROJECTION,7.0,7.26605176566408e-05,-6.288781866286865e-05,2.4785691687212613e-05,6.324558386499087e-05,2.4785690436416726e-05,4.787482596942819e-05
fly4,LI_STYLE_1D_PROJECTION,-7.0,0.0005551251208565196,-0.0002972647806008354,0.0004917076515459618,0.0006043299350857725,0.000491707651557259,6.341746931055783e-05
fly4,LI_STYLE_1D_PROJECTION,-6.0,0.00042440159717173305,-0.0002972647806008354,0.00036386463925998537,0.00031272700164860796,0.0003638646392694551,6.0536957911747676e-05
fly4,LI_STYLE_1D_PROJECTION,-5.0,8.186742398329612e-06,-0.0002972647806008354,0.0001544558355847531,3.390327964124121e-05,0.00015445583559122952,-0.00014626909318642348
fly4,LI_STYLE_1D_PROJECTION,-4.0,-0.0003012208481249725,-0.0002972647806008354,-0.00014264027568845793,-0.00021868955197600244,-0.00014264027568622816,-0.00015858057243651455
fly4,LI_STYLE_1D_PROJECTION,-3.0,-0.00038517524703819207,-0.0002972647806008354,-0.0005015547677028509,-0.00043214324444163475,-0.0005015547677057516,0.00011637952066465885
fly4,LI_STYLE_1D_PROJECTION,-2.0,-0.0006568862791030831,-0.0002972647806008354,-0.0008582439308879948,-0.0006203152567573092,-0.000858243930895994,0.00020135765178491173
fly4,LI_STYLE_1D_PROJECTION,-1.0,-0.0010199592549403331,-0.0002972647806008354,-0.0011249655510508839,-0.00107829314095773,-0.0011249655510626956,0.00010500629611055073
fly4,LI_STYLE_1D_PROJECTION,0.0,-0.0017079153714525336,-0.0002972647806008354,-0.001224218911133554,-0.0016620097534984129,-0.0012242189111467845,-0.0004836964603189796
fly4,LI_STYLE_1D_PROJECTION,1.0,-0.001019959254940333,-0.0002972647806008354,-0.0011249655510508839,-0.00107829314095773,-0.0011249655510626956,0.00010500629611055095
fly4,LI_STYLE_1D_PROJECTION,2.0,-0.000656886279103083,-0.0002972647806008354,-0.0008582439308879948,-0.0006203152567573092,-0.000858243930895994,0.00020135765178491184
fly4,LI_STYLE_1D_PROJECTION,3.0,-0.00038517524703819196,-0.0002972647806008354,-0.0005015547677028509,-0.00043214324444163475,-0.0005015547677057516,0.00011637952066465896
fly4,LI_STYLE_1D_PROJECTION,4.0,-0.0003012208481249725,-0.0002972647806008354,-0.00014264027568845793,-0.00021868955197600244,-0.00014264027568622816,-0.00015858057243651455
fly4,LI_STYLE_1D_PROJECTION,5.0,8.18674239832941e-06,-0.0002972647806008354,0.0001544558355847531,3.390327964124121e-05,0.00015445583559122952,-0.00014626909318642367
fly4,LI_STYLE_1D_PROJECTION,6.0,0.00042440159717173305,-0.0002972647806008354,0.00036386463925998537,0.00031272700164860796,0.0003638646392694551,6.0536957911747676e-05
fly4,LI_STYLE_1D_PROJECTION,7.0,0.0005551251208565195,-0.0002972647806008354,0.0004917076515459618,0.0006043299350857725,0.000491707651557259,6.341746931055772e-05
fly5,LI_STYLE_1D_PROJECTION,-7.0,-7.245153837644786e-05,-0.00010204968869999669,6.252566887258921e-05,-5.6682882498076796e-05,-5.6682882498076796e-05,-0.00013497720724903707
fly5,LI_STYLE_1D_PROJECTION,-6.0,6.763555832294656e-06,-0.00010204968869999669,6.252566887257258e-05,-4.927535837600584e-06,-4.927535837600584e-06,-5.576211304027792e-05
fly5,LI_STYLE_1D_PROJECTION,-5.0,6.39745677734671e-05,-0.00010204968869999669,6.252566857929513e-05,4.455968335062056e-05,4.455968335062056e-05,1.4488991941719655e-06
fly5,LI_STYLE_1D_PROJECTION,-4.0,9.527371970373268e-05,-0.00010204968869999669,6.252479457525451e-05,8.939020459071547e-05,8.939020459071547e-05,3.274892512847817e-05
fly5,LI_STYLE_1D_PROJECTION,-3.0,0.00010309329681691424,-0.00010204968869999669,6.208517899712662e-05,0.0001267265476076035,0.0001267265476076035,4.1008117819787615e-05
fly5,LI_STYLE_1D_PROJECTION,-2.0,8.740007331232043e-05,-0.00010204968869999669,2.5016829328264407e-05,0.00011386378041669331,0.00011386378041669331,6.238324398405602e-05
fly5,LI_STYLE_1D_PROJECTION,-1.0,-0.0003839938212101096,-0.00010204968869999669,-0.00047729840267577366,-0.00043173169876780564,-0.00043173169876780564,9.330458146566408e-05
fly5,LI_STYLE_1D_PROJECTION,0.0,-0.001330865038204294,-0.00010204968869999669,-0.0012505561435986075,-0.0012931415282242515,-0.0012931415282242515,-8.030889460568648e-05
fly5,LI_STYLE_1D_PROJECTION,1.0,-0.00038399382121010936,-0.00010204968869999669,-0.00047729840267577366,-0.00043173169876780564,-0.00043173169876780564,9.33045814656643e-05
fly5,LI_STYLE_1D_PROJECTION,2.0,8.740007331232036e-05,-0.00010204968869999669,2.5016829328264407e-05,0.00011386378041669331,0.00011386378041669331,6.238324398405596e-05
fly5,LI_STYLE_1D_PROJECTION,3.0,0.00010309329681691429,-0.00010204968869999669,6.208517899712662e-05,0.0001267265476076035,0.0001267265476076035,4.100811781978767e-05
fly5,LI_STYLE_1D_PROJECTION,4.0,9.527371970373264e-05,-0.00010204968869999669,6.252479457525451e-05,8.939020459071547e-05,8.939020459071547e-05,3.274892512847813e-05
fly5,LI_STYLE_1D_PROJECTION,5.0,6.397456777346711e-05,-0.00010204968869999669,6.252566857929513e-05,4.455968335062056e-05,4.455968335062056e-05,1.448899194171979e-06
fly5,LI_STYLE_1D_PROJECTION,6.0,6.7635558322947e-06,-0.00010204968869999669,6.252566887257258e-05,-4.927535837600584e-06,-4.927535837600584e-06,-5.5762113040277875e-05
fly5,LI_STYLE_1D_PROJECTION,7.0,-7.24515383764479e-05,-0.00010204968869999669,6.252566887258921e-05,-5.6682882498076796e-05,-5.6682882498076796e-05,-0.0001349772072490371
population,LI_STYLE_1D_PROJECTION,-7.0,0.00011765091617176688,-0.00011543807332237427,1.9234815541982195e-05,0.00011320927765828424,1.923481548461271e-05,9.841610062978468e-05
population,LI_STYLE_1D_PROJECTION,-6.0,0.00011608527788747445,-0.00011543807332237427,1.923481554196859e-05,7.240951280801692e-05,1.9234815508685188e-05,9.685046234550586e-05
population,LI_STYLE_1D_PROJECTION,-5.0,-5.175957073169086e-06,-0.00011543807332237427,1.923481530197809e-05,3.339775729599995e-05,1.9234815292451104e-05,-2.4410772375147176e-05
population,LI_STYLE_1D_PROJECTION,-4.0,-4.360075753644943e-05,-0.00011543807332237427,1.92341000998314e-05,-1.944434717580327e-06,1.9234100112389586e-05,-6.283485763628083e-05
population,LI_STYLE_1D_PROJECTION,-3.0,-4.121813077179285e-05,-0.00011543807332237427,1.8874360338244404e-05,-3.208371083856864e-05,1.8874360369801273e-05,-6.009249111003726e-05
population,LI_STYLE_1D_PROJECTION,-2.0,-8.684196437570995e-05,-0.00011543807332237427,-1.1458866998892148e-05,-8.149867826416906e-05,-1.1458866954918134e-05,-7.53830973768178e-05
population,LI_STYLE_1D_PROJECTION,-1.0,-0.0003795758342008159,-0.00011543807332237427,-0.0004225060882374486,-0.00045842722343226696,-0.00042250608821476536,4.293025403663271e-05
population,LI_STYLE_1D_PROJECTION,0.0,-0.0010862182000382224,-0.00011543807332237427,-0.0010552670030109415,-0.0010216961008550469,-0.001055267003032127,-3.0951197027280974e-05
population,LI_STYLE_1D_PROJECTION,1.0,-0.0003795758342008157,-0.00011543807332237427,-0.0004225060882374486,-0.00045842722343226696,-0.00042250608821476536,4.293025403663293e-05
population,LI_STYLE_1D_PROJECTION,2.0,-8.684196437570995e-05,-0.00011543807332237427,-1.1458866998892148e-05,-8.149867826416906e-05,-1.1458866954918134e-05,-7.53830973768178e-05
population,LI_STYLE_1D_PROJECTION,3.0,-4.1218130771792826e-05,-0.00011543807332237427,1.8874360338244404e-05,-3.208371083856864e-05,1.8874360369801273e-05,-6.0092491110037233e-05
population,LI_STYLE_1D_PROJECTION,4.0,-4.360075753644944e-05,-0.00011543807332237427,1.92341000998314e-05,-1.944434717580327e-06,1.9234100112389586e-05,-6.283485763628084e-05
population,LI_STYLE_1D_PROJECTION,5.0,-5.1759570731691335e-06,-0.00011543807332237427,1.923481530197809e-05,3.339775729599995e-05,1.9234815292451104e-05,-2.4410772375147223e-05
population,LI_STYLE_1D_PROJECTION,6.0,0.00011608527788747444,-0.00011543807332237427,1.923481554196859e-05,7.240951280801692e-05,1.9234815508685188e-05,9.685046234550584e-05
population,LI_STYLE_1D_PROJECTION,7.0,0.00011765091617176684,-0.00011543807332237427,1.9234815541982195e-05,0.00011320927765828424,1.923481548461271e-05,9.841610062978464e-05
stable_fly1,LI_STYLE_1D_PROJECTION,-7.0,-0.00039953145311435485,-0.0001562544328718839,-1.4168549611987287e-06,-0.0002841900167573541,-0.0002841900167573541,-0.0003981145981531561
stable_fly1,LI_STYLE_1D_PROJECTION,-6.0,-0.00022980540223272876,-0.0001562544328718839,-1.4168549611987287e-06,-0.00027942892398872946,-0.00027942892398872946,-0.00022838854727153004
stable_fly1,LI_STYLE_1D_PROJECTION,-5.0,-0.00025621914797762627,-0.0001562544328718839,-1.4168549611987287e-06,-0.00025225006490847175,-0.00025225006490847175,-0.0002548022930164275
stable_fly1,LI_STYLE_1D_PROJECTION,-4.0,-6.920626359800241e-05,-0.0001562544328718839,-1.4168549612218643e-06,-0.00014319565158363634,-0.00014319565158363634,-6.778940863678054e-05
stable_fly1,LI_STYLE_1D_PROJECTION,-3.0,0.00021547329855986337,-0.0001562544328718839,-1.416882784247856e-06,0.00015815159755810373,0.00015815159755810373,0.00021689018134411121
stable_fly1,LI_STYLE_1D_PROJECTION,-2.0,0.0005027681032875688,-0.0001562544328718839,-2.029698401109471e-06,0.0006205554402216528,0.0006205554402216528,0.0005047978016886783
stable_fly1,LI_STYLE_1D_PROJECTION,-1.0,1.4540355265957027e-05,-0.0001562544328718839,-0.00024865554452432697,-7.51505468401675e-05,-7.51505468401675e-05,0.000263195899790284
stable_fly1,LI_STYLE_1D_PROJECTION,0.0,-0.0018998554734596122,-0.0001562544328718839,-0.001828277401969253,-0.0018328001604810522,-0.0018328001604810522,-7.15780714903593e-05
stable_fly1,LI_STYLE_1D_PROJECTION,1.0,1.4540355265957135e-05,-0.0001562544328718839,-0.00024865554452432697,-7.51505468401675e-05,-7.51505468401675e-05,0.0002631958997902841
stable_fly1,LI_STYLE_1D_PROJECTION,2.0,0.0005027681032875688,-0.0001562544328718839,-2.029698401109471e-06,0.0006205554402216528,0.0006205554402216528,0.0005047978016886783
stable_fly1,LI_STYLE_1D_PROJECTION,3.0,0.0002154732985598634,-0.0001562544328718839,-1.416882784247856e-06,0.00015815159755810373,0.00015815159755810373,0.00021689018134411124
stable_fly1,LI_STYLE_1D_PROJECTION,4.0,-6.920626359800244e-05,-0.0001562544328718839,-1.4168549612218643e-06,-0.00014319565158363634,-0.00014319565158363634,-6.778940863678057e-05
stable_fly1,LI_STYLE_1D_PROJECTION,5.0,-0.0002562191479776264,-0.0001562544328718839,-1.4168549611987287e-06,-0.00025225006490847175,-0.00025225006490847175,-0.0002548022930164276
stable_fly1,LI_STYLE_1D_PROJECTION,6.0,-0.0002298054022327288,-0.0001562544328718839,-1.4168549611987287e-06,-0.00027942892398872946,-0.00027942892398872946,-0.0002283885472715301
stable_fly1,LI_STYLE_1D_PROJECTION,7.0,-0.0003995314531143548,-0.0001562544328718839,-1.4168549611987287e-06,-0.0002841900167573541,-0.0002841900167573541,-0.00039811459815315605
stable_fly2,LI_STYLE_1D_PROJECTION,-7.0,0.00036463559360730066,-0.00014459713963474967,1.472030692274624e-05,0.00025827896473760883,4.07689100929825e-05,0.0003499152866845544
stable_fly2,LI_STYLE_1D_PROJECTION,-6.0,0.00011535276670691119,-0.00014459713963474967,1.472030692274624e-05,0.00015989230711302644,4.076892468033911e-05,0.00010063245978416495
stable_fly2,LI_STYLE_1D_PROJECTION,-5.0,-7.351692568431576e-05,-0.00014459713963474967,1.472030692274624e-05,6.581734795228441e-05,4.0772484246501474e-05,-8.823723260706199e-05
stable_fly2,LI_STYLE_1D_PROJECTION,-4.0,-2.5162870473226453e-05,-0.00014459713963474967,1.4720306922722434e-05,-1.9407114860221526e-05,4.10888662216373e-05,-3.988317739594889e-05
stable_fly2,LI_STYLE_1D_PROJECTION,-3.0,-9.460877785816223e-05,-0.00014459713963474967,1.4720278294701275e-05,-9.132092131903038e-05,5.050003297867616e-05,-0.0001093290561528635
stable_fly2,LI_STYLE_1D_PROJECTION,-2.0,-2.7678216313255646e-05,-0.00014459713963474967,1.408973226959317e-05,-0.0001464720768072084,9.180778542325436e-05,-4.1767948582848814e-05
stable_fly2,LI_STYLE_1D_PROJECTION,-1.0,-0.0004378344225616573,-0.00014459713963474967,-0.00023967166460589636,-0.0004006024045388127,-0.0005112330226066041,-0.00019816275795576092
stable_fly2,LI_STYLE_1D_PROJECTION,0.0,-0.0018113313893684336,-0.00014459713963474967,-0.0018649962418199626,-0.001821329299076524,-0.0017579050565948182,5.3664852451528995e-05
stable_fly2,LI_STYLE_1D_PROJECTION,1.0,-0.0004378344225616573,-0.00014459713963474967,-0.00023967166460589636,-0.0004006024045388127,-0.0005112330226066041,-0.00019816275795576092
stable_fly2,LI_STYLE_1D_PROJECTION,2.0,-2.767821631325562e-05,-0.00014459713963474967,1.408973226959317e-05,-0.0001464720768072084,9.180778542325436e-05,-4.176794858284879e-05
stable_fly2,LI_STYLE_1D_PROJECTION,3.0,-9.460877785816217e-05,-0.00014459713963474967,1.4720278294701275e-05,-9.132092131903038e-05,5.050003297867616e-05,-0.00010932905615286344
stable_fly2,LI_STYLE_1D_PROJECTION,4.0,-2.51628704732265e-05,-0.00014459713963474967,1.4720306922722434e-05,-1.9407114860221526e-05,4.10888662216373e-05,-3.9883177395948934e-05
stable_fly2,LI_STYLE_1D_PROJECTION,5.0,-7.35169256843157e-05,-0.00014459713963474967,1.472030692274624e-05,6.581734795228441e-05,4.0772484246501474e-05,-8.823723260706194e-05
stable_fly2,LI_STYLE_1D_PROJECTION,6.0,0.00011535276670691106,-0.00014459713963474967,1.472030692274624e-05,0.00015989230711302644,4.076892468033911e-05,0.00010063245978416481
stable_fly2,LI_STYLE_1D_PROJECTION,7.0,0.0003646355936073007,-0.00014459713963474967,1.472030692274624e-05,0.00025827896473760883,4.07689100929825e-05,0.00034991528668455447
stable_fly3,LI_STYLE_1D_PROJECTION,-7.0,-7.858120003877967e-06,-0.00031107752564156233,-8.609206041764777e-05,-2.759646032733998e-05,-9.191442108724728e-05,7.823394041376981e-05
stable_fly3,LI_STYLE_1D_PROJECTION,-6.0,1.2069275944037554e-05,-0.00031107752564156233,-8.60920604176705e-05,-5.2992793274769085e-05,-9.191441829899273e-05,9.816133636170806e-05
stable_fly3,LI_STYLE_1D_PROJECTION,-5.0,-0.00019442621159818335,-0.00031107752564156233,-8.609206081860031e-05,-7.727615730260861e-05,-9.191373823976673e-05,-0.00010833415077958304
stable_fly3,LI_STYLE_1D_PROJECTION,-4.0,-0.00011408837831613478,-0.00031107752564156233,-8.609325564028312e-05,-9.927610420657523e-05,-9.18542397334029e-05,-2.799512267585166e-05
stable_fly3,LI_STYLE_1D_PROJECTION,-3.0,-0.00011827122949677252,-0.00031107752564156233,-8.669423938914819e-05,-0.00011841373940866675,-9.054614590513622e-05,-3.157699010762433e-05
stable_fly3,LI_STYLE_1D_PROJECTION,-2.0,-0.0001802164292122259,-0.00031107752564156233,-0.00013736914004463315,-0.00018096631206253544,-0.00012403349667902225,-4.284728916759275e-05
stable_fly3,LI_STYLE_1D_PROJECTION,-1.0,-0.000767819565728111,-0.00031107752564156233,-0.0008240674880135413,-0.0008464270558346961,-0.0008000845005762289,5.6247922285430256e-05
stable_fly3,LI_STYLE_1D_PROJECTION,0.0,-0.0019249415678008995,-0.00031107752564156233,-0.0018811622751403855,-0.0018602656397890527,-0.001901640963583842,-4.377929266051396e-05
stable_fly3,LI_STYLE_1D_PROJECTION,1.0,-0.0007678195657281106,-0.00031107752564156233,-0.0008240674880135413,-0.0008464270558346961,-0.0008000845005762289,5.624792228543069e-05
stable_fly3,LI_STYLE_1D_PROJECTION,2.0,-0.00018021642921222587,-0.00031107752564156233,-0.00013736914004463315,-0.00018096631206253544,-0.00012403349667902225,-4.284728916759272e-05
stable_fly3,LI_STYLE_1D_PROJECTION,3.0,-0.00011827122949677253,-0.00031107752564156233,-8.669423938914819e-05,-0.00011841373940866675,-9.054614590513622e-05,-3.1576990107624344e-05
stable_fly3,LI_STYLE_1D_PROJECTION,4.0,-0.00011408837831613475,-0.00031107752564156233,-8.609325564028312e-05,-9.927610420657523e-05,-9.18542397334029e-05,-2.7995122675851633e-05
stable_fly3,LI_STYLE_1D_PROJECTION,5.0,-0.00019442621159818346,-0.00031107752564156233,-8.609206081860031e-05,-7.727615730260861e-05,-9.191373823976673e-05,-0.00010833415077958315
stable_fly3,LI_STYLE_1D_PROJECTION,6.0,1.2069275944037513e-05,-0.00031107752564156233,-8.60920604176705e-05,-5.2992793274769085e-05,-9.191441829899273e-05,9.816133636170802e-05
stable_fly3,LI_STYLE_1D_PROJECTION,7.0,-7.858120003878232e-06,-0.00031107752564156233,-8.609206041764777e-05,-2.759646032733998e-05,-9.191442108724728e-05,7.823394041376954e-05
stable_fly4,LI_STYLE_1D_PROJECTION,-7.0,0.000605904618549004,-0.00023944789639998476,0.00031679738914519454,0.0005948069982787582,0.00031679738920513785,0.00028910722940380946
stable_fly4,LI_STYLE_1D_PROJECTION,-6.0,0.0005433748737488263,-0.00023944789639998476,0.0003160943304980037,0.0004612642404145748,0.00031609433055787485,0.00022728054325082264
stable_fly4,LI_STYLE_1D_PROJECTION,-5.0,0.00011945912206650367,-0.00023944789639998476,0.0003082593143743697,0.0002627308283831654,0.0003082593144334367,-0.00018880019230786604
stable_fly4,LI_STYLE_1D_PROJECTION,-4.0,-5.6124570669566595e-05,-0.00023944789639998476,0.00025344443217653644,2.923890491331985e-06,0.0002534444322299775,-0.000309569002846103
stable_fly4,LI_STYLE_1D_PROJECTION,-3.0,-0.0001419862347156995,-0.00023944789639998476,1.649413202783938e-05,-0.0002913003389633696,1.649413205696089e-05,-0.00015848036674353887
stable_fly4,LI_STYLE_1D_PROJECTION,-2.0,-0.0005373957960129825,-0.00023944789639998476,-0.0005955277635511931,-0.0005704270675050113,-0.0005955277635848867,5.813196753821058e-05
stable_fly4,LI_STYLE_1D_PROJECTION,-1.0,-0.00108236870838339,-0.00023944789639998476,-0.0014602086237222834,-0.0009976857354160862,-0.001460208623844724,0.0003778399153388935
stable_fly4,LI_STYLE_1D_PROJECTION,0.0,-0.002493445055165163,-0.00023944789639998476,-0.0019024248678967065,-0.0025163440773664832,-0.0019024248680645343,-0.0005910201872684566
stable_fly4,LI_STYLE_1D_PROJECTION,1.0,-0.00108236870838339,-0.00023944789639998476,-0.0014602086237222834,-0.0009976857354160862,-0.001460208623844724,0.0003778399153388935
stable_fly4,LI_STYLE_1D_PROJECTION,2.0,-0.0005373957960129823,-0.00023944789639998476,-0.0005955277635511931,-0.0005704270675050113,-0.0005955277635848867,5.8131967538210794e-05
stable_fly4,LI_STYLE_1D_PROJECTION,3.0,-0.00014198623471569938,-0.00023944789639998476,1.649413202783938e-05,-0.0002913003389633696,1.649413205696089e-05,-0.00015848036674353876
stable_fly4,LI_STYLE_1D_PROJECTION,4.0,-5.612457066956654e-05,-0.00023944789639998476,0.00025344443217653644,2.923890491331985e-06,0.0002534444322299775,-0.000309569002846103
stable_fly4,LI_STYLE_1D_PROJECTION,5.0,0.00011945912206650343,-0.00023944789639998476,0.0003082593143743697,0.0002627308283831654,0.0003082593144334367,-0.00018880019230786628
stable_fly4,LI_STYLE_1D_PROJECTION,6.0,0.0005433748737488266,-0.00023944789639998476,0.0003160943304980037,0.0004612642404145748,0.00031609433055787485,0.00022728054325082286
stable_fly4,LI_STYLE_1D_PROJECTION,7.0,0.0006059046185490041,-0.00023944789639998476,0.00031679738914519454,0.0005948069982787582,0.00031679738920513785,0.00028910722940380957
stable_fly5,LI_STYLE_1D_PROJECTION,-7.0,-0.0001297672803166871,-0.00023212263899175504,2.4363252241912643e-05,-9.264265214060371e-05,-9.264265214060371e-05,-0.00015413053255859975
stable_fly5,LI_STYLE_1D_PROJECTION,-6.0,4.617162950875585e-06,-0.00023212263899175504,2.4363252241886727e-05,-4.18436022988768e-05,-4.18436022988768e-05,-1.9746089291011143e-05
stable_fly5,LI_STYLE_1D_PROJECTION,-5.0,3.057796374404876e-05,-0.00023212263899175504,2.436325178482238e-05,6.729228674620766e-06,6.729228674620766e-06,6.214711959226381e-06
stable_fly5,LI_STYLE_1D_PROJECTION,-4.0,3.9799994683583434e-05,-0.00023212263899175504,2.436188967503508e-05,5.0730900616977124e-05,5.0730900616977124e-05,1.5438105008548356e-05
stable_fly5,LI_STYLE_1D_PROJECTION,-3.0,5.797236041138252e-05,-0.00023212263899175504,2.3676761627802338e-05,8.712373508589622e-05,8.712373508589622e-05,3.429559878358018e-05
stable_fly5,LI_STYLE_1D_PROJECTION,-2.0,1.1810238600787481e-05,-0.00023212263899175504,-3.4093179398672865e-05,5.311212377967717e-05,5.311212377967717e-05,4.5903417999460346e-05
stable_fly5,LI_STYLE_1D_PROJECTION,-1.0,-0.0006923841017514923,-0.00023212263899175504,-0.0008169368071512593,-0.0007722120509221181,-0.0007722120509221181,0.00012455270539976702
stable_fly5,LI_STYLE_1D_PROJECTION,0.0,-0.002127092261521323,-0.00023212263899175504,-0.002022036426919379,-0.0020638349504674717,-0.0020638349504674717,-0.00010505583460194414
stable_fly5,LI_STYLE_1D_PROJECTION,1.0,-0.0006923841017514921,-0.00023212263899175504,-0.0008169368071512593,-0.0007722120509221181,-0.0007722120509221181,0.00012455270539976724
stable_fly5,LI_STYLE_1D_PROJECTION,2.0,1.1810238600787413e-05,-0.00023212263899175504,-3.4093179398672865e-05,5.311212377967717e-05,5.311212377967717e-05,4.590341799946028e-05
stable_fly5,LI_STYLE_1D_PROJECTION,3.0,5.797236041138256e-05,-0.00023212263899175504,2.3676761627802338e-05,8.712373508589622e-05,8.712373508589622e-05,3.4295598783580224e-05
stable_fly5,LI_STYLE_1D_PROJECTION,4.0,3.9799994683583536e-05,-0.00023212263899175504,2.436188967503508e-05,5.0730900616977124e-05,5.0730900616977124e-05,1.5438105008548457e-05
stable_fly5,LI_STYLE_1D_PROJECTION,5.0,3.05779637440488e-05,-0.00023212263899175504,2.436325178482238e-05,6.729228674620766e-06,6.729228674620766e-06,6.214711959226422e-06
stable_fly5,LI_STYLE_1D_PROJECTION,6.0,4.617162950875646e-06,-0.00023212263899175504,2.4363252241886727e-05,-4.18436022988768e-05,-4.18436022988768e-05,-1.974608929101108e-05
stable_fly5,LI_STYLE_1D_PROJECTION,7.0,-0.00012976728031668716,-0.00023212263899175504,2.4363252241912643e-05,-9.264265214060371e-05,-9.264265214060371e-05,-0.0001541305325585998
stable_population,LI_STYLE_1D_PROJECTION,-7.0,8.667667174427698e-05,-0.00021669992670798712,2.5597899067806876e-05,1.4357685900690447e-05,-5.264741909266762e-06,6.10787726764701e-05
stable_population,LI_STYLE_1D_PROJECTION,-6.0,8.912173542358438e-05,-0.00021669992670798712,2.5597899067782394e-05,1.4357675599510265e-05,-5.264727129444213e-06,6.352383635580198e-05
stable_population,LI_STYLE_1D_PROJECTION,-5.0,-7.482503988991458e-05,-0.00021669992670798712,2.5597898636001535e-05,1.4355161505219613e-05,-5.2611206397923895e-06,-0.0001004229385259161
stable_population,LI_STYLE_1D_PROJECTION,-4.0,-4.495641767466936e-05,-0.00021669992670798712,2.5596611874229405e-05,1.4130445681418659e-05,-4.9406897170198916e-06,-7.055302954889877e-05
stable_population,LI_STYLE_1D_PROJECTION,-3.0,-1.6284116619877643e-05,-0.00021669992670798712,2.4949383149779717e-05,6.832501660405409e-06,4.531546704005761e-06,-4.1233499769657356e-05
stable_population,LI_STYLE_1D_PROJECTION,-2.0,-4.6142419930021535e-05,-0.00021669992670798712,-2.9624890072752203e-05,-7.778405232318029e-05,4.1063477884269506e-05,-1.6517529857269332e-05
stable_population,LI_STYLE_1D_PROJECTION,-1.0,-0.0005931732886317387,-0.00021669992670798712,-0.000769163848783274,-0.0005846955739128296,-0.0006420370057657718,0.0001759905601515353
stable_population,LI_STYLE_1D_PROJECTION,0.0,-0.0020513331494630862,-0.00021669992670798712,-0.001907600806498954,-0.0020536065888422765,-0.0020161523794737634,-0.00014373234296413229
stable_population,LI_STYLE_1D_PROJECTION,1.0,-0.0005931732886317385,-0.00021669992670798712,-0.000769163848783274,-0.0005846955739128296,-0.0006420370057657718,0.0001759905601515355
stable_population,LI_STYLE_1D_PROJECTION,2.0,-4.6142419930021494e-05,-0.00021669992670798712,-2.9624890072752203e-05,-7.778405232318029e-05,4.1063477884269506e-05,-1.651752985726929e-05
stable_population,LI_STYLE_1D_PROJECTION,3.0,-1.6284116619877626e-05,-0.00021669992670798712,2.4949383149779717e-05,6.832501660405409e-06,4.531546704005761e-06,-4.123349976965734e-05
stable_population,LI_STYLE_1D_PROJECTION,4.0,-4.495641767466931e-05,-0.00021669992670798712,2.5596611874229405e-05,1.4130445681418659e-05,-4.9406897170198916e-06,-7.055302954889871e-05
stable_population,LI_STYLE_1D_PROJECTION,5.0,-7.482503988991464e-05,-0.00021669992670798712,2.5597898636001535e-05,1.4355161505219613e-05,-5.2611206397923895e-06,-0.00010042293852591618
stable_population,LI_STYLE_1D_PROJECTION,6.0,8.912173542358436e-05,-0.00021669992670798712,2.5597899067782394e-05,1.4357675599510265e-05,-5.264727129444213e-06,6.352383635580198e-05
stable_population,LI_STYLE_1D_PROJECTION,7.0,8.667667174427694e-05,-0.00021669992670798712,2.5597899067806876e-05,1.4357685900690447e-05,-5.264741909266762e-06,6.107877267647006e-05
fly1,RADIAL_AVERAGE,0.5,-0.009105121599350242,-0.0008048113641017327,-0.009109492078623355,-0.009094775894375141,-0.009094775894375141,4.370479273112585e-06
fly1,RADIAL_AVERAGE,1.5,-0.0002714012377607594,-0.0008048113641017327,-3.259688751807799e-05,-0.0003377777824004574,-0.0003377777824004574,-0.0002388043502426814
fly1,RADIAL_AVERAGE,2.5,0.000685986717482956,-0.0008048113641017327,0.0001366972061470979,0.0008678914905035724,0.0008678914905035724,0.0005492895113358581
fly1,RADIAL_AVERAGE,3.5,0.0006557375397674514,-0.0008048113641017327,0.0001367540166975226,0.00042348770116705005,0.00042348770116705005,0.0005189835230699288
fly1,RADIAL_AVERAGE,4.5,7.451478985751663e-05,-0.0008048113641017327,0.0001367540170465808,0.00014215544881776373,0.00014215544881776373,-6.223922718906418e-05
fly1,RADIAL_AVERAGE,5.5,-9.76528463400755e-05,-0.0008048113641017327,0.00013675401704658083,2.5228880969383608e-05,2.5228880969383608e-05,-0.00023440686338665632
fly1,RADIAL_AVERAGE,6.5,0.00022456458269443867,-0.0008048113641017327,0.00013675401704658083,-1.124677280953224e-05,-1.124677280953224e-05,8.781056564785783e-05
fly1,RADIAL_AVERAGE,7.5,-1.6201776805241455e-05,-0.0008048113641017327,0.00013675401704658083,-1.9902667979080486e-05,-1.9902667979080486e-05,-0.00015295579385182228
fly1,RADIAL_AVERAGE,8.5,-0.0003947181006119362,-0.0008048113641017327,0.00013675401704658083,-2.147681573760553e-05,-2.147681573760553e-05,-0.0005314721176585171
fly1,RADIAL_AVERAGE,9.5,0.00019617829004856422,-0.0008048113641017327,0.00013675401704658083,-2.1697229173271935e-05,-2.1697229173271935e-05,5.9424273001983384e-05
fly2,RADIAL_AVERAGE,0.5,-0.012178448414573495,-0.0014066153369430591,-0.012089834242819317,-0.012178673850363812,-0.012173982247837193,-8.86141717541776e-05
fly2,RADIAL_AVERAGE,1.5,-0.0015053868841222013,-0.0014066153369430591,-0.002031510581853069,-0.0014930461147272607,-0.0015353309571663784,0.0005261236977308677
fly2,RADIAL_AVERAGE,2.5,-0.00010675197595755927,-0.0014066153369430591,-4.419890005728987e-05,-0.00020331325051375985,1.5552007381821882e-05,-6.255307590026941e-05
fly2,RADIAL_AVERAGE,3.5,-0.00023200026140151597,-0.0014066153369430591,1.3956825021493856e-05,-3.48433472802209e-05,-4.745616374120759e-05,-0.0002459570864230098
fly2,RADIAL_AVERAGE,4.5,-0.0001199018098173005,-0.0014066153369430591,1.4238729869239802e-05,-2.6180638533082945e-05,-5.4048467026693483e-05,-0.0001341405396865403
fly2,RADIAL_AVERAGE,5.5,-0.0002391660417300526,-0.0014066153369430591,1.4238960056271818e-05,-2.602010426935904e-05,-5.417681061646103e-05,-0.0002534050017863244
fly2,RADIAL_AVERAGE,6.5,3.5424490869736106e-05,-0.0014066153369430591,1.4238960088021197e-05,-2.6019017959696843e-05,-5.417768098444988e-05,2.1185530781714907e-05
fly2,RADIAL_AVERAGE,7.5,0.00021706907023856883,-0.0014066153369430591,1.4238960088021937e-05,-2.6019015262774818e-05,-5.417768314536182e-05,0.0002028301101505469
fly2,RADIAL_AVERAGE,8.5,0.00015986107591470678,-0.0014066153369430591,1.4238960088021937e-05,-2.6019015260314127e-05,-5.4177683147333454e-05,0.00014562211582668484
fly2,RADIAL_AVERAGE,9.5,-9.685261885148092e-05,-0.0014066153369430591,1.4238960088021937e-05,-2.60190152603133e-05,-5.417768314733412e-05,-0.00011109157893950286
fly3,RADIAL_AVERAGE,0.5,-0.006168408499473551,-0.0007217112530220179,-0.006209910657753223,-0.00616825671240659,-0.006209910657765304,4.150215827967204e-05
fly3,RADIAL_AVERAGE,1.5,-0.0012837231765165085,-0.0007217112530220179,-0.0010427333851481385,-0.0012920305978950783,-0.0010427333851488454,-0.00024098979136836997
fly3,RADIAL_AVERAGE,2.5,-0.00018198253828580023,-0.0007217112530220179,-2.1808616579767497e-05,-0.00012198064557879745,-2.1808616578227303e-05,-0.00016017392170603273
fly3,RADIAL_AVERAGE,3.5,7.826409310817984e-05,-0.0007217112530220179,8.067230631744216e-06,4.4702949098626805e-05,8.067230633350172e-06,7.019686247643562e-05
fly3,RADIAL_AVERAGE,4.5,5.0144568942079876e-05,-0.0007217112530220179,8.212051217301922e-06,5.32756396751247e-05,8.212051218908196e-06,4.1932517724777956e-05
fly3,RADIAL_AVERAGE,5.5,-0.0001815112392198767,-0.0007217112530220179,8.212169469332814e-06,5.34345057579148e-05,8.212169470939088e-06,-0.00018972340868920952
fly3,RADIAL_AVERAGE,6.5,0.0002237250630186885,-0.0007217112530220179,8.212169485643153e-06,5.343558077926368e-05,8.212169487249427e-06,0.00021551289353304536
fly3,RADIAL_AVERAGE,7.5,4.7203379854138576e-05,-0.0007217112530220179,8.212169485643533e-06,5.343558344816082e-05,8.212169487249807e-06,3.8991210368495044e-05
fly3,RADIAL_AVERAGE,8.5,0.00011048437709237106,-0.0007217112530220179,8.212169485643533e-06,5.343558345059594e-05,8.212169487249807e-06,0.00010227220760672753
fly3,RADIAL_AVERAGE,9.5,8.869144126009947e-05,-0.0007217112530220179,8.212169485643533e-06,5.343558345059676e-05,8.212169487249807e-06,8.047927177445594e-05
fly4,RADIAL_AVERAGE,0.5,-0.011570892917674769,-0.0017111972054886036,-0.011696033981448879,-0.011572807110897145,-0.011337022171521317,0.00012514106377410975
fly4,RADIAL_AVERAGE,1.5,-0.0029993649661289147,-0.0017111972054886036,-0.0022952418719391025,-0.002894821387341946,-0.003805657690914785,-0.0007041230941898123
fly4,RADIAL_AVERAGE,2.5,-0.0017076076043434437,-0.0017111972054886036,-0.0004378444956880728,-0.0018035029465954884,-0.00046728828491787646,-0.0012697631086553709
fly4,RADIAL_AVERAGE,3.5,-0.0005775594664397181,-0.0017111972054886036,-0.0003834905198297407,-0.000934837165627186,-0.00018735014702579185,-0.00019406894660997735
fly4,RADIAL_AVERAGE,4.5,-0.0008462124262587715,-0.0017111972054886036,-0.00038322704363254824,-0.00034813725330431984,-0.0002153071664255305,-0.00046298538262622325
fly4,RADIAL_AVERAGE,5.5,-0.0003284441060579171,-0.0017111972054886036,-0.0003832268284932758,-4.2252416714426015e-05,-0.00021970243343134805,5.478272243535868e-05
fly4,RADIAL_AVERAGE,6.5,0.000322111526770537,-0.0017111972054886036,-0.00038322682846360194,8.379385677801429e-05,-0.0002199076094885911,0.000705338355234139
fly4,RADIAL_AVERAGE,7.5,0.0005642188079066992,-0.0017111972054886036,-0.00038322682846360124,0.00012536566772481495,-0.00021991214905604534,0.0009474456363703005
fly4,RADIAL_AVERAGE,8.5,0.00023052953114448437,-0.0017111972054886036,-0.00038322682846360124,0.0001364220467202473,-0.00021991220089701908,0.0006137563596080856
fly4,RADIAL_AVERAGE,9.5,-0.0001987504338042213,-0.0017111972054886036,-0.00038322682846360124,0.00013880465437139547,-0.0002199122012077582,0.00018447639465937992
fly5,RADIAL_AVERAGE,0.5,-0.014043936896413194,-0.001578770061302735,-0.014083206455683738,-0.01405104973969799,-0.014091619430245977,3.926955927054457e-05
fly5,RADIAL_AVERAGE,1.5,-0.0025475379588902024,-0.001578770061302735,-0.0023101940742311154,-0.0024998064989769837,-0.0022618950722792346,-0.00023734388465908697
fly5,RADIAL_AVERAGE,2.5,0.00018944163134227015,-0.001578770061302735,1.5903775093764548e-05,-6.9297188197556725e-06,6.745422701927328e-05,0.0001735378562485056
fly5,RADIAL_AVERAGE,3.5,0.00037942916765201383,-0.001578770061302735,8.39735742454756e-05,0.0001074422237643652,0.00012329962567736295,0.00029545559340653823
fly5,RADIAL_AVERAGE,4.5,1.4413474647531298e-05,-0.001578770061302735,8.430353670987553e-05,0.0001103991285849187,0.0001080975574118348,-6.989006206234423e-05
fly5,RADIAL_AVERAGE,5.5,9.481751130145095e-05,-0.001578770061302735,8.430380613795016e-05,0.00011044853180318693,9.05035507197988e-05,1.0513705163500792e-05
fly5,RADIAL_AVERAGE,6.5,7.456979012321632e-05,-0.001578770061302735,8.4303806175112e-05,0.00011044886445901478,7.178710314678565e-05,-9.734016051895678e-06
fly5,RADIAL_AVERAGE,7.5,-3.785187663505539e-05,-0.001578770061302735,8.430380617511287e-05,0.00011044886528479703,5.284943380106482e-05,-0.00012215568281016825
fly5,RADIAL_AVERAGE,8.5,1.7413992879498573e-05,-0.001578770061302735,8.430380617511287e-05,0.00011044886528555047,3.448572633602779e-05,-6.68898132956143e-05
fly5,RADIAL_AVERAGE,9.5,7.154055096512313e-05,-0.001578770061302735,8.430380617511287e-05,0.00011044886528555073,1.7336665385707576e-05,-1.2763255209989738e-05
population,RADIAL_AVERAGE,0.5,-0.010613361665497052,-0.00124462104417163,-0.010602280172372431,-0.010613317981466617,-0.010607590775455417,-1.108149312462059e-05
population,RADIAL_AVERAGE,1.5,-0.0017214828446837174,-0.00124462104417163,-0.0017919801074109877,-0.0017238744330187726,-0.0017606660787062554,7.049726272727037e-05
population,RADIAL_AVERAGE,2.5,-0.00022418275395231536,-0.00124462104417163,-5.1251450291794657e-05,-0.00020474331992799226,-4.748055455647817e-05,-0.0001729313036605207
population,RADIAL_AVERAGE,3.5,6.077421453728222e-05,-0.00124462104417163,-3.1161123811009757e-07,4.316598785429171e-06,-4.187401369906044e-06,6.108582577539231e-05
population,RADIAL_AVERAGE,4.5,-0.00016540828052578885,-0.00124462104417163,-6.468477380794723e-08,1.506784983751625e-05,-4.374308017840727e-06,-0.0001653435957519809
population,RADIAL_AVERAGE,5.5,-0.00015039134440929418,-0.00124462104417163,-6.448314808069142e-08,1.5267088233857444e-05,-4.382220717525201e-06,-0.0001503268612612135
population,RADIAL_AVERAGE,6.5,0.00017607909069532331,-0.00124462104417163,-6.448312027073375e-08,1.5268436448188798e-05,-4.382275620875314e-06,0.00017614357381559405
population,RADIAL_AVERAGE,7.5,0.00015488752091182196,-0.00124462104417163,-6.44831202700855e-08,1.5268439795327326e-05,-4.382275757250443e-06,0.00015495200403209205
population,RADIAL_AVERAGE,8.5,2.4714175283824877e-05,-0.00124462104417163,-6.44831202700855e-08,1.5268439798381283e-05,-4.3822757573748735e-06,2.4778658404094962e-05
population,RADIAL_AVERAGE,9.5,1.2161445923616923e-05,-0.00124462104417163,-6.44831202700855e-08,1.5268439798382307e-05,-4.382275757374915e-06,1.2225929043887008e-05
stable_fly1,RADIAL_AVERAGE,0.5,-0.026362203371088702,-0.002618180289285438,-0.02638409490147899,-0.026340243539937795,-0.026340243539937795,2.1891530390286823e-05
stable_fly1,RADIAL_AVERAGE,1.5,-0.0016040643468800708,-0.002618180289285438,-0.0004082960151440156,-0.0017400462057080785,-0.0017400462057080785,-0.0011957683317360551
stable_fly1,RADIAL_AVERAGE,2.5,0.0016598728804622783,-0.002618180289285438,7.618124686075632e-05,0.0018720021234607176,0.0018720021234607176,0.001583691633601522
stable_fly1,RADIAL_AVERAGE,3.5,0.0008889160789724296,-0.002618180289285438,7.634382441633942e-05,0.000836002614990429,0.000836002614990429,0.0008125722545560902
stable_fly1,RADIAL_AVERAGE,4.5,0.0002910196906160527,-0.002618180289285438,7.634382541525647e-05,0.00016650885888751222,0.00016650885888751222,0.0002146758652007962
stable_fly1,RADIAL_AVERAGE,5.5,-0.0003891458481285545,-0.002618180289285438,7.634382541525658e-05,-0.00011178805336556398,-0.00011178805336556398,-0.0004654896735438111
stable_fly1,RADIAL_AVERAGE,6.5,-4.0225360635740165e-05,-0.002618180289285438,7.634382541525658e-05,-0.00019860378003242,-0.00019860378003242,-0.00011656918605099675
stable_fly1,RADIAL_AVERAGE,7.5,-0.0002636915813228132,-0.002618180289285438,7.634382541525658e-05,-0.00021920568161186454,-0.00021920568161186454,-0.0003400354067380698
stable_fly1,RADIAL_AVERAGE,8.5,-0.0005494038934912832,-0.002618180289285438,7.634382541525658e-05,-0.00022295231168967882,-0.00022295231168967882,-0.0006257477189065398
stable_fly1,RADIAL_AVERAGE,9.5,0.00018712285864202444,-0.002618180289285438,7.634382541525658e-05,-0.000223476917847614,-0.000223476917847614,0.00011077903322676786
stable_fly2,RADIAL_AVERAGE,0.5,-0.019871088011586834,-0.0021389781387026775,-0.01970111753310331,-0.019868253696610935,-0.019868253696610935,-0.00016997047848352556
stable_fly2,RADIAL_AVERAGE,1.5,-0.002161845347329745,-0.0021389781387026775,-0.003166243188188019,-0.002180722986453342,-0.002180722986453342,0.0010043978408582738
stable_fly2,RADIAL_AVERAGE,2.5,0.00014652153397449297,-0.0021389781387026775,0.00010069771074093882,0.00021937595431131227,0.00021937595431131227,4.582382323355416e-05
stable_fly2,RADIAL_AVERAGE,3.5,-0.00011954591002256626,-0.0021389781387026775,0.000196299884525308,7.43203874575593e-05,7.43203874575593e-05,-0.00031584579454787425
stable_fly2,RADIAL_AVERAGE,4.5,5.868865949499517e-06,-0.0021389781387026775,0.00019676330779461388,6.113014449559537e-05,6.113014449559537e-05,-0.00019089444184511436
stable_fly2,RADIAL_AVERAGE,5.5,-0.0003213925278712262,-0.0021389781387026775,0.00019676368619898606,6.0875147531562795e-05,6.0875147531562795e-05,-0.0005181562140702123
stable_fly2,RADIAL_AVERAGE,6.5,-2.3822572558452954e-06,-0.0021389781387026775,0.00019676368625117885,6.087341878135635e-05,6.087341878135635e-05,-0.00019914594350702416
stable_fly2,RADIAL_AVERAGE,7.5,0.00040974934283009666,-0.0021389781387026775,0.00019676368625118007,6.087341448931696e-05,6.087341448931696e-05,0.0002129856565789166
stable_fly2,RADIAL_AVERAGE,8.5,0.00037975328763857716,-0.0021389781387026775,0.00019676368625118007,6.087341448540087e-05,6.087341448540087e-05,0.0001829896013873971
stable_fly2,RADIAL_AVERAGE,9.5,0.00014457963664677557,-0.0021389781387026775,0.00019676368625118007,6.087341448539955e-05,6.087341448539955e-05,-5.21840496044045e-05
stable_fly3,RADIAL_AVERAGE,0.5,-0.017444619051821063,-0.002148770817564668,-0.017494353561441696,-0.017444848771555225,-0.017494353561446414,4.973450962063308e-05
stable_fly3,RADIAL_AVERAGE,1.5,-0.003338498015457721,-0.002148770817564668,-0.003046382461724394,-0.0033368658298655244,-0.0030463824616973074,-0.00029211555373332733
stable_fly3,RADIAL_AVERAGE,2.5,-0.0002669138053661868,-0.002148770817564668,-0.0001917694354860101,-0.0002766744258460663,-0.00019176943545728481,-7.51443698801767e-05
stable_fly3,RADIAL_AVERAGE,3.5,-0.00012113063744111838,-0.002148770817564668,-0.00010823342456183434,-7.891587979093017e-05,-0.00010823342454019367,-1.2897212879284034e-05
stable_fly3,RADIAL_AVERAGE,4.5,2.2618076502138808e-05,-0.002148770817564668,-0.00010782849097345623,-5.970442970790888e-05,-0.000107828490960696,0.00013044656747559504
stable_fly3,RADIAL_AVERAGE,5.5,-0.0005020688808602583,-0.002148770817564668,-0.00010782816032834097,-5.819092979428181e-05,-0.00010782816032547693,-0.0003942407205319173
stable_fly3,RADIAL_AVERAGE,6.5,0.0003358851191475221,-0.002148770817564668,-0.00010782816028273554,-5.812800989246526e-05,-0.00010782816029019034,0.00044371327943025767
stable_fly3,RADIAL_AVERAGE,7.5,-0.00019511698897809715,-0.002148770817564668,-0.00010782816028273448,-5.81266434759093e-05,-0.00010782816030038612,-8.728882869536267e-05
stable_fly3,RADIAL_AVERAGE,8.5,0.0002819339876951295,-0.002148770817564668,-0.00010782816028273448,-5.812662790582946e-05,-0.0001078281603100078,0.000389762147977864
stable_fly3,RADIAL_AVERAGE,9.5,-0.000259797979067024,-0.002148770817564668,-0.00010782816028273448,-5.812662781251788e-05,-0.00010782816031871947,-0.0001519698187842895
stable_fly4,RADIAL_AVERAGE,0.5,-0.02184882160092498,-0.0026783023884370946,-0.021865042751169128,-0.021847576372483607,-0.021865042751167657,1.6221150244147275e-05
stable_fly4,RADIAL_AVERAGE,1.5,-0.0038456482007535008,-0.0026783023884370946,-0.0038005954841443547,-0.003913721446652095,-0.0038005954841521727,-4.505271660914601e-05
stable_fly4,RADIAL_AVERAGE,2.5,-0.0020147077576891334,-0.0026783023884370946,-0.0002314433779877836,-0.001758113858524581,-0.00023144337799743697,-0.0017832643797013497
stable_fly4,RADIAL_AVERAGE,3.5,-3.5979875967453606e-06,-0.0026783023884370946,-0.00012699744202748087,-0.0005048309984690374,-0.00012699744203718797,0.0001233994544307355
stable_fly4,RADIAL_AVERAGE,4.5,-0.00045883056240357176,-0.0026783023884370946,-0.0001264911493858762,4.4495830878439754e-05,-0.00012649114939558356,-0.00033233941301769553
stable_fly4,RADIAL_AVERAGE,5.5,-0.00024088391577413754,-0.0026783023884370946,-0.0001264907359768787,0.00020868989867678302,-0.00012649073598658604,-0.00011439317979725886
stable_fly4,RADIAL_AVERAGE,6.5,0.0005940490084832138,-0.0026783023884370946,-0.00012649073591985776,0.00024294596130237307,-0.0001264907359295651,0.0007205397444030716
stable_fly4,RADIAL_AVERAGE,7.5,0.0004454978384341275,-0.0026783023884370946,-0.00012649073591985643,0.0002479959328056052,-0.00012649073592956378,0.0005719885743539839
stable_fly4,RADIAL_AVERAGE,8.5,0.000348991575020562,-0.0026783023884370946,-0.00012649073591985643,0.0002485257201984223,-0.00012649073592956378,0.00047548231094041843
stable_fly4,RADIAL_AVERAGE,9.5,0.00024092771883322379,-0.0026783023884370946,-0.00012649073591985643,0.00024856544789675654,-0.00012649073592956378,0.00036741845475308024
stable_fly5,RADIAL_AVERAGE,0.5,-0.02122058224596104,-0.0025208676199423895,-0.021266062978765404,-0.02128644595901267,-0.02128644595901267,4.548073280436285e-05
stable_fly5,RADIAL_AVERAGE,1.5,-0.003892028637181627,-0.0025208676199423895,-0.0036173333525873104,-0.0035003237480171717,-0.0035003237480171717,-0.0002746952845943166
stable_fly5,RADIAL_AVERAGE,2.5,6.392386244108512e-05,-0.0025208676199423895,-0.00013031824577878186,-5.0974659745356725e-06,-5.0974659745356725e-06,0.00019424210821986697
stable_fly5,RADIAL_AVERAGE,3.5,0.0003422903682220682,-0.0025208676199423895,-2.8275927125536173e-05,6.774942225871587e-05,6.774942225871587e-05,0.0003705662953476044
stable_fly5,RADIAL_AVERAGE,4.5,-6.885192212647362e-05,-0.0025208676199423895,-2.7781285810951634e-05,3.093581317398876e-05,3.093581317398876e-05,-4.1070636315521987e-05
stable_fly5,RADIAL_AVERAGE,5.5,-8.766071389932403e-06,-0.0025208676199423895,-2.7780881915747182e-05,-1.1618417241778369e-05,-1.1618417241778369e-05,1.9014810525814778e-05
stable_fly5,RADIAL_AVERAGE,6.5,0.0001449016823555777,-0.0025208676199423895,-2.7780881860038476e-05,-5.727082516663234e-05,-5.727082516663234e-05,0.0001726825642156162
stable_fly5,RADIAL_AVERAGE,7.5,-0.00010076292579638532,-0.0025208676199423895,-2.7780881860037178e-05,-0.00010392579737175369,-0.00010392579737175369,-7.298204393634814e-05
stable_fly5,RADIAL_AVERAGE,8.5,-7.232593159534203e-05,-0.0025208676199423895,-2.7780881860037178e-05,-0.00014969035228185593,-0.00014969035228185593,-4.454504973530485e-05
stable_fly5,RADIAL_AVERAGE,9.5,-0.0003964743783918241,-0.0025208676199423895,-2.7780881860037178e-05,-0.00019298886979024344,-0.00019298886979024344,-0.00036869349653178695
stable_population,RADIAL_AVERAGE,0.5,-0.02134946285627653,-0.0024210198507864543,-0.021256077268870306,-0.021345597147052184,-0.021345597147052184,-9.338558740622227e-05
stable_population,RADIAL_AVERAGE,1.5,-0.0029684169095205333,-0.0024210198507864543,-0.003522741899343711,-0.0029948869662546817,-0.0029948869662546817,0.0005543249898231776
stable_population,RADIAL_AVERAGE,2.5,-8.226065723549285e-05,-0.0024210198507864543,-1.9010489921457335e-05,4.455481925099504e-05,4.455481925099504e-05,-6.325016731403552e-05
stable_population,RADIAL_AVERAGE,3.5,0.00019738638242681366,-0.0024210198507864543,8.352100650296667e-05,1.818751141113833e-05,1.818751141113833e-05,0.00011386537592384699
stable_population,RADIAL_AVERAGE,4.5,-4.163517029247089e-05,-0.0024210198507864543,8.401801906449066e-05,1.1371477459520251e-05,1.1371477459520251e-05,-0.00012565318935696155
stable_population,RADIAL_AVERAGE,5.5,-0.00029245144880482175,-0.0024210198507864543,8.401842489591685e-05,1.1235101571236786e-05,1.1235101571236786e-05,-0.0003764698737007386
stable_population,RADIAL_AVERAGE,6.5,0.00020644563841894562,-0.0024210198507864543,8.401842495189263e-05,1.123417566255636e-05,1.123417566255636e-05,0.000122427213467053
stable_population,RADIAL_AVERAGE,7.5,5.91351370333857e-05,-0.0024210198507864543,8.401842495189393e-05,1.1234173363695798e-05,1.1234173363695798e-05,-2.4883287918508227e-05
stable_population,RADIAL_AVERAGE,8.5,7.778980505352868e-05,-0.0024210198507864543,8.401842495189393e-05,1.1234173361598297e-05,1.1234173361598297e-05,-6.2286198983652465e-06
stable_population,RADIAL_AVERAGE,9.5,-1.672842866736486e-05,-0.0024210198507864543,8.401842495189393e-05,1.1234173361597594e-05,1.1234173361597594e-05,-0.00010074685361925879
