fly_id,roi_id,full_payload_frames,rf_frames,raw_zero_fraction,raw_std,included_center_aligned,exclusion_reason,center_status,gaussian_center_row,gaussian_center_col,energy_centroid_row,energy_centroid_col,split_center_distance_px,gaussian_fit_quality,source_results_sha256
fly1,Mean1,8119,8084,0.0,2.0070347785949707,True,,CENTER_UNCERTAIN,7.75,5.25,7.170366169262174,6.649222370879806,11.672617529928752,0.19266117428312568,911169165f41e4eb2aefdf0d2347d3d5c2f76d8d90426433691debef5910d007
fly1,Mean2,8119,8084,0.0,2.250375509262085,True,,CENTER_UNCERTAIN,3.75,5.0,7.417825354409654,6.757067253325309,3.3541019662496847,0.47945973149872373,911169165f41e4eb2aefdf0d2347d3d5c2f76d8d90426433691debef5910d007
fly1,Mean3,8119,8084,0.008868087202857495,1.1822878122329712,True,,CENTER_UNCERTAIN,10.0,10.75,7.2677822382073085,6.7906460648374205,5.153882032022076,0.3769249760175677,911169165f41e4eb2aefdf0d2347d3d5c2f76d8d90426433691debef5910d007
fly1,Mean4,8119,8084,0.0,1.3759087324142456,True,,CENTER_UNCERTAIN,9.25,6.75,7.288873407028344,6.996759766851012,5.50567888638631,0.26708724240285714,911169165f41e4eb2aefdf0d2347d3d5c2f76d8d90426433691debef5910d007
fly1,Mean5,8119,8084,0.0,1.442765474319458,True,,CENTER_UNCERTAIN,14.0,9.75,6.914793489494852,6.842579356456124,7.106335201775948,0.20075770429320494,911169165f41e4eb2aefdf0d2347d3d5c2f76d8d90426433691debef5910d007
fly1,Mean6,8119,8084,0.0,1.6223114728927612,True,,CENTER_UNCERTAIN,8.25,7.0,7.180232054063549,7.0733768505851415,4.257346591481601,0.4240868066270996,911169165f41e4eb2aefdf0d2347d3d5c2f76d8d90426433691debef5910d007
fly1,Mean7,8119,8084,0.0,1.8431665897369385,True,,CENTER_UNCERTAIN,1.0,10.75,7.098371014665442,7.2510701264830395,10.04987562112089,0.3336626155443859,911169165f41e4eb2aefdf0d2347d3d5c2f76d8d90426433691debef5910d007
fly1,Mean8,8119,8084,0.0,1.8970991373062134,True,,CENTER_UNCERTAIN,1.0,4.75,6.7390637619099305,6.640601201792104,6.294839156007086,0.24837107547748788,911169165f41e4eb2aefdf0d2347d3d5c2f76d8d90426433691debef5910d007
fly1,Mean9,8119,8084,0.0,2.436218023300171,True,,CENTER_UNCERTAIN,3.0,9.0,7.032706390672226,6.996757749112066,8.8670739254841,0.23638036166323778,911169165f41e4eb2aefdf0d2347d3d5c2f76d8d90426433691debef5910d007
fly1,Mean10,8119,8084,0.0,1.8904566764831543,True,,CENTER_UNCERTAIN,0.75,14.0,6.8677332439992504,6.8586533777474346,6.896557112066861,0.2616930693438581,911169165f41e4eb2aefdf0d2347d3d5c2f76d8d90426433691debef5910d007
fly1,Mean11,8119,8084,0.0,2.2574098110198975,True,,CENTER_UNCERTAIN,3.0,1.0,7.31743307950778,6.708271144574328,2.23606797749979,0.15878234983291617,911169165f41e4eb2aefdf0d2347d3d5c2f76d8d90426433691debef5910d007
fly1,Mean12,8119,8084,0.0,2.152193784713745,True,,CENTER_UNCERTAIN,6.75,8.25,7.163775627961032,6.919817088508596,6.149186938124422,0.27766330505194936,911169165f41e4eb2aefdf0d2347d3d5c2f76d8d90426433691debef5910d007
fly1,Mean13,8119,8084,0.0,3.274212121963501,True,,CENTER_UNCERTAIN,11.0,14.0,7.4048103236622405,7.187822225562205,14.150971698084906,0.2564999715990208,911169165f41e4eb2aefdf0d2347d3d5c2f76d8d90426433691debef5910d007
fly1,Mean14,8119,8084,0.0,2.832340955734253,True,,CENTER_UNCERTAIN,13.0,5.75,7.422347900470822,7.006386930923957,7.945124291035352,0.11013614964486723,911169165f41e4eb2aefdf0d2347d3d5c2f76d8d90426433691debef5910d007
fly1,Mean15,8119,8084,0.0,2.6197946071624756,True,,CENTER_UNCERTAIN,10.25,3.0,7.4969864185452275,7.127822088452984,11.52443057161611,0.23240905634146894,911169165f41e4eb2aefdf0d2347d3d5c2f76d8d90426433691debef5910d007
fly1,Mean16,8119,8084,0.0,2.8875153064727783,True,,CENTER_UNCERTAIN,3.0,10.0,6.808289350956352,7.073145785716445,6.254998001598402,0.37212028543249626,911169165f41e4eb2aefdf0d2347d3d5c2f76d8d90426433691debef5910d007
fly1,Mean17,8119,8084,0.0,1.9347175359725952,True,,CENTER_UNCERTAIN,2.75,13.0,7.37291209754311,7.62850467711931,11.319231422671772,0.19818652183657762,911169165f41e4eb2aefdf0d2347d3d5c2f76d8d90426433691debef5910d007
fly1,Mean18,8119,8084,0.0,2.5986087322235107,True,,CENTER_ESTIMATED,4.25,14.0,7.505207324469961,7.526489139124881,1.4142135623730951,0.2894000942276692,911169165f41e4eb2aefdf0d2347d3d5c2f76d8d90426433691debef5910d007
fly1,Mean19,8119,8084,0.0,3.9597795009613037,True,,CENTER_UNCERTAIN,11.25,4.5,7.938187208601902,7.001133133974724,7.2886898685566255,0.3389158842031336,911169165f41e4eb2aefdf0d2347d3d5c2f76d8d90426433691debef5910d007
fly1,Mean20,8119,8084,0.0,2.7855207920074463,True,,CENTER_UNCERTAIN,11.25,4.5,7.617593673862724,7.324927276062904,8.609587678861281,0.2229904592586029,911169165f41e4eb2aefdf0d2347d3d5c2f76d8d90426433691debef5910d007
fly1,Mean21,8119,8084,0.0,3.217869520187378,True,,CENTER_UNCERTAIN,12.25,8.75,7.066009888517249,6.735567222456407,9.086390922693123,0.3353767201625995,911169165f41e4eb2aefdf0d2347d3d5c2f76d8d90426433691debef5910d007
fly1,Mean22,8119,8084,0.0,2.3246397972106934,True,,CENTER_UNCERTAIN,9.0,6.75,6.803635400646063,6.876954200537648,10.865656906050365,0.272353292657073,911169165f41e4eb2aefdf0d2347d3d5c2f76d8d90426433691debef5910d007
fly1,Mean23,8119,8084,0.0,3.3445422649383545,True,,CENTER_UNCERTAIN,12.25,9.5,6.994801345111877,6.62854942780901,11.672617529928752,0.13061450423448337,911169165f41e4eb2aefdf0d2347d3d5c2f76d8d90426433691debef5910d007
fly1,Mean24,8119,8084,0.0,3.161733627319336,True,,CENTER_ESTIMATED,8.75,6.75,6.981468718641617,6.5992591986550355,0.5,0.6375872733678805,911169165f41e4eb2aefdf0d2347d3d5c2f76d8d90426433691debef5910d007
fly1,Mean25,8119,8084,0.0,2.270343780517578,True,,CENTER_UNCERTAIN,12.0,13.0,7.3063690641600605,6.883734219152508,11.42639488202644,0.24591335509406734,911169165f41e4eb2aefdf0d2347d3d5c2f76d8d90426433691debef5910d007
fly1,Mean26,8119,8084,0.0,1.9279916286468506,True,,CENTER_UNCERTAIN,9.25,3.25,6.979752482347131,6.84211454051823,7.211102550927978,0.15060396036803728,911169165f41e4eb2aefdf0d2347d3d5c2f76d8d90426433691debef5910d007
fly1,Mean27,8119,8084,0.0,1.87749445438385,True,,CENTER_UNCERTAIN,14.0,14.0,7.516460813795066,6.877305538312913,15.402921800749363,0.41020465300057446,911169165f41e4eb2aefdf0d2347d3d5c2f76d8d90426433691debef5910d007
fly1,Mean28,8119,8084,0.0,1.693476676940918,True,,CENTER_ESTIMATED,9.0,7.0,7.601183315532093,6.9038223698354155,0.0,0.7122514154264984,911169165f41e4eb2aefdf0d2347d3d5c2f76d8d90426433691debef5910d007
fly1,Mean29,8119,8084,0.0,2.072916030883789,True,,CENTER_ESTIMATED,9.0,7.0,7.670137711692585,7.101759098694077,0.25,0.7623066607703681,911169165f41e4eb2aefdf0d2347d3d5c2f76d8d90426433691debef5910d007
fly1,Mean30,8119,8084,0.0,1.6081944704055786,True,,CENTER_ESTIMATED,8.25,7.0,7.558962288235426,6.9143579670651825,0.25,0.8137889365092744,911169165f41e4eb2aefdf0d2347d3d5c2f76d8d90426433691debef5910d007
fly1,Mean31,8119,8084,0.0,1.5667282342910767,True,,CENTER_ESTIMATED,8.25,7.25,7.4906823219119705,7.020435006702325,0.0,0.7430344306318194,911169165f41e4eb2aefdf0d2347d3d5c2f76d8d90426433691debef5910d007
fly1,Mean32,8119,8084,0.0,1.265081763267517,True,,CENTER_ESTIMATED,7.75,7.5,7.420346336337209,7.40705074278496,0.3535533905932738,0.8469811238088841,911169165f41e4eb2aefdf0d2347d3d5c2f76d8d90426433691debef5910d007
fly1,Mean33,8119,8084,0.0,1.2262789011001587,True,,CENTER_ESTIMATED,7.75,8.0,7.253275648131617,7.6304619070496615,0.25,0.73490679086893,911169165f41e4eb2aefdf0d2347d3d5c2f76d8d90426433691debef5910d007
fly1,Mean34,8119,8084,0.0,0.9154630303382874,True,,CENTER_ESTIMATED,7.25,8.0,7.075620852785888,7.5259536069223545,0.0,0.7559148345725284,911169165f41e4eb2aefdf0d2347d3d5c2f76d8d90426433691debef5910d007
fly1,Mean35,8119,8084,0.0,0.8341130614280701,True,,CENTER_ESTIMATED,7.0,8.0,7.094450272722187,7.559411082454582,0.0,0.6336667498738251,911169165f41e4eb2aefdf0d2347d3d5c2f76d8d90426433691debef5910d007
fly1,Mean36,8119,8084,0.005788890257420865,0.6926988363265991,True,,CENTER_ESTIMATED,6.25,8.0,6.901455526703205,7.18034387864085,0.0,0.7118531664346326,911169165f41e4eb2aefdf0d2347d3d5c2f76d8d90426433691debef5910d007
fly1,Mean37,8119,8084,0.284887301391797,0.34780099987983704,False,excess_zero_raw,NO_CENTER,,,,,,,911169165f41e4eb2aefdf0d2347d3d5c2f76d8d90426433691debef5910d007
fly1,Mean38,8119,8084,0.5011700948392659,0.24719136953353882,False,excess_zero_raw,NO_CENTER,,,,,,,911169165f41e4eb2aefdf0d2347d3d5c2f76d8d90426433691debef5910d007
fly1,Mean39,8119,8084,0.015272816849365685,0.7187557220458984,True,,CENTER_ESTIMATED,8.0,7.25,6.874243168207435,6.969137231890139,0.3535533905932738,0.673756667541352,911169165f41e4eb2aefdf0d2347d3d5c2f76d8d90426433691debef5910d007
fly1,Mean40,8119,8084,0.013917970193373569,0.6144994497299194,True,,CENTER_UNCERTAIN,7.25,6.5,6.9024417291092535,6.7855501998130245,5.006246098625197,0.5062159925023416,911169165f41e4eb2aefdf0d2347d3d5c2f76d8d90426433691debef5910d007
fly1,Mean41,8119,8084,0.09249907624091637,0.6882104873657227,True,,CENTER_ESTIMATED,6.75,7.0,7.218176579420398,7.0939421280545805,0.3535533905932738,0.7700866646048508,911169165f41e4eb2aefdf0d2347d3d5c2f76d8d90426433691debef5910d007
fly1,Mean42,8119,8084,0.14115038797881513,0.5443668365478516,True,,CENTER_UNCERTAIN,10.0,8.0,7.0153101793766215,6.995651517911942,12.20911544707478,0.31978243197859,911169165f41e4eb2aefdf0d2347d3d5c2f76d8d90426433691debef5910d007
fly2,Mean1,8119,8084,0.0421234142135731,1.0441110134124756,True,,CENTER_UNCERTAIN,2.0,5.0,7.128204744594266,6.768102767182735,6.005206074732157,0.46305596284026995,52d48ef8b284f211a6654312cd0332b3bcba4bbc9a420ac7cc77825ee9bcc3a9
fly2,Mean2,8119,8084,0.0001231678778174652,2.4986965656280518,True,,CENTER_UNCERTAIN,3.5,4.5,6.888370948313368,6.794028012175313,10.680004681646913,0.2807774476649011,52d48ef8b284f211a6654312cd0332b3bcba4bbc9a420ac7cc77825ee9bcc3a9
fly2,Mean3,8119,8084,0.0,2.3684182167053223,True,,CENTER_UNCERTAIN,9.25,6.0,7.052629516305344,6.636512493054831,5.0,0.3265877448227158,52d48ef8b284f211a6654312cd0332b3bcba4bbc9a420ac7cc77825ee9bcc3a9
fly2,Mean4,8119,8084,0.0,2.717458724975586,True,,CENTER_UNCERTAIN,10.5,14.0,6.935410217930285,6.813575668501215,9.192388155425117,0.16145897176409388,52d48ef8b284f211a6654312cd0332b3bcba4bbc9a420ac7cc77825ee9bcc3a9
fly2,Mean5,8119,8084,0.0009853430225397217,2.0382754802703857,True,,CENTER_UNCERTAIN,1.75,10.5,6.79263091178981,6.616545209151464,4.038873605350878,0.14948452983048988,52d48ef8b284f211a6654312cd0332b3bcba4bbc9a420ac7cc77825ee9bcc3a9
fly2,Mean6,8119,8084,0.0,7.454470157623291,True,,CENTER_UNCERTAIN,6.0,10.0,6.926094951037676,7.167854464564813,4.430011286667337,0.14428791208833444,52d48ef8b284f211a6654312cd0332b3bcba4bbc9a420ac7cc77825ee9bcc3a9
fly2,Mean7,8119,8084,0.0,3.8868823051452637,True,,CENTER_UNCERTAIN,8.0,3.75,6.91349290367152,6.7719771861591616,9.25,0.4619614006367217,52d48ef8b284f211a6654312cd0332b3bcba4bbc9a420ac7cc77825ee9bcc3a9
fly2,Mean8,8119,8084,0.0,5.075592517852783,True,,CENTER_UNCERTAIN,0.5,11.0,6.982492167077323,7.1425488865069156,7.504165509901817,0.17949431271486788,52d48ef8b284f211a6654312cd0332b3bcba4bbc9a420ac7cc77825ee9bcc3a9
fly2,Mean9,8119,8084,0.0,6.1715192794799805,True,,CENTER_UNCERTAIN,10.0,14.0,7.24020742819772,6.90115549883656,7.766112283504533,0.36057455433224894,52d48ef8b284f211a6654312cd0332b3bcba4bbc9a420ac7cc77825ee9bcc3a9
fly2,Mean10,8119,8084,0.0,4.45019006729126,True,,CENTER_UNCERTAIN,9.0,6.5,7.20766333301169,7.092001890383055,6.25,0.195760994246616,52d48ef8b284f211a6654312cd0332b3bcba4bbc9a420ac7cc77825ee9bcc3a9
fly2,Mean11,8119,8084,0.0,4.018459796905518,True,,CENTER_UNCERTAIN,10.0,1.0,7.0549448247553395,7.052150422518074,7.504165509901817,0.3411821707469239,52d48ef8b284f211a6654312cd0332b3bcba4bbc9a420ac7cc77825ee9bcc3a9
fly2,Mean12,8119,8084,0.0,4.8568501472473145,True,,CENTER_UNCERTAIN,11.25,11.75,7.27144291725719,7.267021135725481,9.017344398435716,0.18249081719224375,52d48ef8b284f211a6654312cd0332b3bcba4bbc9a420ac7cc77825ee9bcc3a9
fly2,Mean13,8119,8084,0.0,2.86283016204834,True,,CENTER_UNCERTAIN,9.25,6.25,7.347667852644567,7.086476486291726,7.905694150420948,0.3890460293685762,52d48ef8b284f211a6654312cd0332b3bcba4bbc9a420ac7cc77825ee9bcc3a9
fly2,Mean14,8119,8084,0.0,5.165403842926025,True,,CENTER_UNCERTAIN,9.75,1.25,7.445161927302825,6.723911458346179,5.70087712549569,0.29446159545114564,52d48ef8b284f211a6654312cd0332b3bcba4bbc9a420ac7cc77825ee9bcc3a9
fly2,Mean15,8119,8084,0.0,3.3178701400756836,True,,CENTER_UNCERTAIN,4.75,10.25,7.437109418218064,6.733111274745181,10.295630140987,0.3422505429658484,52d48ef8b284f211a6654312cd0332b3bcba4bbc9a420ac7cc77825ee9bcc3a9
fly2,Mean16,8119,8084,0.0,4.305075645446777,True,,CENTER_UNCERTAIN,10.25,7.25,7.0778687769452615,6.7639782690966515,6.768493185340442,0.5668566446399637,52d48ef8b284f211a6654312cd0332b3bcba4bbc9a420ac7cc77825ee9bcc3a9
fly2,Mean17,8119,8084,0.0,3.1305992603302,True,,CENTER_UNCERTAIN,11.0,6.5,7.0830451152342855,6.63059953295397,5.798706752371601,0.4803798743852712,52d48ef8b284f211a6654312cd0332b3bcba4bbc9a420ac7cc77825ee9bcc3a9
fly2,Mean18,8119,8084,0.0,5.118445873260498,True,,CENTER_UNCERTAIN,10.25,7.0,7.674603444777543,6.825217955824275,8.602325267042627,0.6952252640008093,52d48ef8b284f211a6654312cd0332b3bcba4bbc9a420ac7cc77825ee9bcc3a9
fly2,Mean19,8119,8084,0.0,1.114072322845459,True,,CENTER_UNCERTAIN,10.0,7.25,7.618832155649728,6.9885362591526246,4.031128874149275,0.5791961893894926,52d48ef8b284f211a6654312cd0332b3bcba4bbc9a420ac7cc77825ee9bcc3a9
fly2,Mean20,8119,8084,0.0,6.290762901306152,True,,CENTER_ESTIMATED,10.25,7.0,7.873240098573478,6.902138190070664,0.25,0.6967814644684933,52d48ef8b284f211a6654312cd0332b3bcba4bbc9a420ac7cc77825ee9bcc3a9
fly2,Mean21,8119,8084,0.0,6.135003089904785,True,,CENTER_ESTIMATED,10.0,7.0,7.854767965497533,6.859420354929342,0.25,0.6729570388118014,52d48ef8b284f211a6654312cd0332b3bcba4bbc9a420ac7cc77825ee9bcc3a9
fly2,Mean22,8119,8084,0.0,4.678895473480225,True,,CENTER_ESTIMATED,10.0,7.0,7.847215878750242,6.852754736806417,0.0,0.7712328256908059,52d48ef8b284f211a6654312cd0332b3bcba4bbc9a420ac7cc77825ee9bcc3a9
fly2,Mean23,8119,8084,0.0,3.769305467605591,True,,CENTER_ESTIMATED,10.0,6.75,7.651981709551769,6.893801601763404,0.5590169943749475,0.642258730433454,52d48ef8b284f211a6654312cd0332b3bcba4bbc9a420ac7cc77825ee9bcc3a9
fly2,Mean24,8119,8084,0.0,2.3790924549102783,True,,CENTER_ESTIMATED,9.75,6.75,7.842550122791872,6.898152487585482,0.3535533905932738,0.811345335895816,52d48ef8b284f211a6654312cd0332b3bcba4bbc9a420ac7cc77825ee9bcc3a9
fly2,Mean25,8119,8084,0.0,4.6270670890808105,True,,CENTER_ESTIMATED,9.75,6.5,7.434598081594225,6.90375964961933,0.3535533905932738,0.8391205907559159,52d48ef8b284f211a6654312cd0332b3bcba4bbc9a420ac7cc77825ee9bcc3a9
fly2,Mean26,8119,8084,0.0,2.455925703048706,True,,CENTER_ESTIMATED,9.75,6.75,7.587262654709448,6.968931028016494,0.25,0.8499718021510226,52d48ef8b284f211a6654312cd0332b3bcba4bbc9a420ac7cc77825ee9bcc3a9
fly2,Mean27,8119,8084,0.0,4.103653907775879,True,,CENTER_UNCERTAIN,9.5,7.25,7.204687969551795,7.186381772048556,4.2793106921559225,0.6548592091126273,52d48ef8b284f211a6654312cd0332b3bcba4bbc9a420ac7cc77825ee9bcc3a9
fly2,Mean28,8119,8084,0.0,2.8678078651428223,True,,CENTER_ESTIMATED,9.75,6.25,7.727846370524139,6.989755942598711,0.3535533905932738,0.8131280301736348,52d48ef8b284f211a6654312cd0332b3bcba4bbc9a420ac7cc77825ee9bcc3a9
fly2,Mean29,8119,8084,0.0,4.3044538497924805,True,,CENTER_ESTIMATED,8.75,7.0,7.458037920575908,6.814606803228197,0.0,0.918812716022856,52d48ef8b284f211a6654312cd0332b3bcba4bbc9a420ac7cc77825ee9bcc3a9
fly2,Mean30,8119,8084,0.0,1.3620511293411255,True,,CENTER_ESTIMATED,9.0,6.5,7.6049995359193066,6.70367055101317,0.5590169943749475,0.665678105319875,52d48ef8b284f211a6654312cd0332b3bcba4bbc9a420ac7cc77825ee9bcc3a9
fly2,Mean31,8119,8084,0.0002463357556349304,1.6645474433898926,True,,CENTER_ESTIMATED,8.5,6.75,7.209672626969732,6.777884628746925,0.25,0.8462172846849385,52d48ef8b284f211a6654312cd0332b3bcba4bbc9a420ac7cc77825ee9bcc3a9
fly2,Mean32,8119,8084,0.020199531962064293,0.7153651714324951,True,,CENTER_UNCERTAIN,8.5,6.75,6.949382771093264,7.029705380743565,7.403546447480424,0.7975181698149464,52d48ef8b284f211a6654312cd0332b3bcba4bbc9a420ac7cc77825ee9bcc3a9
fly2,Mean33,8119,8084,0.0,7.354280948638916,True,,CENTER_ESTIMATED,8.25,7.0,7.3465316633241375,6.679371027267219,0.25,0.8091582875326141,52d48ef8b284f211a6654312cd0332b3bcba4bbc9a420ac7cc77825ee9bcc3a9
fly2,Mean34,8119,8084,0.0,3.7619733810424805,True,,CENTER_ESTIMATED,8.25,7.0,7.529342068633215,6.895606818877449,0.0,0.7688609072852984,52d48ef8b284f211a6654312cd0332b3bcba4bbc9a420ac7cc77825ee9bcc3a9
fly2,Mean35,8119,8084,0.0,2.542625904083252,True,,CENTER_ESTIMATED,8.0,7.0,7.612362471827075,7.055889066201563,0.0,0.7532238945076761,52d48ef8b284f211a6654312cd0332b3bcba4bbc9a420ac7cc77825ee9bcc3a9
fly2,Mean36,8119,8084,0.0002463357556349304,1.2366492748260498,True,,CENTER_ESTIMATED,8.0,7.0,7.332001660435652,6.534061269680989,0.25,0.6038491473714116,52d48ef8b284f211a6654312cd0332b3bcba4bbc9a420ac7cc77825ee9bcc3a9
fly2,Mean37,8119,8084,0.01539598472718315,3.270986795425415,True,,CENTER_ESTIMATED,8.0,7.0,7.395110786877932,6.941988851866539,0.3535533905932738,0.7666020952447291,52d48ef8b284f211a6654312cd0332b3bcba4bbc9a420ac7cc77825ee9bcc3a9
fly2,Mean38,8119,8084,0.0,3.7416059970855713,True,,CENTER_ESTIMATED,7.75,7.0,7.074345719394139,6.69277131584492,0.25,0.8135128342657882,52d48ef8b284f211a6654312cd0332b3bcba4bbc9a420ac7cc77825ee9bcc3a9
fly2,Mean39,8119,8084,0.0,2.0935657024383545,True,,CENTER_ESTIMATED,6.75,7.75,7.003199099917624,7.213814807035085,0.25,0.8658548679736278,52d48ef8b284f211a6654312cd0332b3bcba4bbc9a420ac7cc77825ee9bcc3a9
fly2,Mean40,8119,8084,0.0,1.8942606449127197,True,,CENTER_ESTIMATED,6.25,7.75,6.974213694324719,7.096744587971207,0.5590169943749475,0.8728188074585845,52d48ef8b284f211a6654312cd0332b3bcba4bbc9a420ac7cc77825ee9bcc3a9
fly2,Mean41,8119,8084,0.0,1.8300576210021973,True,,CENTER_ESTIMATED,6.25,7.5,6.75126826441596,7.018745128938873,0.25,0.8002510612709915,52d48ef8b284f211a6654312cd0332b3bcba4bbc9a420ac7cc77825ee9bcc3a9
fly2,Mean42,8119,8084,0.009730262347579751,2.1245815753936768,True,,CENTER_ESTIMATED,6.0,7.75,6.703637342822831,7.0689159503345085,0.3535533905932738,0.6953616493056562,52d48ef8b284f211a6654312cd0332b3bcba4bbc9a420ac7cc77825ee9bcc3a9
fly2,Mean43,8119,8084,0.0,1.2681139707565308,True,,CENTER_ESTIMATED,6.0,7.25,6.526377287617441,7.0059725164955235,0.5,0.8906293833243968,52d48ef8b284f211a6654312cd0332b3bcba4bbc9a420ac7cc77825ee9bcc3a9
fly2,Mean44,8119,8084,0.0,1.4775261878967285,True,,CENTER_ESTIMATED,5.75,7.25,6.616654678213514,7.067662211267303,0.3535533905932738,0.8580544208181384,52d48ef8b284f211a6654312cd0332b3bcba4bbc9a420ac7cc77825ee9bcc3a9
fly2,Mean45,8119,8084,0.0004926715112698608,2.0021378993988037,True,,CENTER_UNCERTAIN,5.5,7.25,6.693030382426506,7.313417361100848,5.315072906367325,0.8348098460977978,52d48ef8b284f211a6654312cd0332b3bcba4bbc9a420ac7cc77825ee9bcc3a9
fly2,Mean46,8119,8084,0.0013548466559921172,1.0623152256011963,True,,CENTER_UNCERTAIN,5.5,7.25,7.0173019252669695,7.130057811697377,6.25,0.7810557726544652,52d48ef8b284f211a6654312cd0332b3bcba4bbc9a420ac7cc77825ee9bcc3a9
fly2,Mean47,8119,8084,0.005296218746151004,1.0339912176132202,True,,CENTER_ESTIMATED,7.5,6.5,7.049171392810127,7.123112883201831,0.25,0.4853078353208078,52d48ef8b284f211a6654312cd0332b3bcba4bbc9a420ac7cc77825ee9bcc3a9
fly2,Mean48,8119,8084,0.03140780884345363,0.6339578032493591,True,,CENTER_ESTIMATED,5.0,7.5,6.894604296375079,7.371819318581039,0.5590169943749475,0.7138063136386298,52d48ef8b284f211a6654312cd0332b3bcba4bbc9a420ac7cc77825ee9bcc3a9
fly2,Mean49,8119,8084,0.38822515088065035,0.4531268775463104,False,excess_zero_raw,NO_CENTER,,,,,,,52d48ef8b284f211a6654312cd0332b3bcba4bbc9a420ac7cc77825ee9bcc3a9
fly2,Mean50,8119,8084,0.6535287596994703,0.2519524097442627,False,excess_zero_raw,NO_CENTER,,,,,,,52d48ef8b284f211a6654312cd0332b3bcba4bbc9a420ac7cc77825ee9bcc3a9
fly3,Mean1,8119,8084,0.5572114792462126,0.14961090683937073,False,excess_zero_raw,NO_CENTER,,,,,,,533aaa57174a63ca78b933e9ce66dc5b9192d902505802410f874808c24dea30
fly3,Mean2,8119,8084,0.4586771769922404,0.1975601762533188,False,excess_zero_raw,NO_CENTER,,,,,,,533aaa57174a63ca78b933e9ce66dc5b9192d902505802410f874808c24dea30
fly3,Mean3,8119,8084,0.037319866978691954,0.4483834207057953,True,,CENTER_UNCERTAIN,7.25,6.75,6.941298694076329,7.105041224784689,2.6100766272276377,0.6151358172112764,533aaa57174a63ca78b933e9ce66dc5b9192d902505802410f874808c24dea30
fly3,Mean4,8119,8084,0.0014780145338095824,0.7168833613395691,True,,CENTER_UNCERTAIN,7.5,7.25,6.965155064089488,7.1325468721547605,6.823672031978091,0.606892750802481,533aaa57174a63ca78b933e9ce66dc5b9192d902505802410f874808c24dea30
fly3,Mean5,8119,8084,0.0,0.7332366108894348,True,,CENTER_ESTIMATED,8.25,7.0,7.41524109747915,7.100593876191332,0.3535533905932738,0.8322738486212193,533aaa57174a63ca78b933e9ce66dc5b9192d902505802410f874808c24dea30
fly3,Mean6,8119,8084,0.27059982756497103,0.5844640135765076,False,excess_zero_raw,NO_CENTER,,,,,,,533aaa57174a63ca78b933e9ce66dc5b9192d902505802410f874808c24dea30
fly3,Mean7,8119,8084,0.0,1.2996766567230225,True,,CENTER_ESTIMATED,8.5,7.0,7.34775986286617,6.97047766642186,0.0,0.7427326332346111,533aaa57174a63ca78b933e9ce66dc5b9192d902505802410f874808c24dea30
fly3,Mean8,8119,8084,0.0,1.7293318510055542,True,,CENTER_ESTIMATED,8.5,7.25,7.369322587984654,7.117195810695285,0.25,0.828276202533575,533aaa57174a63ca78b933e9ce66dc5b9192d902505802410f874808c24dea30
fly3,Mean9,8119,8084,0.0,1.3613529205322266,True,,CENTER_ESTIMATED,8.75,7.0,7.438687896672055,6.707528255271815,0.25,0.8412108044678647,533aaa57174a63ca78b933e9ce66dc5b9192d902505802410f874808c24dea30
fly3,Mean10,8119,8084,0.0,2.7369470596313477,True,,CENTER_ESTIMATED,9.0,7.0,7.919561968961107,6.979184225881,0.5,0.8729434807289539,533aaa57174a63ca78b933e9ce66dc5b9192d902505802410f874808c24dea30
fly3,Mean11,8119,8084,0.0,1.7093701362609863,True,,CENTER_ESTIMATED,9.0,7.25,7.14859643010695,6.907313618851593,0.75,0.8811449485713272,533aaa57174a63ca78b933e9ce66dc5b9192d902505802410f874808c24dea30
fly3,Mean12,8119,8084,0.0,1.0832537412643433,True,,CENTER_ESTIMATED,7.0,8.5,6.986696800117245,7.168438933363241,0.5590169943749475,0.21964805326789352,533aaa57174a63ca78b933e9ce66dc5b9192d902505802410f874808c24dea30
fly3,Mean13,8119,8084,0.0,2.2319400310516357,True,,CENTER_ESTIMATED,10.0,7.25,7.5151772464779425,7.065670811497741,0.25,0.7804209299281675,533aaa57174a63ca78b933e9ce66dc5b9192d902505802410f874808c24dea30
fly3,Mean14,8119,8084,0.0,1.0742839574813843,True,,CENTER_ESTIMATED,10.0,7.25,7.414631026308309,7.292859477449043,0.0,0.8320829795188369,533aaa57174a63ca78b933e9ce66dc5b9192d902505802410f874808c24dea30
fly3,Mean15,8119,8084,0.0,2.83125901222229,True,,CENTER_ESTIMATED,10.25,7.0,7.637725802196114,6.803076308687768,0.25,0.7788779168208884,533aaa57174a63ca78b933e9ce66dc5b9192d902505802410f874808c24dea30
fly3,Mean16,8119,8084,0.0,1.4387526512145996,True,,CENTER_ESTIMATED,10.25,7.25,7.344662416502828,7.031347043099067,0.25,0.8147877846620373,533aaa57174a63ca78b933e9ce66dc5b9192d902505802410f874808c24dea30
fly3,Mean17,8119,8084,0.0,1.6909217834472656,True,,CENTER_ESTIMATED,10.75,7.0,7.06823870807944,7.093840243476166,0.25,0.7648079335372199,533aaa57174a63ca78b933e9ce66dc5b9192d902505802410f874808c24dea30
fly3,Mean18,8119,8084,0.0,3.4359614849090576,True,,CENTER_ESTIMATED,10.75,7.0,7.636120612852843,6.873680671199532,0.0,0.7584495369666531,533aaa57174a63ca78b933e9ce66dc5b9192d902505802410f874808c24dea30
fly3,Mean19,8119,8084,0.0,3.0094375610351562,True,,CENTER_UNCERTAIN,11.0,6.75,7.111092936622161,6.897014888583777,11.75,0.7304050283633966,533aaa57174a63ca78b933e9ce66dc5b9192d902505802410f874808c24dea30
fly3,Mean20,8119,8084,0.0,2.757586717605591,True,,CENTER_UNCERTAIN,1.0,3.75,6.876272784478756,7.191782413135419,6.020797289396148,0.2317235577875304,533aaa57174a63ca78b933e9ce66dc5b9192d902505802410f874808c24dea30
fly3,Mean21,8119,8084,0.0,2.094696283340454,True,,CENTER_UNCERTAIN,8.0,12.25,6.865959722257845,6.924956030782963,7.00446286306095,0.1978350620022036,533aaa57174a63ca78b933e9ce66dc5b9192d902505802410f874808c24dea30
fly3,Mean22,8119,8084,0.0,3.2431821823120117,True,,CENTER_UNCERTAIN,2.0,7.0,6.91892027134969,7.142081036562319,10.398317171542711,0.3604378581669393,533aaa57174a63ca78b933e9ce66dc5b9192d902505802410f874808c24dea30
fly3,Mean23,8119,8084,0.0,2.104083299636841,True,,CENTER_UNCERTAIN,0.0,12.25,6.923006358051418,6.988771739803387,7.0400639201643616,0.22347708998224405,533aaa57174a63ca78b933e9ce66dc5b9192d902505802410f874808c24dea30
fly3,Mean24,8119,8084,0.0,2.664151191711426,True,,CENTER_ESTIMATED,8.25,1.75,6.814255610809948,6.913543514545517,1.7677669529663689,0.11052091363152503,533aaa57174a63ca78b933e9ce66dc5b9192d902505802410f874808c24dea30
fly3,Mean25,8119,8084,0.0,3.0806870460510254,True,,CENTER_UNCERTAIN,1.0,3.75,7.023070113662878,6.851050092664445,12.886523968859873,0.1906305737601497,533aaa57174a63ca78b933e9ce66dc5b9192d902505802410f874808c24dea30
fly3,Mean26,8119,8084,0.0,3.8590660095214844,True,,CENTER_UNCERTAIN,10.5,2.0,7.104143293922508,6.827559621400634,13.231118622399242,0.2767150737047829,533aaa57174a63ca78b933e9ce66dc5b9192d902505802410f874808c24dea30
fly3,Mean27,8119,8084,0.0,1.486260175704956,True,,CENTER_UNCERTAIN,12.0,5.25,7.2520298460417605,6.761220061661029,7.280109889280518,0.39845600914965484,533aaa57174a63ca78b933e9ce66dc5b9192d902505802410f874808c24dea30
fly3,Mean28,8119,8084,0.0,3.4915311336517334,True,,CENTER_UNCERTAIN,10.25,7.0,7.0422560395979,7.161463272445828,10.680004681646913,0.4601823191211449,533aaa57174a63ca78b933e9ce66dc5b9192d902505802410f874808c24dea30
fly3,Mean29,8119,8084,0.0,3.0170786380767822,True,,CENTER_UNCERTAIN,9.0,14.0,6.879675509309761,7.0953358517959435,14.020074892809953,0.28272357257308334,533aaa57174a63ca78b933e9ce66dc5b9192d902505802410f874808c24dea30
fly3,Mean30,8119,8084,0.0,2.8949263095855713,True,,CENTER_UNCERTAIN,14.0,5.5,7.2231502308683355,6.879996301690811,9.839334327077214,0.35397898871926575,533aaa57174a63ca78b933e9ce66dc5b9192d902505802410f874808c24dea30
fly3,Mean31,8119,8084,0.0,2.6738638877868652,True,,CENTER_UNCERTAIN,6.25,11.0,6.960195567094998,6.8608658448860025,2.7950849718747373,0.31128082685876224,533aaa57174a63ca78b933e9ce66dc5b9192d902505802410f874808c24dea30
fly3,Mean32,8119,8084,0.0004926715112698608,2.8340470790863037,True,,CENTER_UNCERTAIN,3.5,14.0,7.1047643095557405,6.73222324024643,10.277402395547233,0.20304258633252817,533aaa57174a63ca78b933e9ce66dc5b9192d902505802410f874808c24dea30
fly3,Mean33,8119,8084,0.0,1.802563190460205,True,,CENTER_UNCERTAIN,7.5,12.0,6.709021540042441,7.349107867931159,6.294839156007086,0.26633315145777064,533aaa57174a63ca78b933e9ce66dc5b9192d902505802410f874808c24dea30
fly3,Mean34,8119,8084,0.0,1.8549396991729736,True,,CENTER_UNCERTAIN,5.25,13.25,6.943207242837361,6.904404740570947,5.350233639758174,0.23219005715790922,533aaa57174a63ca78b933e9ce66dc5b9192d902505802410f874808c24dea30
fly3,Mean35,8119,8084,0.0,2.0803611278533936,True,,CENTER_UNCERTAIN,13.0,12.25,7.045643775199112,6.878979378934995,3.2015621187164243,0.2806640541834815,533aaa57174a63ca78b933e9ce66dc5b9192d902505802410f874808c24dea30
fly3,Mean36,8119,8084,0.0,1.9250319004058838,True,,CENTER_UNCERTAIN,4.25,14.0,6.609617115185257,7.162292436326476,3.783186487605389,0.22872856318531254,533aaa57174a63ca78b933e9ce66dc5b9192d902505802410f874808c24dea30
fly3,Mean37,8119,8084,0.0020938539228969083,1.9872909784317017,True,,CENTER_ESTIMATED,7.0,4.0,6.971623708885362,6.7661178100747135,1.0,0.09265284779683389,533aaa57174a63ca78b933e9ce66dc5b9192d902505802410f874808c24dea30
fly3,Mean38,8119,8084,0.0,2.835641860961914,True,,CENTER_UNCERTAIN,0.0,1.25,6.972187191966986,6.989589716498302,16.25,0.32467811915634176,533aaa57174a63ca78b933e9ce66dc5b9192d902505802410f874808c24dea30
fly3,Mean39,8119,8084,0.0002463357556349304,2.9246528148651123,True,,CENTER_UNCERTAIN,0.75,3.5,6.640341440572517,7.050999406481354,2.9154759474226504,0.27817761279362835,533aaa57174a63ca78b933e9ce66dc5b9192d902505802410f874808c24dea30
fly3,Mean40,8119,8084,0.0,2.964137554168701,True,,CENTER_UNCERTAIN,2.0,8.75,7.259715907380022,7.159179446440643,11.792476415070755,0.18840964151590786,533aaa57174a63ca78b933e9ce66dc5b9192d902505802410f874808c24dea30
fly3,Mean41,8119,8084,0.0,2.4808313846588135,True,,CENTER_UNCERTAIN,5.25,13.75,6.860424744927675,7.007137382682648,7.615773105863909,0.2699214126560175,533aaa57174a63ca78b933e9ce66dc5b9192d902505802410f874808c24dea30
fly3,Mean42,8119,8084,0.0003695036334523956,1.76838219165802,True,,CENTER_UNCERTAIN,10.25,7.0,6.9201891753637375,7.020770180160789,3.132491021535417,0.3854663255379072,533aaa57174a63ca78b933e9ce66dc5b9192d902505802410f874808c24dea30
fly3,Mean43,8119,8084,0.0003695036334523956,2.0246903896331787,True,,CENTER_UNCERTAIN,6.25,5.0,6.5915742765624366,7.114028422188929,5.062114182829147,0.3850377991792021,533aaa57174a63ca78b933e9ce66dc5b9192d902505802410f874808c24dea30
fly3,Mean44,8119,8084,0.0004926715112698608,1.604805588722229,True,,CENTER_UNCERTAIN,8.75,0.75,6.7254220891120315,7.2790987738458535,9.089829481348922,0.3593579992382453,533aaa57174a63ca78b933e9ce66dc5b9192d902505802410f874808c24dea30
fly3,Mean45,8119,8084,0.016750831383175267,0.7397942543029785,True,,CENTER_UNCERTAIN,7.75,14.0,6.677635766572748,6.7881670563346,6.670832032063167,0.1569911668942792,533aaa57174a63ca78b933e9ce66dc5b9192d902505802410f874808c24dea30
fly3,Mean46,8119,8084,0.2117255819682227,0.6746808886528015,False,excess_zero_raw,NO_CENTER,,,,,,,533aaa57174a63ca78b933e9ce66dc5b9192d902505802410f874808c24dea30
fly3,Mean47,8119,8084,0.0004926715112698608,0.8342933654785156,True,,CENTER_UNCERTAIN,10.25,11.0,7.130529136703231,6.984749948387041,7.504165509901817,0.18197135858970073,533aaa57174a63ca78b933e9ce66dc5b9192d902505802410f874808c24dea30
fly3,Mean48,8119,8084,0.02081537135115162,1.0515549182891846,True,,CENTER_UNCERTAIN,2.25,9.75,7.029889356124739,7.198686286525572,5.7118298293979315,0.30787099722179984,533aaa57174a63ca78b933e9ce66dc5b9192d902505802410f874808c24dea30
fly3,Mean49,8119,8084,0.0001231678778174652,1.7162562608718872,True,,CENTER_UNCERTAIN,13.0,2.75,6.988798291950225,7.16256470798072,9.80114789195633,0.24367470806120464,533aaa57174a63ca78b933e9ce66dc5b9192d902505802410f874808c24dea30
fly3,Mean50,8119,8084,0.0,1.5122312307357788,True,,CENTER_UNCERTAIN,11.5,2.0,6.8093509200898055,6.900806628764007,8.806957476904268,0.2766016977134669,533aaa57174a63ca78b933e9ce66dc5b9192d902505802410f874808c24dea30
fly4,Mean1,8119,8084,0.06823500431087573,0.2667466998100281,True,,CENTER_UNCERTAIN,4.25,4.25,7.047741890697016,6.70867167279789,7.0400639201643616,0.13943161249311264,962c2e36bb1b99449419ac6b6d23961cbc79fb127f7b531e8b2164bc0d40df17
fly4,Mean2,8119,8084,0.0022170218007143737,0.7050637602806091,True,,CENTER_ESTIMATED,4.0,0.0,6.5773038227061225,6.855085988895045,1.118033988749895,0.17071856929194104,962c2e36bb1b99449419ac6b6d23961cbc79fb127f7b531e8b2164bc0d40df17
fly4,Mean3,8119,8084,0.019214188939524573,0.4037235379219055,True,,CENTER_UNCERTAIN,13.0,9.0,6.8173699634946,7.015869410694305,2.9261749776799064,0.23856276606783625,962c2e36bb1b99449419ac6b6d23961cbc79fb127f7b531e8b2164bc0d40df17
fly4,Mean4,8119,8084,0.0,0.8001851439476013,True,,CENTER_UNCERTAIN,5.75,14.0,6.822158833441993,7.167221829602899,5.75,0.34505364847139247,962c2e36bb1b99449419ac6b6d23961cbc79fb127f7b531e8b2164bc0d40df17
fly4,Mean5,8119,8084,0.03251631974381081,0.5972065329551697,True,,CENTER_UNCERTAIN,5.75,2.0,7.253536481790982,6.74314946442513,10.816653826391969,0.45854734964740346,962c2e36bb1b99449419ac6b6d23961cbc79fb127f7b531e8b2164bc0d40df17
fly4,Mean6,8119,8084,0.0002463357556349304,0.8175292015075684,True,,CENTER_UNCERTAIN,11.5,13.25,6.709863522711151,7.430958849810728,11.0,0.23687254777412736,962c2e36bb1b99449419ac6b6d23961cbc79fb127f7b531e8b2164bc0d40df17
fly4,Mean7,8119,8084,0.0,2.493372678756714,True,,CENTER_UNCERTAIN,14.0,4.75,7.449261955013974,7.2425532407515165,4.981214711292819,0.37018042565727943,962c2e36bb1b99449419ac6b6d23961cbc79fb127f7b531e8b2164bc0d40df17
fly4,Mean8,8119,8084,0.018967853183889643,0.6560536026954651,True,,CENTER_UNCERTAIN,8.5,5.25,6.713523052659767,6.989352014258355,10.17656621852381,0.1797065700206745,962c2e36bb1b99449419ac6b6d23961cbc79fb127f7b531e8b2164bc0d40df17
fly4,Mean9,8119,8084,0.0002463357556349304,3.1372573375701904,True,,CENTER_UNCERTAIN,14.0,13.0,7.377040036290222,7.112379574803882,11.845357740482134,0.6094507427365202,962c2e36bb1b99449419ac6b6d23961cbc79fb127f7b531e8b2164bc0d40df17
fly4,Mean10,8119,8084,0.0,3.8345866203308105,True,,CENTER_UNCERTAIN,14.0,5.25,7.1844909965279316,6.93679286940822,11.423659658795863,0.3919484559568645,962c2e36bb1b99449419ac6b6d23961cbc79fb127f7b531e8b2164bc0d40df17
fly4,Mean11,8119,8084,0.0,3.7698264122009277,True,,CENTER_UNCERTAIN,5.0,2.0,7.101932441143857,6.464676509052926,12.693502274786104,0.26932214745534083,962c2e36bb1b99449419ac6b6d23961cbc79fb127f7b531e8b2164bc0d40df17
fly4,Mean12,8119,8084,0.0,3.6863486766815186,True,,CENTER_UNCERTAIN,12.5,7.75,7.045483224040874,6.893527468032292,7.0400639201643616,0.3506755515550695,962c2e36bb1b99449419ac6b6d23961cbc79fb127f7b531e8b2164bc0d40df17
fly4,Mean13,8119,8084,0.0,1.5070233345031738,True,,CENTER_UNCERTAIN,14.0,6.0,7.154113799236502,6.85701852120272,3.092329219213245,0.36053496227436493,962c2e36bb1b99449419ac6b6d23961cbc79fb127f7b531e8b2164bc0d40df17
fly4,Mean14,8119,8084,0.0,3.4784679412841797,True,,CENTER_UNCERTAIN,5.0,2.0,7.046006812769133,6.496645431732586,12.31107225224513,0.23032282639461893,962c2e36bb1b99449419ac6b6d23961cbc79fb127f7b531e8b2164bc0d40df17
fly4,Mean15,8119,8084,0.0,4.236440181732178,True,,CENTER_UNCERTAIN,5.0,2.0,7.166087226155514,6.776549533060011,11.535271995059327,0.2583850746509304,962c2e36bb1b99449419ac6b6d23961cbc79fb127f7b531e8b2164bc0d40df17
fly4,Mean16,8119,8084,0.0,4.208909511566162,True,,CENTER_UNCERTAIN,11.75,8.5,7.29955465214106,6.551001063666022,10.965856099730654,0.3433644529257648,962c2e36bb1b99449419ac6b6d23961cbc79fb127f7b531e8b2164bc0d40df17
fly4,Mean17,8119,8084,0.0,4.274168014526367,True,,CENTER_UNCERTAIN,11.25,7.0,7.170832267617462,6.686204140871459,8.00390529679106,0.4413328354860197,962c2e36bb1b99449419ac6b6d23961cbc79fb127f7b531e8b2164bc0d40df17
fly4,Mean18,8119,8084,0.0,3.6212875843048096,True,,CENTER_UNCERTAIN,11.0,6.75,7.154593647801074,6.8536839211862794,8.74642784226795,0.5125809802969902,962c2e36bb1b99449419ac6b6d23961cbc79fb127f7b531e8b2164bc0d40df17
fly4,Mean19,8119,8084,0.0,4.191388130187988,True,,CENTER_ESTIMATED,10.5,7.25,7.030325627884706,6.811687086073351,0.3535533905932738,0.6659519409138788,962c2e36bb1b99449419ac6b6d23961cbc79fb127f7b531e8b2164bc0d40df17
fly4,Mean20,8119,8084,0.0,1.9211896657943726,True,,CENTER_UNCERTAIN,10.75,6.0,6.912877892511563,6.49378580888705,6.864765108872991,0.55642850475489,962c2e36bb1b99449419ac6b6d23961cbc79fb127f7b531e8b2164bc0d40df17
fly4,Mean21,8119,8084,0.0002463357556349304,4.594677448272705,True,,CENTER_ESTIMATED,10.5,7.0,7.170588243773834,6.578504714317342,0.25,0.7734765554240031,962c2e36bb1b99449419ac6b6d23961cbc79fb127f7b531e8b2164bc0d40df17
fly4,Mean22,8119,8084,0.0,4.0765767097473145,True,,CENTER_ESTIMATED,10.25,7.0,7.237230854997339,6.5446401542302075,0.5,0.6864204520305274,962c2e36bb1b99449419ac6b6d23961cbc79fb127f7b531e8b2164bc0d40df17
fly4,Mean23,8119,8084,0.0,2.2525253295898438,True,,CENTER_ESTIMATED,10.0,7.0,6.864689836777021,6.772572122699336,0.3535533905932738,0.6108230193376526,962c2e36bb1b99449419ac6b6d23961cbc79fb127f7b531e8b2164bc0d40df17
fly4,Mean24,8119,8084,0.0,2.126802682876587,True,,CENTER_ESTIMATED,9.75,6.75,7.015941148419938,6.726865024084044,0.5590169943749475,0.7412747400837292,962c2e36bb1b99449419ac6b6d23961cbc79fb127f7b531e8b2164bc0d40df17
fly4,Mean25,8119,8084,0.0,2.9886081218719482,True,,CENTER_UNCERTAIN,9.25,6.75,6.9459797671916155,6.699049424257031,9.031195934094221,0.7360134420986699,962c2e36bb1b99449419ac6b6d23961cbc79fb127f7b531e8b2164bc0d40df17
fly4,Mean26,8119,8084,0.0,3.837095022201538,True,,CENTER_UNCERTAIN,9.0,6.75,7.0326251608653605,6.799195790468455,11.472793905583766,0.6232907977027482,962c2e36bb1b99449419ac6b6d23961cbc79fb127f7b531e8b2164bc0d40df17
fly4,Mean27,8119,8084,0.0,4.610789775848389,True,,CENTER_UNCERTAIN,9.0,6.75,7.05698668122093,6.826914239839536,11.718041645257966,0.48575384356187074,962c2e36bb1b99449419ac6b6d23961cbc79fb127f7b531e8b2164bc0d40df17
fly4,Mean28,8119,8084,0.0,4.416285514831543,True,,CENTER_UNCERTAIN,5.25,2.0,7.077846520079323,6.728480722210194,8.696263565463044,0.13363384320653557,962c2e36bb1b99449419ac6b6d23961cbc79fb127f7b531e8b2164bc0d40df17
fly4,Mean29,8119,8084,0.0,4.579512596130371,True,,CENTER_UNCERTAIN,8.5,7.0,7.142221424399213,6.903220653113206,3.3541019662496847,0.3111768216827139,962c2e36bb1b99449419ac6b6d23961cbc79fb127f7b531e8b2164bc0d40df17
fly4,Mean30,8119,8084,0.0,5.13800048828125,True,,CENTER_ESTIMATED,8.25,7.0,7.253433239315277,6.967410154395383,0.0,0.6123498378227694,962c2e36bb1b99449419ac6b6d23961cbc79fb127f7b531e8b2164bc0d40df17
fly4,Mean31,8119,8084,0.0,4.742262363433838,True,,CENTER_ESTIMATED,8.25,7.0,7.209367190902761,6.860462207309281,0.0,0.701599541347132,962c2e36bb1b99449419ac6b6d23961cbc79fb127f7b531e8b2164bc0d40df17
fly4,Mean32,8119,8084,0.0003695036334523956,2.4526286125183105,True,,CENTER_UNCERTAIN,8.0,7.0,7.177051696215692,7.10784109242101,9.410765112359355,0.4348428745426862,962c2e36bb1b99449419ac6b6d23961cbc79fb127f7b531e8b2164bc0d40df17
fly4,Mean33,8119,8084,0.0,2.736307144165039,True,,CENTER_ESTIMATED,8.0,7.0,7.145781717394925,6.852472294622742,0.3535533905932738,0.7371083306275469,962c2e36bb1b99449419ac6b6d23961cbc79fb127f7b531e8b2164bc0d40df17
fly4,Mean34,8119,8084,0.0,2.1764650344848633,True,,CENTER_ESTIMATED,7.25,7.0,7.021532138874361,6.736827112371663,0.0,0.7794686058198841,962c2e36bb1b99449419ac6b6d23961cbc79fb127f7b531e8b2164bc0d40df17
fly4,Mean35,8119,8084,0.0,1.9617211818695068,True,,CENTER_ESTIMATED,7.0,7.0,6.933161990546105,6.718106656257431,0.0,0.8526150863803335,962c2e36bb1b99449419ac6b6d23961cbc79fb127f7b531e8b2164bc0d40df17
fly4,Mean36,8119,8084,0.0,2.32422137260437,True,,CENTER_ESTIMATED,6.75,7.0,7.037513219239032,6.783276564028201,0.25,0.8456055674996176,962c2e36bb1b99449419ac6b6d23961cbc79fb127f7b531e8b2164bc0d40df17
fly4,Mean37,8119,8084,0.0,2.369879722595215,True,,CENTER_ESTIMATED,6.75,7.0,6.8411618185058485,6.821017468526193,0.3535533905932738,0.7306019115261777,962c2e36bb1b99449419ac6b6d23961cbc79fb127f7b531e8b2164bc0d40df17
fly4,Mean38,8119,8084,0.0,1.7459677457809448,True,,CENTER_ESTIMATED,6.5,7.0,6.850374518375195,7.131372107865675,0.25,0.736500272594549,962c2e36bb1b99449419ac6b6d23961cbc79fb127f7b531e8b2164bc0d40df17
fly4,Mean39,8119,8084,0.0,1.6289212703704834,True,,CENTER_ESTIMATED,6.25,7.0,6.877697726743091,7.1457333481283305,0.25,0.8264809563946496,962c2e36bb1b99449419ac6b6d23961cbc79fb127f7b531e8b2164bc0d40df17
fly4,Mean40,8119,8084,0.010838773247936938,0.6273969411849976,True,,CENTER_ESTIMATED,6.0,6.25,6.892838682515368,6.706085635591284,0.7905694150420949,0.769235774529379,962c2e36bb1b99449419ac6b6d23961cbc79fb127f7b531e8b2164bc0d40df17
fly4,Mean41,8119,8084,0.0,1.8156298398971558,True,,CENTER_ESTIMATED,6.0,7.0,6.592279284087382,7.073258457934831,0.0,0.818482047253736,962c2e36bb1b99449419ac6b6d23961cbc79fb127f7b531e8b2164bc0d40df17
fly4,Mean42,8119,8084,0.0,1.5661909580230713,True,,CENTER_ESTIMATED,5.75,7.0,6.662428624628854,7.022535958643696,0.0,0.8299286257051788,962c2e36bb1b99449419ac6b6d23961cbc79fb127f7b531e8b2164bc0d40df17
fly4,Mean43,8119,8084,0.0,1.762178659439087,True,,CENTER_ESTIMATED,5.5,7.0,6.569869382993215,6.930562544227462,0.0,0.8391262278352302,962c2e36bb1b99449419ac6b6d23961cbc79fb127f7b531e8b2164bc0d40df17
fly4,Mean44,8119,8084,0.0,1.527213215827942,True,,CENTER_ESTIMATED,5.5,7.0,6.576951027556672,6.904334969479988,0.7071067811865476,0.7631959194411523,962c2e36bb1b99449419ac6b6d23961cbc79fb127f7b531e8b2164bc0d40df17
fly4,Mean45,8119,8084,0.042739253602660426,0.7230496406555176,True,,CENTER_UNCERTAIN,5.5,7.25,7.070033692313993,6.8719241379611375,9.222933372848358,0.8379014860917079,962c2e36bb1b99449419ac6b6d23961cbc79fb127f7b531e8b2164bc0d40df17
fly4,Mean46,8119,8084,0.0,1.0504629611968994,True,,CENTER_ESTIMATED,5.0,7.25,6.532536346611233,7.029463656948373,0.5590169943749475,0.9314031866137603,962c2e36bb1b99449419ac6b6d23961cbc79fb127f7b531e8b2164bc0d40df17
fly4,Mean47,8119,8084,0.0001231678778174652,0.720084011554718,True,,CENTER_ESTIMATED,5.0,7.0,6.434238620961394,6.985042323203226,0.3535533905932738,0.8823704476902591,962c2e36bb1b99449419ac6b6d23961cbc79fb127f7b531e8b2164bc0d40df17
fly4,Mean48,8119,8084,0.07685675575809829,0.38767969608306885,True,,CENTER_UNCERTAIN,0.0,4.25,7.053065654759375,7.178636793613183,5.830951894845301,0.3494320340666098,962c2e36bb1b99449419ac6b6d23961cbc79fb127f7b531e8b2164bc0d40df17
fly5,Mean1,8119,8084,0.0,0.44285938143730164,True,,CENTER_UNCERTAIN,3.25,9.75,6.755881925211104,7.066504462533374,10.0,0.43882842235061065,59c554ec1ce14861a72a83d9343055d84fae5abd405888976c2ccb5ce43eb2df
fly5,Mean2,8119,8084,0.056410888040399065,0.5823497176170349,True,,CENTER_ESTIMATED,10.75,2.0,6.602100340909535,6.846395496341848,2.0,0.19801348881361064,59c554ec1ce14861a72a83d9343055d84fae5abd405888976c2ccb5ce43eb2df
fly5,Mean3,8119,8084,0.0,0.46415284276008606,True,,CENTER_UNCERTAIN,0.75,7.5,6.947953640907515,6.835307859245336,6.504805915628844,0.23523856204177787,59c554ec1ce14861a72a83d9343055d84fae5abd405888976c2ccb5ce43eb2df
fly5,Mean4,8119,8084,0.055425545017859346,0.4807656705379486,True,,CENTER_UNCERTAIN,5.0,6.75,6.974763830335308,7.031327972361063,11.180339887498949,0.2465268253767727,59c554ec1ce14861a72a83d9343055d84fae5abd405888976c2ccb5ce43eb2df
fly5,Mean5,8119,8084,0.0,0.4888487756252289,True,,CENTER_UNCERTAIN,7.0,14.0,6.8628757536512435,6.900830576528827,7.850159234053791,0.5014939237352262,59c554ec1ce14861a72a83d9343055d84fae5abd405888976c2ccb5ce43eb2df
fly5,Mean6,8119,8084,0.019953196206429363,0.7016774415969849,True,,CENTER_UNCERTAIN,8.75,4.25,6.967174291029003,7.00888818006356,12.39455525624054,0.3542239900589415,59c554ec1ce14861a72a83d9343055d84fae5abd405888976c2ccb5ce43eb2df
fly5,Mean7,8119,8084,0.0004926715112698608,0.843520998954773,True,,CENTER_UNCERTAIN,6.25,0.75,7.080140394359439,7.323870724795128,12.41219158730641,0.13071768213429522,59c554ec1ce14861a72a83d9343055d84fae5abd405888976c2ccb5ce43eb2df
fly5,Mean8,8119,8084,0.0,1.2315161228179932,True,,CENTER_UNCERTAIN,0.75,10.5,6.886948007639835,7.261130553658082,7.0710678118654755,0.34065557571954375,59c554ec1ce14861a72a83d9343055d84fae5abd405888976c2ccb5ce43eb2df
fly5,Mean9,8119,8084,0.0,1.6803998947143555,True,,CENTER_UNCERTAIN,8.0,13.75,6.717950870878528,6.99867442966709,3.132491021535417,0.11936845558829776,59c554ec1ce14861a72a83d9343055d84fae5abd405888976c2ccb5ce43eb2df
fly5,Mean10,8119,8084,0.004557211479246212,1.330893635749817,True,,CENTER_UNCERTAIN,1.75,13.0,7.173856720253632,7.155779222604158,6.005206074732157,0.35293291887311073,59c554ec1ce14861a72a83d9343055d84fae5abd405888976c2ccb5ce43eb2df
fly5,Mean11,8119,8084,0.0,3.9001529216766357,True,,CENTER_UNCERTAIN,13.0,11.25,7.0927553008942965,7.010269166859956,6.128825336065631,0.2065300093856278,59c554ec1ce14861a72a83d9343055d84fae5abd405888976c2ccb5ce43eb2df
fly5,Mean12,8119,8084,0.0,4.036623001098633,True,,CENTER_UNCERTAIN,13.25,1.25,7.104427995225175,6.826190747159903,5.153882032022076,0.19689588356030358,59c554ec1ce14861a72a83d9343055d84fae5abd405888976c2ccb5ce43eb2df
fly5,Mean13,8119,8084,0.0,2.9532244205474854,True,,CENTER_UNCERTAIN,13.25,7.0,7.29743902447522,6.859155679857316,10.865656906050365,0.23803346442965842,59c554ec1ce14861a72a83d9343055d84fae5abd405888976c2ccb5ce43eb2df
fly5,Mean14,8119,8084,0.0,2.201024055480957,True,,CENTER_UNCERTAIN,13.75,7.0,7.417642513266051,7.175067339823854,14.128871150944791,0.5190777845026713,59c554ec1ce14861a72a83d9343055d84fae5abd405888976c2ccb5ce43eb2df
fly5,Mean15,8119,8084,0.0,3.1424312591552734,True,,CENTER_UNCERTAIN,5.25,5.75,7.272179322267073,7.205269728909837,13.647344063956181,0.12698443005294474,59c554ec1ce14861a72a83d9343055d84fae5abd405888976c2ccb5ce43eb2df
fly5,Mean16,8119,8084,0.0,3.3153910636901855,True,,CENTER_UNCERTAIN,1.75,5.0,6.776426361760599,7.083398233264098,12.300914600142544,0.2957950580989861,59c554ec1ce14861a72a83d9343055d84fae5abd405888976c2ccb5ce43eb2df
fly5,Mean17,8119,8084,0.0,3.348489284515381,True,,CENTER_ESTIMATED,14.0,12.25,7.211185695039543,7.116049379242352,1.5206906325745548,0.3246418257083988,59c554ec1ce14861a72a83d9343055d84fae5abd405888976c2ccb5ce43eb2df
fly5,Mean18,8119,8084,0.0,2.9936842918395996,True,,CENTER_ESTIMATED,3.75,14.0,7.170824979520782,7.274586296766633,1.25,0.32944005557331146,59c554ec1ce14861a72a83d9343055d84fae5abd405888976c2ccb5ce43eb2df
fly5,Mean19,8119,8084,0.0,3.4490108489990234,True,,CENTER_UNCERTAIN,11.75,7.0,7.120085476571565,7.305952809330081,12.31107225224513,0.36740860872713965,59c554ec1ce14861a72a83d9343055d84fae5abd405888976c2ccb5ce43eb2df
fly5,Mean20,8119,8084,0.0,3.226501941680908,True,,CENTER_ESTIMATED,11.5,7.0,7.241434032244187,7.346642578033812,0.0,0.6781525920686386,59c554ec1ce14861a72a83d9343055d84fae5abd405888976c2ccb5ce43eb2df
fly5,Mean21,8119,8084,0.0,4.12333345413208,True,,CENTER_ESTIMATED,11.25,7.0,7.7000170687494816,7.167114295077338,0.5590169943749475,0.7063624354821186,59c554ec1ce14861a72a83d9343055d84fae5abd405888976c2ccb5ce43eb2df
fly5,Mean22,8119,8084,0.0,3.194530725479126,True,,CENTER_ESTIMATED,11.0,7.0,8.39594298632731,7.008190860152776,0.25,0.8280038252517418,59c554ec1ce14861a72a83d9343055d84fae5abd405888976c2ccb5ce43eb2df
fly5,Mean23,8119,8084,0.0,3.969212293624878,True,,CENTER_ESTIMATED,11.25,7.0,8.274669213334944,6.917497012567535,0.25,0.7465806742121458,59c554ec1ce14861a72a83d9343055d84fae5abd405888976c2ccb5ce43eb2df
fly5,Mean24,8119,8084,0.0,3.576979160308838,True,,CENTER_ESTIMATED,11.0,6.75,8.088990243261115,6.823350197928487,0.25,0.789384085915254,59c554ec1ce14861a72a83d9343055d84fae5abd405888976c2ccb5ce43eb2df
fly5,Mean25,8119,8084,0.0,3.8980278968811035,True,,CENTER_UNCERTAIN,10.75,0.75,7.66294134461057,7.232928896319508,4.301162633521313,0.1728842719187009,59c554ec1ce14861a72a83d9343055d84fae5abd405888976c2ccb5ce43eb2df
fly5,Mean26,8119,8084,0.0,4.450906276702881,True,,CENTER_ESTIMATED,10.0,6.25,7.6444351247004665,7.318098712342696,0.7905694150420949,0.5087275739633411,59c554ec1ce14861a72a83d9343055d84fae5abd405888976c2ccb5ce43eb2df
fly5,Mean27,8119,8084,0.0,4.486842632293701,True,,CENTER_UNCERTAIN,10.0,6.5,7.582086251560567,7.300578308260763,6.329494450586082,0.48027251691468215,59c554ec1ce14861a72a83d9343055d84fae5abd405888976c2ccb5ce43eb2df
fly5,Mean28,8119,8084,0.0,4.235009670257568,True,,CENTER_ESTIMATED,9.75,6.25,7.884436437961405,7.045936500150694,0.5590169943749475,0.4395851886240695,59c554ec1ce14861a72a83d9343055d84fae5abd405888976c2ccb5ce43eb2df
fly5,Mean29,8119,8084,0.0,4.112062931060791,True,,CENTER_UNCERTAIN,9.75,6.25,7.724969090410759,7.223075776985696,3.25,0.48938311857117556,59c554ec1ce14861a72a83d9343055d84fae5abd405888976c2ccb5ce43eb2df
fly5,Mean30,8119,8084,0.0,2.4105911254882812,True,,CENTER_ESTIMATED,9.25,6.75,7.589208016972633,7.212325385061745,0.5,0.49118595337923704,59c554ec1ce14861a72a83d9343055d84fae5abd405888976c2ccb5ce43eb2df
fly5,Mean31,8119,8084,0.0,2.6445863246917725,True,,CENTER_ESTIMATED,9.0,6.75,7.436563348542915,7.131668783183094,0.5590169943749475,0.5952478885345586,59c554ec1ce14861a72a83d9343055d84fae5abd405888976c2ccb5ce43eb2df
fly5,Mean32,8119,8084,0.0,2.7799854278564453,True,,CENTER_ESTIMATED,8.5,6.75,7.704967681736204,6.801784020467195,0.25,0.8108108047515264,59c554ec1ce14861a72a83d9343055d84fae5abd405888976c2ccb5ce43eb2df
fly5,Mean33,8119,8084,0.0,2.334416627883911,True,,CENTER_ESTIMATED,8.5,6.5,7.365285200205247,6.992131035311491,0.3535533905932738,0.8453439326314378,59c554ec1ce14861a72a83d9343055d84fae5abd405888976c2ccb5ce43eb2df
fly5,Mean34,8119,8084,0.0,1.735113501548767,True,,CENTER_ESTIMATED,8.25,6.5,7.622541409707377,6.868089402303689,0.25,0.8562514929332065,59c554ec1ce14861a72a83d9343055d84fae5abd405888976c2ccb5ce43eb2df
fly5,Mean35,8119,8084,0.0,1.7063552141189575,True,,CENTER_ESTIMATED,7.75,7.0,7.126366349072168,7.029000925979602,0.0,0.9266847498484494,59c554ec1ce14861a72a83d9343055d84fae5abd405888976c2ccb5ce43eb2df
fly5,Mean36,8119,8084,0.0,1.9279282093048096,True,,CENTER_ESTIMATED,7.0,7.25,6.916824623352783,6.760594354945489,0.0,0.8593404606868941,59c554ec1ce14861a72a83d9343055d84fae5abd405888976c2ccb5ce43eb2df
fly5,Mean37,8119,8084,0.0,1.4246219396591187,True,,CENTER_ESTIMATED,7.0,7.25,6.898716865683181,6.976288069638108,0.25,0.8394260186417682,59c554ec1ce14861a72a83d9343055d84fae5abd405888976c2ccb5ce43eb2df
fly5,Mean38,8119,8084,0.0002463357556349304,1.3331608772277832,True,,CENTER_ESTIMATED,7.0,7.0,7.036083724177313,7.301724402440655,0.0,0.8356974100016451,59c554ec1ce14861a72a83d9343055d84fae5abd405888976c2ccb5ce43eb2df
fly5,Mean39,8119,8084,0.0,1.5086356401443481,True,,CENTER_ESTIMATED,6.5,7.25,6.8863702970520215,7.386825559511256,0.25,0.8663559875307694,59c554ec1ce14861a72a83d9343055d84fae5abd405888976c2ccb5ce43eb2df
fly5,Mean40,8119,8084,0.0,1.1478474140167236,True,,CENTER_ESTIMATED,6.25,7.0,6.848562714786139,7.131918142237922,0.3535533905932738,0.8315294438554531,59c554ec1ce14861a72a83d9343055d84fae5abd405888976c2ccb5ce43eb2df
fly5,Mean41,8119,8084,0.0,1.212090253829956,True,,CENTER_ESTIMATED,6.0,7.0,6.789522428182832,7.21921205359574,0.0,0.9157575819559968,59c554ec1ce14861a72a83d9343055d84fae5abd405888976c2ccb5ce43eb2df
fly5,Mean42,8119,8084,0.0,1.7740567922592163,True,,CENTER_ESTIMATED,5.75,7.25,6.386298539895506,7.105001613426221,0.25,0.8851949759081326,59c554ec1ce14861a72a83d9343055d84fae5abd405888976c2ccb5ce43eb2df
fly5,Mean43,8119,8084,0.0,1.7391279935836792,True,,CENTER_ESTIMATED,5.5,7.0,6.542637211071138,6.486385970102359,0.25,0.8371851458004963,59c554ec1ce14861a72a83d9343055d84fae5abd405888976c2ccb5ce43eb2df
fly5,Mean44,8119,8084,0.0002463357556349304,0.9364909529685974,True,,CENTER_ESTIMATED,5.0,7.0,6.588144151626822,6.714328626444597,0.0,0.9374236625338804,59c554ec1ce14861a72a83d9343055d84fae5abd405888976c2ccb5ce43eb2df
fly5,Mean45,8119,8084,0.03214681611035842,0.5668204426765442,True,,CENTER_ESTIMATED,4.5,7.0,6.505402437893125,6.840486365994459,0.0,0.6428700329025485,59c554ec1ce14861a72a83d9343055d84fae5abd405888976c2ccb5ce43eb2df
fly5,Mean46,8119,8084,0.07722625939155069,0.9377710223197937,True,,CENTER_ESTIMATED,5.75,7.25,7.164186618847691,7.156480339034691,0.25,0.8260649789226286,59c554ec1ce14861a72a83d9343055d84fae5abd405888976c2ccb5ce43eb2df
