variant,zone,minimum_roi_support,median_roi_support,minimum_fly_support,median_fly_support,fly
C1,center,205,219.0,5,5.0,
C1,surround,127,186.0,5,5.0,
C1,outer,56,149.5,5,5.0,
C1,center,35,38.0,1,1,fly1
C1,surround,22,31.0,1,1,fly1
C1,outer,5,24.5,1,1,fly1
C1,center,45,47.0,1,1,fly2
C1,surround,25,44.0,1,1,fly2
C1,outer,6,34.0,1,1,fly2
C1,center,39,44.0,1,1,fly3
C1,surround,21,34.0,1,1,fly3
C1,outer,8,27.0,1,1,fly3
C1,center,43,46.0,1,1,fly4
C1,surround,26,41.0,1,1,fly4
C1,outer,14,31.0,1,1,fly4
C1,center,41,44.0,1,1,fly5
C1,surround,25,37.0,1,1,fly5
C1,outer,15,27.5,1,1,fly5
C2,center,205,219.0,5,5.0,
C2,surround,127,186.0,5,5.0,
C2,outer,56,149.5,5,5.0,
C2,center,35,38.0,1,1,fly1
C2,surround,22,31.0,1,1,fly1
C2,outer,5,24.5,1,1,fly1
C2,center,45,47.0,1,1,fly2
C2,surround,25,44.0,1,1,fly2
C2,outer,6,34.0,1,1,fly2
C2,center,39,44.0,1,1,fly3
C2,surround,21,34.0,1,1,fly3
C2,outer,8,27.0,1,1,fly3
C2,center,43,46.0,1,1,fly4
C2,surround,26,41.0,1,1,fly4
C2,outer,14,31.0,1,1,fly4
C2,center,41,44.0,1,1,fly5
C2,surround,25,37.0,1,1,fly5
C2,outer,15,27.5,1,1,fly5
C3,center,199,211.0,5,5.0,
C3,surround,125,187.0,5,5.0,
C3,outer,54,145.5,5,5.0,
C3,center,33,35.0,1,1,fly1
C3,surround,23,31.0,1,1,fly1
C3,outer,8,24.0,1,1,fly1
C3,center,44,46.0,1,1,fly2
C3,surround,23,43.0,1,1,fly2
C3,outer,6,34.5,1,1,fly2
C3,center,37,41.0,1,1,fly3
C3,surround,22,34.0,1,1,fly3
C3,outer,7,26.0,1,1,fly3
C3,center,43,46.0,1,1,fly4
C3,surround,30,42.0,1,1,fly4
C3,outer,17,32.0,1,1,fly4
C3,center,39,44.0,1,1,fly5
C3,surround,24,37.0,1,1,fly5
C3,outer,14,29.0,1,1,fly5
C4,center,198,216.0,5,5.0,
C4,surround,118,185.5,5,5.0,
C4,outer,50,145.0,5,5.0,
C4,center,33,37.0,1,1,fly1
C4,surround,23,31.0,1,1,fly1
C4,outer,7,23.0,1,1,fly1
C4,center,43,47.0,1,1,fly2
C4,surround,23,41.0,1,1,fly2
C4,outer,6,35.0,1,1,fly2
C4,center,35,40.0,1,1,fly3
C4,surround,19,34.0,1,1,fly3
C4,outer,6,27.5,1,1,fly3
C4,center,45,47.0,1,1,fly4
C4,surround,27,40.0,1,1,fly4
C4,outer,18,31.0,1,1,fly4
C4,center,41,44.0,1,1,fly5
C4,surround,25,39.0,1,1,fly5
C4,outer,13,31.5,1,1,fly5
C5,center,196,215.0,5,5.0,
C5,surround,102,180.5,5,5.0,
C5,outer,39,131.0,5,5.0,
C5,center,33,37.0,1,1,fly1
C5,surround,22,30.0,1,1,fly1
C5,outer,7,22.0,1,1,fly1
C5,center,42,47.0,1,1,fly2
C5,surround,19,40.5,1,1,fly2
C5,outer,5,30.0,1,1,fly2
C5,center,35,40.0,1,1,fly3
C5,surround,16,33.0,1,1,fly3
C5,outer,5,25.0,1,1,fly3
C5,center,45,47.0,1,1,fly4
C5,surround,26,39.0,1,1,fly4
C5,outer,13,26.5,1,1,fly4
C5,center,40,44.0,1,1,fly5
C5,surround,19,38.0,1,1,fly5
C5,outer,9,27.5,1,1,fly5
C6,center,196,215.0,5,5.0,
C6,surround,102,180.5,5,5.0,
C6,outer,39,131.0,5,5.0,
C6,center,33,37.0,1,1,fly1
C6,surround,22,30.0,1,1,fly1
C6,outer,7,22.0,1,1,fly1
C6,center,42,47.0,1,1,fly2
C6,surround,19,40.5,1,1,fly2
C6,outer,5,30.0,1,1,fly2
C6,center,35,40.0,1,1,fly3
C6,surround,16,33.0,1,1,fly3
C6,outer,5,25.0,1,1,fly3
C6,center,45,47.0,1,1,fly4
C6,surround,26,39.0,1,1,fly4
C6,outer,13,26.5,1,1,fly4
C6,center,40,44.0,1,1,fly5
C6,surround,19,38.0,1,1,fly5
C6,outer,9,27.5,1,1,fly5
C7,center,196,215.0,5,5.0,
C7,surround,102,180.5,5,5.0,
C7,outer,39,131.0,5,5.0,
C7,center,33,37.0,1,1,fly1
C7,surround,22,30.0,1,1,fly1
C7,outer,7,22.0,1,1,fly1
C7,center,42,47.0,1,1,fly2
C7,surround,19,40.5,1,1,fly2
C7,outer,5,30.0,1,1,fly2
C7,center,35,40.0,1,1,fly3
C7,surround,16,33.0,1,1,fly3
C7,outer,5,25.0,1,1,fly3
C7,center,45,47.0,1,1,fly4
C7,surround,26,39.0,1,1,fly4
C7,outer,13,26.5,1,1,fly4
C7,center,40,44.0,1,1,fly5
C7,surround,19,38.0,1,1,fly5
C7,outer,9,27.5,1,1,fly5
S2_FIXED_0_9,center,198,215.0,5,5.0,
S2_FIXED_0_9,surround,102,188.5,5,5.0,
S2_FIXED_0_9,outer,39,138.0,5,5.0,
S2_FIXED_0_9,center,35,37.0,1,1,fly1
S2_FIXED_0_9,surround,23,32.5,1,1,fly1
S2_FIXED_0_9,outer,7,24.0,1,1,fly1
S2_FIXED_0_9,center,41,45.0,1,1,fly2
S2_FIXED_0_9,surround,20,41.0,1,1,fly2
S2_FIXED_0_9,outer,3,29.5,1,1,fly2
S2_FIXED_0_9,center,37,42.0,1,1,fly3
S2_FIXED_0_9,surround,18,35.0,1,1,fly3
S2_FIXED_0_9,outer,7,27.5,1,1,fly3
S2_FIXED_0_9,center,42,46.0,1,1,fly4
S2_FIXED_0_9,surround,21,42.0,1,1,fly4
S2_FIXED_0_9,outer,11,30.0,1,1,fly4
S2_FIXED_0_9,center,41,43.0,1,1,fly5
S2_FIXED_0_9,surround,20,39.0,1,1,fly5
S2_FIXED_0_9,outer,8,27.5,1,1,fly5
CENTER_ENERGY,center,228,228.0,5,5.0,
CENTER_ENERGY,surround,228,228.0,5,5.0,
CENTER_ENERGY,outer,45,176.5,5,5.0,
CENTER_ENERGY,center,40,40.0,1,1,fly1
CENTER_ENERGY,surround,40,40.0,1,1,fly1
CENTER_ENERGY,outer,8,32.0,1,1,fly1
CENTER_ENERGY,center,48,48.0,1,1,fly2
CENTER_ENERGY,surround,48,48.0,1,1,fly2
CENTER_ENERGY,outer,4,43.0,1,1,fly2
CENTER_ENERGY,center,46,46.0,1,1,fly3
CENTER_ENERGY,surround,46,46.0,1,1,fly3
CENTER_ENERGY,outer,6,38.5,1,1,fly3
CENTER_ENERGY,center,48,48.0,1,1,fly4
CENTER_ENERGY,surround,48,48.0,1,1,fly4
CENTER_ENERGY,outer,5,42.0,1,1,fly4
CENTER_ENERGY,center,46,46.0,1,1,fly5
CENTER_ENERGY,surround,46,46.0,1,1,fly5
CENTER_ENERGY,outer,6,38.5,1,1,fly5
