variant,unit,model,center_sigma_px,surround_sigma_px,center_amplitude,surround_amplitude,relative_surround_amplitude,r2,aicc,fit_status,amplitude_unit,baseline,sse,surround_at_bound
C0,population,M1,0.75,,-0.009892136023085545,,nan,0.9476241904587198,-212.86764625383202,OK,profile_rescaled_to_0.01_abs_peak,,,
C0,population,M3,0.75,4.25,-0.009892136023086123,1.035588342508133e-15,1.0468804109560281e-13,0.9476241904586932,-204.38279776897593,SURROUND_POORLY_IDENTIFIED,profile_rescaled_to_0.01_abs_peak,,,
C0,population,LI_RELATIVE_PIXEL_SENSITIVITY,0.7167561677860751,14.999999999999998,-0.0010915422868598514,1.271062726454286e-15,1.1644649426371552e-12,0.948795283551032,nan,PIXEL_UNITS_60_DEG_BOUND_UNRESOLVED,raw_profile_units_for_this_variant,1.5312938514250512e-05,6.887587318556454e-08,True
C0,fly1,M1,0.5,,-0.011138877569133647,,nan,0.5375586116504951,-170.72279402525015,AT_BOUND,profile_rescaled_to_0.01_abs_peak,,,
C0,fly1,M3,0.5,3.25,-0.016557295881571534,0.008641820789929134,0.5219343093063634,0.936318177476027,-191.9772554383769,AT_BOUND,profile_rescaled_to_0.01_abs_peak,,,
C0,fly1,LI_RELATIVE_PIXEL_SENSITIVITY,0.6125026437726835,2.4647822813794638,-0.0009632676867756936,0.000512712729965328,0.532264018615127,0.9513998248777654,nan,PIXEL_UNITS_60_DEG_BOUND_UNRESOLVED,raw_profile_units_for_this_variant,-6.511646043593336e-05,2.7724874293122397e-08,False
C0,fly2,M1,0.75,,-0.0091777810356573,,nan,0.9047561214542158,-205.45195829466002,OK,profile_rescaled_to_0.01_abs_peak,,,
C0,fly2,M3,0.75,1.0,-0.012023153110808229,0.0026347633613357287,0.21914079751402357,0.9092258574555033,-197.68810391071014,AT_BOUND,profile_rescaled_to_0.01_abs_peak,,,
C0,fly2,LI_RELATIVE_PIXEL_SENSITIVITY,0.6473198432740019,14.999999999941304,-0.0011676605678645952,2.4728281462587642e-20,2.117762827926137e-17,0.9180548673479321,nan,PIXEL_UNITS_60_DEG_BOUND_UNRESOLVED,raw_profile_units_for_this_variant,-3.5501251694123935e-05,1.2271474980765628e-07,True
C0,fly3,M1,0.75,,-0.010449396771405176,,nan,0.977892692039419,-224.63319991011835,OK,profile_rescaled_to_0.01_abs_peak,,,
C0,fly3,M3,0.75,4.75,-0.010449396771405597,8.75013146453605e-16,8.373814925355762e-14,0.9778926920394062,-216.14835142526127,SURROUND_POORLY_IDENTIFIED,profile_rescaled_to_0.01_abs_peak,,,
C0,fly3,LI_RELATIVE_PIXEL_SENSITIVITY,0.787853694595665,14.999986440361518,-0.0006881001495302242,2.8623850397897052e-11,4.15983784009333e-08,0.9792460608693457,nan,PIXEL_UNITS_60_DEG_BOUND_UNRESOLVED,raw_profile_units_for_this_variant,2.7706304369256445e-05,1.146513221999506e-08,True
C0,fly4,M1,3.0,,-0.01075373332244584,,nan,0.9210932684007808,-197.89321713122297,OK,profile_rescaled_to_0.01_abs_peak,,,
C0,fly4,M3,3.0,3.75,-0.010753733322512365,4.78336576254395e-22,4.448097808535227e-20,0.9210932684007809,-189.4083686463745,SURROUND_POORLY_IDENTIFIED,profile_rescaled_to_0.01_abs_peak,,,
C0,fly4,LI_RELATIVE_PIXEL_SENSITIVITY,3.074635103595152,14.99742463002163,-0.001857448149915531,1.1834375436078034e-10,6.371308634707361e-08,0.9212237224198621,nan,PIXEL_UNITS_60_DEG_BOUND_UNRESOLVED,raw_profile_units_for_this_variant,0.0006434579087017401,4.7186957319281005e-07,True
C0,fly5,M1,0.75,,-0.009866378443924774,,nan,0.9597584147591002,-217.08987619861082,OK,profile_rescaled_to_0.01_abs_peak,,,
C0,fly5,M3,0.75,7.0,-0.01106907569563255,0.004519886663551459,0.40833460605340705,0.9949114721796043,-239.62371312467334,SURROUND_POORLY_IDENTIFIED,profile_rescaled_to_0.01_abs_peak,,,
C0,fly5,LI_RELATIVE_PIXEL_SENSITIVITY,0.7000642629383649,14.999897791689403,-0.0014785096753729126,0.0019687999647755136,1.3316111470687122,0.9984531685045418,nan,PIXEL_UNITS_60_DEG_BOUND_UNRESOLVED,raw_profile_units_for_this_variant,-0.0018191359480484968,3.06791717547422e-09,False
C1,population,M1,0.75,,-0.01121846851408405,,nan,0.9607400113430193,-213.62277893509457,OK,profile_rescaled_to_0.01_abs_peak,,,
C1,population,M3,0.75,1.0,-0.011397322007743795,0.0001656151180567736,0.014531055448310409,0.9607525624255062,-205.14272658859747,AT_BOUND,profile_rescaled_to_0.01_abs_peak,,,
C1,population,LI_RELATIVE_PIXEL_SENSITIVITY,0.7158182095017483,14.999999998769049,-0.16303778281951237,2.315096566888009e-14,1.4199754969992993e-13,0.9620246605670365,nan,PIXEL_UNITS_60_DEG_BOUND_UNRESOLVED,raw_profile_units_for_this_variant,0.021324699157458018,0.001122991668282808,True
C1,fly1,M1,0.5,,-0.010653884129599457,,nan,0.5012232109821322,-169.8739253594669,AT_BOUND,profile_rescaled_to_0.01_abs_peak,,,
C1,fly1,M3,0.75,2.0,-0.021455424359732602,0.013434541979396745,0.6261606274546871,0.9174825564519997,-188.3763114417438,OK,profile_rescaled_to_0.01_abs_peak,,,
C1,fly1,LI_RELATIVE_PIXEL_SENSITIVITY,0.6237414093230899,2.417990176346894,-0.13988775655394717,0.07723058864526645,0.5520896935357082,0.9324735521483332,nan,PIXEL_UNITS_60_DEG_BOUND_UNRESOLVED,raw_profile_units_for_this_variant,-0.013064409416485716,0.0008150160722606862,False
C1,fly2,M1,0.75,,-0.010895979957329572,,nan,0.921884559532971,-203.55881854553542,OK,profile_rescaled_to_0.01_abs_peak,,,
C1,fly2,M3,0.75,1.0,-0.012202084781140661,0.0012094295736907405,0.09911663419680665,0.9225654035312236,-195.20528118596204,AT_BOUND,profile_rescaled_to_0.01_abs_peak,,,
C1,fly2,LI_RELATIVE_PIXEL_SENSITIVITY,0.6785894689990122,14.999999966240788,-0.19039514190145865,5.396730138093332e-13,2.8344894119653938e-12,0.9276316588374408,nan,PIXEL_UNITS_60_DEG_BOUND_UNRESOLVED,raw_profile_units_for_this_variant,0.0229074467549091,0.0029280581509812356,True
C1,fly3,M1,0.75,,-0.011905566155746833,,nan,0.9779334263524031,-220.74763530115015,OK,profile_rescaled_to_0.01_abs_peak,,,
C1,fly3,M3,0.75,3.25,-0.011905566155765544,1.0353483836663692e-23,8.696338923495695e-22,0.9779334263524031,-212.26278681630168,SURROUND_POORLY_IDENTIFIED,profile_rescaled_to_0.01_abs_peak,,,
C1,fly3,LI_RELATIVE_PIXEL_SENSITIVITY,0.7994932406559527,14.999996609987482,-0.10871868763482047,1.0140951649090162e-10,9.327698733039355e-10,0.9803346859044291,nan,PIXEL_UNITS_60_DEG_BOUND_UNRESOLVED,raw_profile_units_for_this_variant,0.016565310925382357,0.00027372904190010405,True
C1,fly4,M1,3.0,,-0.012248895730922882,,nan,0.9181181132037207,-193.38403514733346,OK,profile_rescaled_to_0.01_abs_peak,,,
C1,fly4,M3,3.0,3.25,-0.014516413054875542,0.0023621220532359646,0.1627207798721746,0.9181748255423013,-184.9095794348703,OK,profile_rescaled_to_0.01_abs_peak,,,
C1,fly4,LI_RELATIVE_PIXEL_SENSITIVITY,2.8985038792854545,8.030077764637877,-0.23194329423787957,8.988707787881297e-12,3.875390240281116e-11,0.9183612320064034,nan,PIXEL_UNITS_60_DEG_BOUND_UNRESOLVED,raw_profile_units_for_this_variant,0.10424293424923421,0.008046081631309219,True
C1,fly5,M1,0.75,,-0.011317662733822188,,nan,0.9742685560996953,-219.90581313713687,OK,profile_rescaled_to_0.01_abs_peak,,,
C1,fly5,M3,0.75,7.0,-0.012387847684691752,0.0040218888669616105,0.3246640553977467,0.9957412704553518,-238.40210748114808,SURROUND_POORLY_IDENTIFIED,profile_rescaled_to_0.01_abs_peak,,,
C1,fly5,LI_RELATIVE_PIXEL_SENSITIVITY,0.7000177942914221,14.999999999999934,-0.23059459227873888,0.23343616261202627,1.0123227969277464,0.9990338520398714,nan,PIXEL_UNITS_60_DEG_BOUND_UNRESOLVED,raw_profile_units_for_this_variant,-0.18781000719764795,4.811819179893184e-05,True
C2,population,M1,0.75,,-0.011230849476446439,,nan,0.9451586343797759,-208.33083986660606,OK,profile_rescaled_to_0.01_abs_peak,,,
C2,population,M3,0.75,3.25,-0.011230849476446456,3.5107391770246045e-29,3.1259783014520774e-27,0.9451586343797759,-199.84599138175759,SURROUND_POORLY_IDENTIFIED,profile_rescaled_to_0.01_abs_peak,,,
C2,population,LI_RELATIVE_PIXEL_SENSITIVITY,0.7267183875991308,1.0045876613571618,-0.09440448688334391,2.3301385073405352e-14,2.468249745607853e-13,0.9457016470447362,nan,PIXEL_UNITS_60_DEG_BOUND_UNRESOLVED,raw_profile_units_for_this_variant,0.012276844279261947,0.0005530753752879757,True
C2,fly1,M1,0.5,,-0.010331485381963613,,nan,0.5467270286068668,-173.53421327531422,AT_BOUND,profile_rescaled_to_0.01_abs_peak,,,
C2,fly1,M3,0.5,3.25,-0.015227937164985219,0.0078093377763525625,0.5128296558977916,0.9317007357385066,-193.43829782294844,AT_BOUND,profile_rescaled_to_0.01_abs_peak,,,
C2,fly1,LI_RELATIVE_PIXEL_SENSITIVITY,0.610215088918089,2.4691855382894152,-0.08082565616276173,0.04233145062536343,0.5237377911305657,0.945951057092471,nan,PIXEL_UNITS_60_DEG_BOUND_UNRESOLVED,raw_profile_units_for_this_variant,-0.008697057282035429,0.000218402350061339,False
C2,fly2,M1,0.75,,-0.010647175979016444,,nan,0.9101534451180859,-201.96096011627674,OK,profile_rescaled_to_0.01_abs_peak,,,
C2,fly2,M3,0.75,1.0,-0.013855733030166788,0.002971066116433262,0.21442864913495652,0.9144017226576056,-194.2026832973157,AT_BOUND,profile_rescaled_to_0.01_abs_peak,,,
C2,fly2,LI_RELATIVE_PIXEL_SENSITIVITY,0.6491346553666956,14.999999997484926,-0.10031328900791403,7.89582624034759e-15,7.871166740156096e-14,0.9229921801623332,nan,PIXEL_UNITS_60_DEG_BOUND_UNRESOLVED,raw_profile_units_for_this_variant,0.011176678810576433,0.0008478150648627679,True
C2,fly3,M1,0.75,,-0.011836884147526679,,nan,0.9780426501617108,-220.99730909630068,OK,profile_rescaled_to_0.01_abs_peak,,,
C2,fly3,M3,0.75,3.25,-0.011836884147531573,7.084420579600662e-25,5.985038369306018e-23,0.9780426501617108,-212.5124606114522,SURROUND_POORLY_IDENTIFIED,profile_rescaled_to_0.01_abs_peak,,,
C2,fly3,LI_RELATIVE_PIXEL_SENSITIVITY,0.7984150353006234,14.99999999470302,-0.0604661735720312,1.2228277198575672e-15,2.0223335587803586e-14,0.9801897742578559,nan,PIXEL_UNITS_60_DEG_BOUND_UNRESOLVED,raw_profile_units_for_this_variant,0.009208804022239765,8.522587285185163e-05,True
C2,fly4,M1,3.0,,-0.012828486797555475,,nan,0.9239099450926449,-193.19179379398634,OK,profile_rescaled_to_0.01_abs_peak,,,
C2,fly4,M3,3.25,3.5,-0.01847292815458718,0.005367632914519775,0.29056751964830707,0.9239464775122829,-184.71414885087762,OK,profile_rescaled_to_0.01_abs_peak,,,
C2,fly4,LI_RELATIVE_PIXEL_SENSITIVITY,3.105783547205227,14.999988671501324,-0.16291234923597644,3.6301950189896696e-10,2.228311749240924e-09,0.9241561884706195,nan,PIXEL_UNITS_60_DEG_BOUND_UNRESOLVED,raw_profile_units_for_this_variant,0.08020363080121187,0.003449889273108139,True
C2,fly5,M1,0.75,,-0.011299421502092299,,nan,0.96812653306458,-216.6484392161833,OK,profile_rescaled_to_0.01_abs_peak,,,
C2,fly5,M3,0.75,7.0,-0.012495871910110565,0.004496410243827889,0.3598316528988895,0.9948820400933032,-235.598860765155,SURROUND_POORLY_IDENTIFIED,profile_rescaled_to_0.01_abs_peak,,,
C2,fly5,LI_RELATIVE_PIXEL_SENSITIVITY,0.7025650719889532,14.999999999999998,-0.12790785618294445,0.14854057437413767,1.1613092331223391,0.9980718246133656,nan,PIXEL_UNITS_60_DEG_BOUND_UNRESOLVED,raw_profile_units_for_this_variant,-0.12237649856116474,2.91790724184451e-05,True
C3,population,M1,0.75,,-0.009975523531798706,,nan,0.9849280651884413,-231.8791316448631,OK,profile_rescaled_to_0.01_abs_peak,,,
C3,population,M3,0.75,1.0,-0.0128001217094849,0.002615527105947469,0.20433611221128947,0.9889868316575693,-228.10042386747855,AT_BOUND,profile_rescaled_to_0.01_abs_peak,,,
C3,population,LI_RELATIVE_PIXEL_SENSITIVITY,0.6852677432167593,14.999999980278865,-0.45239619395989805,7.514474924181872e-16,1.6610384933627406e-15,0.990752566609241,nan,PIXEL_UNITS_60_DEG_BOUND_UNRESOLVED,raw_profile_units_for_this_variant,0.013844665913020032,0.00198937928256744,True
C3,fly1,M1,0.5,,-0.010223904126976687,,nan,0.97332166304053,-224.98935387772445,AT_BOUND,profile_rescaled_to_0.01_abs_peak,,,
C3,fly1,M3,0.75,1.0,-0.02078292114614229,0.010803404297356073,0.519821261957749,0.9971320860041262,-249.95850966470326,AT_BOUND,profile_rescaled_to_0.01_abs_peak,,,
C3,fly1,LI_RELATIVE_PIXEL_SENSITIVITY,0.6882022428393315,1.2683085458606116,-0.4144590074343412,0.11599892818620128,0.27988034065004097,0.9974575412406771,nan,PIXEL_UNITS_60_DEG_BOUND_UNRESOLVED,raw_profile_units_for_this_variant,-0.0017487703649281918,0.00022862166841783365,False
C3,fly2,M1,0.75,,-0.00952569712489581,,nan,0.9776826850783314,-227.26469356781962,OK,profile_rescaled_to_0.01_abs_peak,,,
C3,fly2,M3,0.75,1.0,-0.014837959492465906,0.004919059399686369,0.3315185893440443,0.9933109590403851,-236.85322990579976,AT_BOUND,profile_rescaled_to_0.01_abs_peak,,,
C3,fly2,LI_RELATIVE_PIXEL_SENSITIVITY,0.6643721508501885,1.5741309534339518,-0.5832903807352876,0.021803747500723916,0.037380605305437097,0.9944590075187124,nan,PIXEL_UNITS_60_DEG_BOUND_UNRESOLVED,raw_profile_units_for_this_variant,0.0004894182667574219,0.0017878890451582309,False
C3,fly3,M1,0.75,,-0.010981303246734693,,nan,0.9656113295452049,-216.326841730609,OK,profile_rescaled_to_0.01_abs_peak,,,
C3,fly3,M3,1.0,1.25,-0.01312940236853765,0.003045928752744736,0.23199294737464818,0.9658698612538044,-207.9551882670257,OK,profile_rescaled_to_0.01_abs_peak,,,
C3,fly3,LI_RELATIVE_PIXEL_SENSITIVITY,0.8510822116133623,14.999999999998813,-0.3185914122713335,1.300854420801454e-12,4.083143395257498e-12,0.9735673475597927,nan,PIXEL_UNITS_60_DEG_BOUND_UNRESOLVED,raw_profile_units_for_this_variant,0.0233941910258543,0.003327566736979897,True
C3,fly4,M1,0.75,,-0.010351744028118882,,nan,0.9347861785036823,-208.01219723240132,OK,profile_rescaled_to_0.01_abs_peak,,,
C3,fly4,M3,0.75,1.25,-0.010351744028118979,1.4103570807903337e-25,1.3624342690075294e-23,0.9347861785036823,-199.52734874755285,SURROUND_POORLY_IDENTIFIED,profile_rescaled_to_0.01_abs_peak,,,
C3,fly4,LI_RELATIVE_PIXEL_SENSITIVITY,0.7649975676065627,14.99999999999796,-0.5102614599463301,2.0636137471562963e-13,4.044228124486121e-13,0.9349730211861083,nan,PIXEL_UNITS_60_DEG_BOUND_UNRESOLVED,raw_profile_units_for_this_variant,0.02339399825891388,0.020266877504837296,True
C3,fly5,M1,0.75,,-0.010012624901226582,,nan,0.985304908060806,-232.15331200373745,OK,profile_rescaled_to_0.01_abs_peak,,,
C3,fly5,M3,0.75,1.25,-0.012611746226264608,0.002351527121996498,0.1864553155295277,0.9957564899346955,-242.30030527869272,OK,profile_rescaled_to_0.01_abs_peak,,,
C3,fly5,LI_RELATIVE_PIXEL_SENSITIVITY,0.7469806516665112,1.1448814133538723,-0.6996968917071165,0.14735258596994794,0.2105948843226071,0.9958705312729831,nan,PIXEL_UNITS_60_DEG_BOUND_UNRESOLVED,raw_profile_units_for_this_variant,0.01644374846389845,0.0013326554054179367,False
C4,population,M1,0.75,,-0.01009989426754264,,nan,0.984989135344285,-231.5692485539261,OK,profile_rescaled_to_0.01_abs_peak,,,
C4,population,M3,0.75,1.0,-0.01264505424662267,0.0023567723603467074,0.18637898378143936,0.9882040951945357,-226.69972749576348,AT_BOUND,profile_rescaled_to_0.01_abs_peak,,,
C4,population,LI_RELATIVE_PIXEL_SENSITIVITY,0.690707036903326,14.999870610532405,-0.4351144975511931,3.593699638514831e-15,8.259204551307825e-15,0.9898035054945996,nan,PIXEL_UNITS_60_DEG_BOUND_UNRESOLVED,raw_profile_units_for_this_variant,0.017365936982674787,0.0020408773046990377,True
C4,fly1,M1,0.5,,-0.010338938872685168,,nan,0.9707169083557489,-223.21612042819135,AT_BOUND,profile_rescaled_to_0.01_abs_peak,,,
C4,fly1,M3,0.75,1.0,-0.02125409227648515,0.01114102407634471,0.5241825400688028,0.998343531070503,-257.8161032423107,AT_BOUND,profile_rescaled_to_0.01_abs_peak,,,
C4,fly1,LI_RELATIVE_PIXEL_SENSITIVITY,0.7039599690550215,1.2611484420423642,-0.43326062569948176,0.13541388154801387,0.31254601391343523,0.9989423113077028,nan,PIXEL_UNITS_60_DEG_BOUND_UNRESOLVED,raw_profile_units_for_this_variant,0.0007800536363494467,9.54780671895858e-05,False
C4,fly2,M1,0.75,,-0.010043906235174812,,nan,0.9788287863652716,-226.4838835515539,OK,profile_rescaled_to_0.01_abs_peak,,,
C4,fly2,M3,0.75,1.0,-0.012765091386090291,0.0025197685032677664,0.19739525766446742,0.9825216665338334,-220.87424084667325,AT_BOUND,profile_rescaled_to_0.01_abs_peak,,,
C4,fly2,LI_RELATIVE_PIXEL_SENSITIVITY,0.6876001530591394,14.99999999951741,-0.5572332374730008,8.785438589848613e-15,1.576617832362214e-14,0.9841650245176133,nan,PIXEL_UNITS_60_DEG_BOUND_UNRESOLVED,raw_profile_units_for_this_variant,0.020143727018707258,0.0052136169888205965,True
C4,fly3,M1,0.75,,-0.010706426668146486,,nan,0.985331597096156,-230.17106395356572,OK,profile_rescaled_to_0.01_abs_peak,,,
C4,fly3,M3,0.75,1.25,-0.010706426668167162,1.8551368327255312e-14,1.7327320218250865e-12,0.9853315970960487,-221.6862154686075,SURROUND_POORLY_IDENTIFIED,profile_rescaled_to_0.01_abs_peak,,,
C4,fly3,LI_RELATIVE_PIXEL_SENSITIVITY,0.7899388169067225,14.999999990670101,-0.2974045277137195,1.2761857390606197e-11,4.291077035279945e-11,0.9868745848402727,nan,PIXEL_UNITS_60_DEG_BOUND_UNRESOLVED,raw_profile_units_for_this_variant,0.018314744359275957,0.0013465685325836335,True
C4,fly4,M1,0.75,,-0.010395692516617955,,nan,0.9197719473625392,-204.53419338947555,OK,profile_rescaled_to_0.01_abs_peak,,,
C4,fly4,M3,0.75,3.25,-0.01039569251661799,3.763970923171536e-26,3.620702437239901e-24,0.9197719473625393,-196.04934490462708,SURROUND_POORLY_IDENTIFIED,profile_rescaled_to_0.01_abs_peak,,,
C4,fly4,LI_RELATIVE_PIXEL_SENSITIVITY,0.7643005235642786,6.473795409526712,-0.4657851897574078,1.3267760047028386e-15,2.8484718575827965e-15,0.919928465957518,nan,PIXEL_UNITS_60_DEG_BOUND_UNRESOLVED,raw_profile_units_for_this_variant,0.02439835812223543,0.02112168284476231,True
C4,fly5,M1,0.75,,-0.010073056548248163,,nan,0.9844413336965578,-231.10307362802087,OK,profile_rescaled_to_0.01_abs_peak,,,
C4,fly5,M3,0.75,1.25,-0.012509866981558907,0.0022046780848179216,0.17623513407999383,0.9935104496832204,-235.73459357687213,OK,profile_rescaled_to_0.01_abs_peak,,,
C4,fly5,LI_RELATIVE_PIXEL_SENSITIVITY,0.8098364861971279,1.0000000231305093,-1.001218691127133,0.46228055807372576,0.4617178666064537,0.9936697956572049,nan,PIXEL_UNITS_60_DEG_BOUND_UNRESOLVED,raw_profile_units_for_this_variant,0.015514586842979138,0.001973565831379538,False
C5,population,M1,0.75,,-0.010376375988606515,,nan,0.9887203053108498,-235.1023109074203,OK,profile_rescaled_to_0.01_abs_peak,,,
C5,population,M3,0.75,1.0,-0.01108618597614534,0.0006572712809723748,0.059287412495754255,0.988958106412319,-226.93707690819176,AT_BOUND,profile_rescaled_to_0.01_abs_peak,,,
C5,population,LI_RELATIVE_PIXEL_SENSITIVITY,0.7265062812419408,10.461257549721502,-0.41246827372445527,3.4628737436915636e-20,8.395491154805514e-20,0.9894098262377861,nan,PIXEL_UNITS_60_DEG_BOUND_UNRESOLVED,raw_profile_units_for_this_variant,0.02044278987211551,0.001967871621946548,True
C5,fly1,M1,0.5,,-0.010487755604925665,,nan,0.9572357022357445,-216.89720617706217,AT_BOUND,profile_rescaled_to_0.01_abs_peak,,,
C5,fly1,M3,0.75,1.25,-0.016027937990643917,0.005926625902079652,0.36976845714896306,0.9989290645055473,-263.71992313786245,OK,profile_rescaled_to_0.01_abs_peak,,,
C5,fly1,LI_RELATIVE_PIXEL_SENSITIVITY,0.7612449460001723,1.1962051532024864,-0.473221287207691,0.1932733058459228,0.40842056574918517,0.9989499808390314,nan,PIXEL_UNITS_60_DEG_BOUND_UNRESOLVED,raw_profile_units_for_this_variant,0.0031465010806495095,8.589434500923609e-05,False
C5,fly2,M1,0.75,,-0.01029887097308261,,nan,0.9812201112365501,-227.5662774082227,OK,profile_rescaled_to_0.01_abs_peak,,,
C5,fly2,M3,0.75,1.0,-0.011071025915416881,0.0007150015877022808,0.06458313738626609,0.9815036051339708,-219.30958956791244,AT_BOUND,profile_rescaled_to_0.01_abs_peak,,,
C5,fly2,LI_RELATIVE_PIXEL_SENSITIVITY,0.7246958326871195,14.999999999619705,-0.5263925756258295,1.7854108509372524e-12,3.3917857766412697e-12,0.9820111355617469,nan,PIXEL_UNITS_60_DEG_BOUND_UNRESOLVED,raw_profile_units_for_this_variant,0.02298317298663135,0.00547622741170498,True
C5,fly3,M1,0.75,,-0.011166522118899512,,nan,0.9749274317695874,-220.7083759697886,OK,profile_rescaled_to_0.01_abs_peak,,,
C5,fly3,M3,0.75,1.25,-0.011166522122191876,4.675545354637077e-20,4.187109740592458e-18,0.9749274317695874,-212.22352748494012,SURROUND_POORLY_IDENTIFIED,profile_rescaled_to_0.01_abs_peak,,,
C5,fly3,LI_RELATIVE_PIXEL_SENSITIVITY,0.8344753225634779,8.26833338806489,-0.28444039400961885,2.0897800722732834e-20,7.346987686294e-20,0.9810535424047871,nan,PIXEL_UNITS_60_DEG_BOUND_UNRESOLVED,raw_profile_units_for_this_variant,0.02537241751821251,0.0018600617023544644,True
C5,fly4,M1,0.75,,-0.010726059027976917,,nan,0.9231974480514672,-204.3059446222388,OK,profile_rescaled_to_0.01_abs_peak,,,
C5,fly4,M3,0.75,5.25,-0.010726059027993364,4.249571734537989e-22,3.961913432927472e-20,0.9231974480514672,-195.82109613739033,SURROUND_POORLY_IDENTIFIED,profile_rescaled_to_0.01_abs_peak,,,
C5,fly4,LI_RELATIVE_PIXEL_SENSITIVITY,0.8413033379433262,11.066840398545743,-0.4370711048140729,2.087124410853325e-22,4.775251413019338e-22,0.9282894904024992,nan,PIXEL_UNITS_60_DEG_BOUND_UNRESOLVED,raw_profile_units_for_this_variant,0.029456457413270916,0.0176712063428855,True
C5,fly5,M1,0.75,,-0.010238949499413784,,nan,0.9919863166709086,-240.67956324512406,OK,profile_rescaled_to_0.01_abs_peak,,,
C5,fly5,M3,0.75,1.25,-0.01166409774245757,0.0012893875765241898,0.11054327604190001,0.99501162144229,-239.30530843170877,OK,profile_rescaled_to_0.01_abs_peak,,,
C5,fly5,LI_RELATIVE_PIXEL_SENSITIVITY,0.8183885056266281,1.0000000000870544,-0.8826543914706566,0.36950732204339715,0.41863194203082515,0.9952355134582369,nan,PIXEL_UNITS_60_DEG_BOUND_UNRESOLVED,raw_profile_units_for_this_variant,0.016256098864185622,0.0013726343928764286,False
C6,population,M1,0.75,,-0.010396894212623974,,nan,0.9868490221022954,-232.7122520494314,OK,profile_rescaled_to_0.01_abs_peak,,,
C6,population,M3,0.75,1.0,-0.010791616708340751,0.00036550593108438355,0.03386943226049597,0.9869221317713405,-224.31102507583975,AT_BOUND,profile_rescaled_to_0.01_abs_peak,,,
C6,population,LI_RELATIVE_PIXEL_SENSITIVITY,0.7317469120889881,14.999999999898414,-0.4176591613097635,4.239030583181913e-15,1.0149497427252574e-14,0.9872559537846128,nan,PIXEL_UNITS_60_DEG_BOUND_UNRESOLVED,raw_profile_units_for_this_variant,0.02071676736530777,0.0024450077886224945,True
C6,fly1,M1,0.5,,-0.010487755604925665,,nan,0.9572357022357445,-216.89720617706217,AT_BOUND,profile_rescaled_to_0.01_abs_peak,,,
C6,fly1,M3,0.75,1.25,-0.016027937990643917,0.005926625902079652,0.36976845714896306,0.9989290645055473,-263.71992313786245,OK,profile_rescaled_to_0.01_abs_peak,,,
C6,fly1,LI_RELATIVE_PIXEL_SENSITIVITY,0.7612449460001723,1.1962051532024864,-0.473221287207691,0.1932733058459228,0.40842056574918517,0.9989499808390314,nan,PIXEL_UNITS_60_DEG_BOUND_UNRESOLVED,raw_profile_units_for_this_variant,0.0031465010806495095,8.589434500923609e-05,False
C6,fly2,M1,0.75,,-0.01029887097308261,,nan,0.9812201112365501,-227.5662774082227,OK,profile_rescaled_to_0.01_abs_peak,,,
C6,fly2,M3,0.75,1.0,-0.011071025915416881,0.0007150015877022808,0.06458313738626609,0.9815036051339708,-219.30958956791244,AT_BOUND,profile_rescaled_to_0.01_abs_peak,,,
C6,fly2,LI_RELATIVE_PIXEL_SENSITIVITY,0.7246958326871195,14.999999999619705,-0.5263925756258295,1.7854108509372524e-12,3.3917857766412697e-12,0.9820111355617469,nan,PIXEL_UNITS_60_DEG_BOUND_UNRESOLVED,raw_profile_units_for_this_variant,0.02298317298663135,0.00547622741170498,True
C6,fly3,M1,0.75,,-0.011166522118899512,,nan,0.9749274317695874,-220.7083759697886,OK,profile_rescaled_to_0.01_abs_peak,,,
C6,fly3,M3,0.75,1.25,-0.011166522122191876,4.675545354637077e-20,4.187109740592458e-18,0.9749274317695874,-212.22352748494012,SURROUND_POORLY_IDENTIFIED,profile_rescaled_to_0.01_abs_peak,,,
C6,fly3,LI_RELATIVE_PIXEL_SENSITIVITY,0.8344753225634779,8.26833338806489,-0.28444039400961885,2.0897800722732834e-20,7.346987686294e-20,0.9810535424047871,nan,PIXEL_UNITS_60_DEG_BOUND_UNRESOLVED,raw_profile_units_for_this_variant,0.02537241751821251,0.0018600617023544644,True
C6,fly4,M1,0.75,,-0.010726059027976917,,nan,0.9231974480514672,-204.3059446222388,OK,profile_rescaled_to_0.01_abs_peak,,,
C6,fly4,M3,0.75,5.25,-0.010726059027993364,4.249571734537989e-22,3.961913432927472e-20,0.9231974480514672,-195.82109613739033,SURROUND_POORLY_IDENTIFIED,profile_rescaled_to_0.01_abs_peak,,,
C6,fly4,LI_RELATIVE_PIXEL_SENSITIVITY,0.8413033379433262,11.066840398545743,-0.4370711048140729,2.087124410853325e-22,4.775251413019338e-22,0.9282894904024992,nan,PIXEL_UNITS_60_DEG_BOUND_UNRESOLVED,raw_profile_units_for_this_variant,0.029456457413270916,0.0176712063428855,True
C6,fly5,M1,0.75,,-0.010238949499413784,,nan,0.9919863166709086,-240.67956324512406,OK,profile_rescaled_to_0.01_abs_peak,,,
C6,fly5,M3,0.75,1.25,-0.01166409774245757,0.0012893875765241898,0.11054327604190001,0.99501162144229,-239.30530843170877,OK,profile_rescaled_to_0.01_abs_peak,,,
C6,fly5,LI_RELATIVE_PIXEL_SENSITIVITY,0.8183885056266281,1.0000000000870544,-0.8826543914706566,0.36950732204339715,0.41863194203082515,0.9952355134582369,nan,PIXEL_UNITS_60_DEG_BOUND_UNRESOLVED,raw_profile_units_for_this_variant,0.016256098864185622,0.0013726343928764286,False
C7,population,M1,0.75,,-0.010376375988606515,,nan,0.9887203053108498,-235.1023109074203,OK,profile_rescaled_to_0.01_abs_peak,,,
C7,population,M3,0.75,1.0,-0.01108618597614534,0.0006572712809723748,0.059287412495754255,0.988958106412319,-226.93707690819176,AT_BOUND,profile_rescaled_to_0.01_abs_peak,,,
C7,population,LI_RELATIVE_PIXEL_SENSITIVITY,0.7265062812419408,10.461257549721502,-0.41246827372445527,3.4628737436915636e-20,8.395491154805514e-20,0.9894098262377861,nan,PIXEL_UNITS_60_DEG_BOUND_UNRESOLVED,raw_profile_units_for_this_variant,0.02044278987211551,0.001967871621946548,True
C7,fly1,M1,0.5,,-0.010487755604925665,,nan,0.9572357022357445,-216.89720617706217,AT_BOUND,profile_rescaled_to_0.01_abs_peak,,,
C7,fly1,M3,0.75,1.25,-0.016027937990643917,0.005926625902079652,0.36976845714896306,0.9989290645055473,-263.71992313786245,OK,profile_rescaled_to_0.01_abs_peak,,,
C7,fly1,LI_RELATIVE_PIXEL_SENSITIVITY,0.7612449460001723,1.1962051532024864,-0.473221287207691,0.1932733058459228,0.40842056574918517,0.9989499808390314,nan,PIXEL_UNITS_60_DEG_BOUND_UNRESOLVED,raw_profile_units_for_this_variant,0.0031465010806495095,8.589434500923609e-05,False
C7,fly2,M1,0.75,,-0.01029887097308261,,nan,0.9812201112365501,-227.5662774082227,OK,profile_rescaled_to_0.01_abs_peak,,,
C7,fly2,M3,0.75,1.0,-0.011071025915416881,0.0007150015877022808,0.06458313738626609,0.9815036051339708,-219.30958956791244,AT_BOUND,profile_rescaled_to_0.01_abs_peak,,,
C7,fly2,LI_RELATIVE_PIXEL_SENSITIVITY,0.7246958326871195,14.999999999619705,-0.5263925756258295,1.7854108509372524e-12,3.3917857766412697e-12,0.9820111355617469,nan,PIXEL_UNITS_60_DEG_BOUND_UNRESOLVED,raw_profile_units_for_this_variant,0.02298317298663135,0.00547622741170498,True
C7,fly3,M1,0.75,,-0.011166522118899512,,nan,0.9749274317695874,-220.7083759697886,OK,profile_rescaled_to_0.01_abs_peak,,,
C7,fly3,M3,0.75,1.25,-0.011166522122191876,4.675545354637077e-20,4.187109740592458e-18,0.9749274317695874,-212.22352748494012,SURROUND_POORLY_IDENTIFIED,profile_rescaled_to_0.01_abs_peak,,,
C7,fly3,LI_RELATIVE_PIXEL_SENSITIVITY,0.8344753225634779,8.26833338806489,-0.28444039400961885,2.0897800722732834e-20,7.346987686294e-20,0.9810535424047871,nan,PIXEL_UNITS_60_DEG_BOUND_UNRESOLVED,raw_profile_units_for_this_variant,0.02537241751821251,0.0018600617023544644,True
C7,fly4,M1,0.75,,-0.010726059027976917,,nan,0.9231974480514672,-204.3059446222388,OK,profile_rescaled_to_0.01_abs_peak,,,
C7,fly4,M3,0.75,5.25,-0.010726059027993364,4.249571734537989e-22,3.961913432927472e-20,0.9231974480514672,-195.82109613739033,SURROUND_POORLY_IDENTIFIED,profile_rescaled_to_0.01_abs_peak,,,
C7,fly4,LI_RELATIVE_PIXEL_SENSITIVITY,0.8413033379433262,11.066840398545743,-0.4370711048140729,2.087124410853325e-22,4.775251413019338e-22,0.9282894904024992,nan,PIXEL_UNITS_60_DEG_BOUND_UNRESOLVED,raw_profile_units_for_this_variant,0.029456457413270916,0.0176712063428855,True
C7,fly5,M1,0.75,,-0.010238949499413784,,nan,0.9919863166709086,-240.67956324512406,OK,profile_rescaled_to_0.01_abs_peak,,,
C7,fly5,M3,0.75,1.25,-0.01166409774245757,0.0012893875765241898,0.11054327604190001,0.99501162144229,-239.30530843170877,OK,profile_rescaled_to_0.01_abs_peak,,,
C7,fly5,LI_RELATIVE_PIXEL_SENSITIVITY,0.8183885056266281,1.0000000000870544,-0.8826543914706566,0.36950732204339715,0.41863194203082515,0.9952355134582369,nan,PIXEL_UNITS_60_DEG_BOUND_UNRESOLVED,raw_profile_units_for_this_variant,0.016256098864185622,0.0013726343928764286,False
