iteration,global_peak_lag,center,surround,positive_surround_flies,negative_center_flies,fly1_shift_frames,fly2_shift_frames,fly3_shift_frames,fly4_shift_frames,fly5_shift_frames
1,30,-0.0038304997624830253,-0.0017602579677020343,3,2,1719,3834,6058,1740,1845
2,23,-0.014607021263746106,0.009722172064897497,2,2,6490,4901,7021,3914,7160
3,29,-0.0019405532594269082,-0.0019610578931029588,3,3,7029,3624,5577,5476,3507
4,9,0.025657829880426707,-0.013804753545054787,2,2,3700,5707,1063,3725,6312
5,21,0.018766002504842106,0.005674917314334498,4,2,6042,3863,4396,3491,2969
6,13,-0.00043197655276584746,0.003955222216549443,4,2,1763,3865,6665,2425,7066
7,33,0.0003219537972087263,-0.01618904428307632,0,3,4524,1939,4808,1989,5514
8,31,-0.022833205126253083,0.02973329874670555,5,4,2029,3603,6060,4319,2418
9,38,0.008698370609604326,0.00969593957868198,3,3,7249,6902,3820,6274,6104
10,0,-0.005837331019343438,0.010943838766995605,3,3,4296,5385,1672,3761,4141
11,4,-0.059305583304293204,-0.01619774538452545,2,5,6386,1077,1813,5143,3711
12,2,0.012535764755498013,0.0013660260216378816,3,3,3586,5625,1314,1263,1134
13,16,-0.026549894716405887,-0.008545729958276405,2,3,1589,2395,2239,6008,2364
14,11,0.06421349003992644,0.018104596751096286,4,1,6272,3343,4016,6375,4788
15,25,-0.01783163442199826,-0.01543083826386467,2,3,2982,3395,5599,5179,2213
16,35,-0.046939707744452185,-0.009094440293532421,2,4,5218,2474,3991,4373,5696
17,16,0.0311496329268013,0.003052053289618828,4,1,4179,2465,1500,2220,6349
18,37,0.007104772635935966,0.010988279437402403,3,2,3785,5635,2299,1441,7092
19,19,0.02527294845097433,0.005047299510416373,3,2,6146,2274,2676,6553,4148
20,35,-0.0614669044827202,-0.012732329497215124,2,4,1371,4416,3269,2322,6843
21,29,0.015080387156389355,0.005089981646952859,2,2,3454,5495,2817,3963,6417
22,4,0.003496355262915985,-0.0028651977301347733,3,2,6134,2689,3652,2371,2294
23,39,-0.03667731326446634,-0.004083627475607852,2,3,5155,2799,1317,7224,1995
24,3,8.298348941626128e-05,0.002030317223863426,2,2,5543,5195,1880,6085,7078
25,20,0.024007328841983592,0.01960021052024434,4,0,7095,1593,1079,3083,3107
26,1,-0.027299701649900712,0.010599935528789855,4,4,4854,4863,6446,6944,1518
27,23,-0.04033066422082827,0.006334983891811378,3,3,1667,2015,1875,4151,3101
28,27,0.017938928414930565,-0.005185537768596051,2,2,1606,6561,1864,3655,3054
29,24,0.06793224959209138,-0.0044329968268276955,2,1,5816,1593,5450,2039,1562
30,18,-0.07368241968604067,0.002767087624911813,3,5,3213,6828,3928,1790,1394
31,35,0.09833620333283932,-0.001583838272331059,2,0,6716,7245,5081,6421,4111
32,18,0.03465039609389182,-0.010359316442814903,1,2,2280,1925,6608,6175,3070
33,15,-0.01467817946554317,0.005322349427021477,5,3,2163,2158,3623,4249,6212
34,0,-0.028842253957388233,0.0027402603392450552,1,3,3143,5034,4199,1149,1140
35,10,0.0665949035085554,0.001233560549690871,2,0,5140,6871,2389,5573,4015
36,3,-0.07677948648975362,-0.00940723999832342,1,4,1934,6430,4779,6254,4287
37,14,-0.01899860351798244,-0.0023820067886560115,1,3,4534,4329,1216,2266,4720
38,39,0.07738140721510117,-0.006055582128438325,1,0,6961,2422,5540,4239,4348
39,3,-0.05297734707404473,0.016586030219855514,4,5,4696,4661,4268,3091,5302
40,8,-0.007133418490761176,0.013622673796424335,3,2,3901,4974,2665,4249,6841
41,31,-0.01283801317901585,0.001166492428271614,2,2,3080,5105,4354,2722,6377
42,33,0.002107851605053438,-0.0021676134261818737,1,1,1992,5891,2967,2268,6246
43,20,-0.033599467172011184,0.001575812740745582,3,3,6147,5677,4866,2398,3340
44,26,-0.046207119300072666,0.009005694450471185,3,3,1519,2634,1637,6845,7299
45,12,-0.034549469981107236,0.009265062148416785,4,4,4586,5147,4152,4647,3766
46,15,-0.0484193158242503,0.004541737645814877,2,4,6303,5921,2382,6209,6556
47,0,-0.02594958028994122,0.004282691145273321,3,3,3852,1160,2415,6645,2900
48,11,-0.018167603681599677,0.017705895978118544,3,3,7144,5851,1216,2500,5094
49,25,0.035116584509671984,0.004165603500202556,2,2,6936,3566,3171,3601,2946
50,10,0.0009069082795615494,0.012834135330491691,3,3,1222,2484,2035,5339,1654
51,13,0.028922699947665935,-0.013635769155696921,1,2,1874,4991,6037,1463,836
52,7,0.0038565466363931914,-0.013154540069003825,2,3,4784,3575,941,4241,1425
53,12,0.001346879482749871,-0.017590020961593063,1,1,3632,5341,2740,1565,2674
54,25,-0.024924088095775745,0.006180037497044688,2,4,5139,3065,1075,6798,2424
55,32,-0.02572396673426764,-0.024304046531814928,1,3,2531,2793,4476,1685,3023
56,6,0.04980092450052904,-0.0032620390438297497,2,1,2122,3773,6297,7246,3186
57,25,0.06497465291266713,0.011737669984848374,3,1,2551,1538,3206,3625,1158
58,39,-0.02162291351172436,-0.005702311767275822,3,2,5023,4833,6615,6343,941
59,22,0.050797928411330386,-0.005882288082539108,2,2,4047,5911,6334,2092,5608
60,25,-0.03528113959171706,0.005473587626259716,4,4,6082,2081,1002,6341,5997
61,4,0.011571101275713102,0.010646114222704584,3,2,1602,1897,1742,1644,6452
62,7,-0.005074675773032295,0.0007009397313866694,3,3,2033,3378,5350,4478,4539
63,35,0.02517789955795006,0.010526017838099382,4,3,2955,7009,4897,5368,5007
64,6,-0.03143932461460262,0.007540718245752665,4,3,5377,1912,1165,922,6869
65,27,-0.050547948403067686,-0.016721434356440187,1,3,4450,4407,6166,2915,4474
66,21,0.024714847561542058,0.00665817605740372,3,2,3919,5367,5260,2768,2920
67,4,-0.0033618931147321057,0.01016485335377276,3,2,2776,1709,2077,4935,6480
68,18,-0.0752810895481388,0.0013224207073294263,3,5,2399,2460,1682,3787,3939
69,14,0.023969669578324748,-0.008815531421394842,2,1,5429,2301,961,4807,4854
70,27,-0.03809885223291046,0.00877285707110299,2,4,5530,4692,6562,3733,7166
71,5,-0.008935625553777036,-0.013349947355432866,1,3,2640,1556,7098,4180,3980
72,6,0.060121103763473696,-0.022464962629706986,0,1,3025,2216,3514,5045,5233
73,25,-0.011163905653528395,-0.012404329802349711,2,3,4270,3033,3846,1207,4236
74,33,-0.01866944190671328,0.004820756771968933,2,3,4001,2487,4451,1422,1767
75,37,0.03409470748678924,-0.0026165872173936305,2,2,4145,1249,5925,6360,3375
76,13,-0.012169136815210747,0.0004818871948348821,4,3,6022,2511,4446,3107,936
77,19,0.033086098390986224,-0.003724549455087416,2,2,5933,3194,5953,1479,2942
78,4,0.05964500161163587,-0.0019317890132897052,2,1,5494,5717,4708,3162,5588
79,27,-0.01952982264315299,0.01633906871498132,4,3,1398,6442,4959,5137,4552
80,16,-0.0029528397446923144,0.01646452797283066,3,3,4818,2221,4893,7097,5044
81,37,-0.004658026454578551,-0.0006817924914116907,3,3,2145,1520,6779,6290,4574
82,38,-0.06124760080128717,-0.008905786082267384,2,5,4142,2713,4018,885,4093
83,1,0.015515962929592212,0.018203829003033408,4,3,5978,3195,4744,4728,1320
84,10,0.05649856465665289,-0.0013313472299150532,2,1,2955,3253,5674,6402,1298
85,23,-0.018798201423146598,-0.007579883860277179,3,1,4829,5379,5330,2985,1154
86,3,-0.008748928672177421,0.015707275789698775,3,2,5125,4976,6761,3595,6872
87,5,-0.06375293123845595,-0.003595422145281461,2,3,3066,3942,2260,2010,5152
88,17,-0.027279640525656807,-0.00550863659095235,2,3,1814,6617,6246,1734,2429
89,28,0.09480267544045168,-0.012795652696686978,1,1,4749,3088,1187,2480,4947
90,16,-0.002687815388571213,0.007564465892381903,2,3,5723,5185,5139,6120,2970
91,16,0.005764787517849227,0.015639548375195836,3,2,5606,6058,5969,3314,3195
92,12,-0.0042302091801692445,-0.0030677019279644197,3,3,3388,2398,2849,4952,3282
93,11,-0.01669952601045288,0.004109159090884496,1,2,2869,1599,2808,5940,4704
94,39,0.08207599256172517,-0.0033206160088410375,3,0,2005,2213,6829,4100,5892
95,20,0.006288201371165252,-0.003193537849477207,3,2,1385,5499,5922,1728,5971
96,25,-0.0020170848495374813,0.008991710978622409,4,2,4767,2292,4265,1228,3660
97,29,-0.02177221657503984,-0.014713259360091718,1,3,2437,4290,7102,4084,3676
98,13,-0.016038510639690723,0.006108994547744702,4,3,5838,815,5437,7249,4122
99,14,-0.06058379617453635,0.007570166654737786,3,3,4553,2818,2313,2122,3427
100,28,0.014770197543350603,0.005695691352379775,3,3,2751,2160,5740,7302,5817
101,24,-0.018805138307498567,0.010851613029479313,4,3,5276,5434,5009,5164,2931
102,35,0.032934472287801,0.0013440638612959494,3,1,5109,5584,5032,3029,2455
103,4,0.01644115415691271,0.0014198322235000815,4,2,2413,2208,3969,1170,5909
104,38,-0.008707089209900723,-0.0009302791340200311,3,2,4429,4308,4884,4986,1589
105,24,0.02883367016807835,0.000536179872966169,4,2,3908,4180,4631,3512,6412
106,35,-0.010481428643892541,-0.01845568922462869,1,3,5746,1754,6401,2016,2514
107,26,0.04253131134826454,-0.0035115861544925365,3,1,5871,1795,1728,1614,5493
108,21,0.06136523764603833,0.008340611785398555,2,1,886,6382,2364,5936,5253
109,8,0.012630166224227222,-0.000678337948146909,3,2,6798,880,3330,2102,4055
110,23,-0.015259951766584191,0.009350133448275176,3,2,1759,6338,2072,2420,1746
111,39,0.05542666152058585,0.0013290896886625123,2,1,993,3222,6313,7106,1904
112,15,0.0655286877923751,0.0051512527299737345,3,2,1266,5139,4455,975,3485
113,39,0.016999200866369635,0.0073111233343435,4,2,6508,4420,1794,2811,1075
114,11,-0.028323305625547197,-0.005453508974195945,2,2,2797,5274,6194,5195,6798
115,5,-0.014256405904128945,0.002882217066602924,3,2,7063,5656,6968,2702,1834
116,23,-0.002709867620681968,0.008930013995896526,3,4,6789,3205,6585,3361,2320
117,13,0.012099444815452423,0.006160956274420603,4,1,3665,3984,2261,1723,3519
118,29,0.022703077411981173,-0.015494359566496365,1,2,1334,1332,4634,2221,5990
119,12,0.033233806784529446,0.0019462061163764153,3,3,7074,6082,1923,3047,5750
120,34,-0.0030067872374164952,-0.008332444862023981,2,2,3933,6708,6352,5223,5317
121,19,0.0039266927155953224,0.01424336577288484,4,2,5971,5790,6540,1839,2939
122,11,-0.005492615936429943,0.014468551988475365,4,2,2219,5453,6918,1403,3434
123,14,0.01365425396430204,0.007908880460274388,4,3,1018,7226,6885,1052,3874
124,35,0.0664510644350142,0.01807966611489884,3,1,5446,1635,1514,943,5847
125,29,-0.010609590882769448,-0.003294382952368739,2,2,7015,4533,2497,5388,6846
126,27,0.005058617741210252,0.006542594105320134,3,1,4726,4598,3205,5838,1155
127,1,-0.02716099174943084,0.005024153473598014,3,3,1910,2392,4297,5886,1178
128,34,0.013990418443727424,-0.010216256217897722,2,1,3614,6131,2970,970,6568
129,35,0.04495859285732048,0.004121291206995406,2,2,1507,2043,6249,1248,5092
130,18,0.0037676280294063396,0.012700363887564303,3,2,5103,7101,4966,2405,2658
131,21,-0.012159536892221733,-0.012570336725277326,2,3,1181,7238,1212,2432,3153
132,26,-0.01755506547423496,0.0010955303907542945,2,2,7193,7152,2595,6831,2255
133,33,0.0028991805088085867,0.01012617342429775,5,2,1364,1996,7124,3134,6219
134,9,0.017689301982853952,0.003075115603312031,2,2,1584,3178,5043,3930,1427
135,32,0.02559661544874687,-0.0023013583335817216,3,2,2219,3302,3813,3832,5351
136,10,-0.06080380351795459,0.006496529162045455,3,3,3125,4450,2660,7151,4557
137,9,-0.03880949182121789,-0.001372592939451643,3,4,5242,2855,4634,867,1185
138,36,-0.038647335012842315,0.006959919036839626,3,3,5605,6988,2006,2623,2258
139,37,-0.006591997385341556,-0.01223702256966653,1,2,7080,5050,5929,6144,830
140,18,-0.07613361871402805,-0.013362798845666619,2,5,1609,2707,5123,6117,2443
141,6,0.03695559154070476,-0.001161374532730209,3,2,4994,5068,6172,1040,3948
142,4,-0.02619941891567842,-0.006347897048282464,3,3,2971,5839,5037,4215,2552
143,30,-0.003752343511681844,0.007355316321070898,3,2,1308,6885,3407,4604,2286
144,28,-0.020015679038452232,0.004486149648801749,3,4,3414,3220,3004,6813,3146
145,31,-0.09999868570615372,-0.005730222808893237,2,4,3921,6880,3939,7054,1775
146,14,0.03439140465788113,0.01810509067147688,3,2,6795,1984,4851,4932,3133
147,2,0.0013566501496678196,0.0027041352018593538,3,2,6012,942,982,7134,5153
148,38,-0.04792301131751153,-0.011302621347908185,3,3,925,7176,6826,3079,7230
149,33,-0.03428428621674748,-0.0017124373753427352,2,4,2784,2152,6257,1420,1172
150,21,0.005710310779026703,-6.367454149889527e-05,2,2,6134,5222,6161,2313,7212
151,34,0.0027692812612375886,0.0053466763416484195,4,2,3144,6842,925,5670,6771
152,4,-0.039850638997414436,0.021470921041693437,5,4,6795,5428,4567,868,1048
153,31,0.04445980662550291,0.0008236313404612256,2,1,7134,1968,6804,2997,4258
154,37,-0.01603693833366151,-0.005066078275245503,1,3,2633,1809,4046,2943,4174
155,24,0.06526238985382574,-0.0075458556235291525,3,1,4363,3078,986,6844,5742
156,9,0.030022995602529856,-0.008648033475758559,3,1,3895,6796,2683,5235,5383
157,1,-0.015494066299374411,0.004423098473462437,4,3,2031,4939,5283,959,4133
158,31,-0.029028688002701204,0.003423375837199312,3,3,2143,6330,1460,2645,7166
159,31,-0.042949269746449505,-0.008114304148806024,2,3,7232,6328,1469,3156,3368
160,26,-0.02360397031673657,0.0033593551765501574,3,3,4005,5241,6818,6818,943
161,8,-0.05343440561299036,-0.005607952479144539,1,4,2326,2417,6360,6334,1189
162,22,0.045592899935492044,0.0012799119811063235,2,0,5500,5200,4436,7050,4539
163,25,-0.026600289119954282,-0.005357490263531759,1,3,1687,5255,5375,6658,4075
164,9,0.034517438283770685,0.018886062716637654,5,2,6659,5172,2508,4805,2020
165,10,0.0320386380477242,-0.0038509646571695004,2,2,5911,6826,3121,5204,6029
166,30,-0.06838997525054771,0.019133142560907576,3,4,3366,3825,1430,4588,6051
167,13,0.05781616351548356,-0.00537865064809053,1,0,4071,5421,3844,966,3495
168,37,0.006535482319311748,-0.012719025315677436,3,3,2098,1150,7222,6331,3770
169,2,-0.01826774330354562,-0.0029082925205541985,3,3,6580,4614,2869,3791,3959
170,24,-0.01472688653916039,-0.0014564707374457688,2,2,2995,1676,5148,4308,6431
171,19,0.016703636772631245,0.01767536292108193,5,2,1572,3718,4338,5794,6076
172,5,-0.008506159010243354,0.003564667097956187,2,4,6208,6790,5369,4141,1336
173,22,0.007245002915053811,-0.010173523465159899,2,2,1249,6897,5359,859,3434
174,12,0.029099077937445497,0.0052278168543621415,3,1,1303,5282,4239,5623,1549
175,9,0.014823410355133494,0.007982269742526584,2,3,1464,6406,5085,4934,1213
176,5,-0.023548386995696044,0.0058575523249276805,3,3,885,1506,3324,1470,989
177,38,-0.01830786319597526,0.0016727988752802013,3,3,3805,6667,3143,3936,2903
178,25,-0.00018470163699657978,-0.003997957704308387,3,3,2679,4248,919,5049,1397
179,6,-0.03162448464143267,0.0013888854736081565,1,2,2838,1705,6208,7176,1332
180,1,0.021226918582476113,0.00530526448900149,4,3,6220,2964,4005,6569,6409
181,39,-0.01904171073898808,0.02440168336509003,4,4,5080,5819,3815,2472,2218
182,15,-0.015418791604797767,0.03224710207766839,5,3,6008,1679,1404,3885,6833
183,4,-0.052483986501880374,-0.0013713034128704075,2,5,3665,1273,3885,6833,7197
184,32,-0.02569779481368371,0.01882752022185239,3,2,2244,6749,3990,4868,3245
185,13,0.00913336973377389,-0.007653178414861938,2,2,2343,5991,7035,2828,2909
186,12,0.039882138354419526,-0.0025070047767490598,3,1,4024,5825,1175,6594,6883
187,8,0.001051089315429284,0.013622716221138236,3,3,3837,7192,4215,2727,4177
188,20,0.010513501841900008,0.003914479524268975,2,3,6139,972,5259,3746,3848
189,2,-0.05220297038730044,-0.018195094326403084,1,3,4490,2921,6556,1229,2195
190,25,0.02919913580693112,0.0032772944908099557,2,1,3996,5908,4960,5896,5165
191,39,0.06153727784145729,-0.02186298921640077,0,2,7166,6436,887,3296,3795
192,20,-0.05907138122261815,0.009739146372442109,3,5,3992,4403,3520,6944,5318
193,28,-0.011247425903267902,0.009424532386551667,3,2,966,2846,2703,6284,1866
194,18,-0.0329518604875231,0.016701529027242028,4,4,1068,6941,858,7019,6522
195,14,-0.004637759387027383,0.010657670232526657,3,3,2925,1264,1816,4800,2669
196,25,-0.03009689909819187,-0.0077765345173354174,2,4,1790,3883,7223,3899,3523
197,7,-0.07010436199424672,0.025508943334367217,4,4,6333,2511,6262,4573,3417
198,16,0.007895711891523704,0.004367610129402521,2,2,1741,2649,7298,1648,1084
199,26,-0.03361615153650271,-0.0051819904628558075,1,3,1705,7141,6209,3192,3163
200,1,0.07884569543245551,0.001674431541224583,2,1,1381,3632,7001,1824,1230
201,1,-0.013430508987968813,-0.014755393827464032,2,3,1594,4978,6384,1571,6833
202,22,-0.010423505332866782,-0.003305144769895143,2,4,978,4465,2898,7110,7138
203,2,0.029593848652995206,-0.02056143468151162,1,2,6744,3823,4006,2097,6744
204,27,0.024936541898881295,0.008376173612496329,4,2,1948,6183,1573,4681,5840
205,25,-0.03499750907633611,0.01216029523225273,5,4,2455,3882,4574,5627,3957
206,22,-0.018383998850308572,-0.006573873742933361,2,4,5233,4502,1754,4524,6667
207,37,-0.0030283266553547453,0.016996015223334562,4,3,1801,2042,4402,2785,5995
208,25,-0.01245249188645987,-0.002005796108878997,3,3,4212,3197,5352,2767,6070
209,22,0.026191648295014927,-0.01482519612719847,2,2,1685,3940,1043,6692,6532
210,14,0.01254643060722163,0.0009017927204910379,2,2,1645,7025,6180,2194,6086
211,19,-0.06380475419000581,0.0068358637102305395,3,3,2775,3465,3001,1376,4746
212,5,0.05712190834619879,-0.003307849451397595,2,2,3597,6668,6374,1030,4840
213,38,-0.04101139970043502,-0.003848388186774868,3,3,1753,6535,4449,4821,7164
214,23,0.011079137354403884,0.0014913469225311634,2,1,6377,1465,4359,3100,2816
215,33,-0.020221647764547178,-0.00035083798977769476,2,4,6913,1468,5363,3273,4091
216,5,0.018136247191760674,-0.00041339141021258296,2,2,5445,2891,5968,962,4329
217,39,-0.01648837223108339,0.02336318133458787,4,3,2017,3583,1482,2800,5392
218,25,-0.012934917001568088,0.01676603032979956,4,3,4614,2112,5830,7026,1115
219,28,-0.020688258956896098,-0.0031895337447114076,3,3,962,5166,5136,6309,3825
220,15,-0.011807048589865437,0.005776387331506754,3,3,7170,4632,3882,6642,2028
221,34,0.03651220616691661,0.0194018412866068,4,2,6716,1866,1720,872,2329
222,33,0.009356413148913605,0.020728350814264017,5,3,2579,1180,4875,2322,1077
223,35,0.06049995178692848,0.013090684601339542,4,0,6937,2039,6516,1015,6999
224,24,0.035790764063969395,0.00425301013993076,4,1,1328,6555,1706,2859,4151
225,13,0.011041767964543116,-0.006953112915739885,1,3,4518,4719,818,6437,5732
226,22,-0.030659051821065042,0.009661118337352064,5,3,3862,5998,2806,5900,5240
227,33,-0.005197295552028498,-0.0024080794201543783,2,1,5628,2034,5117,1541,3812
228,39,-0.03392045461661268,0.014262335367867928,5,4,1272,1021,4887,4676,2855
229,35,0.017508621204853823,-0.005173955745737255,2,2,6431,1583,1439,1351,7067
230,32,0.04733381334671929,-0.00031074348426426724,3,1,7142,1456,2483,1803,4152
231,22,0.008371382345593193,-0.01993455140583001,0,1,5416,6069,7088,3536,2684
232,6,-0.03124166377857318,0.014669699144995337,3,3,4311,2039,6155,7252,5488
233,11,0.015004427199968686,-0.0036765247240721343,2,3,6995,2861,7259,4967,7249
234,23,-0.05332089597546091,-0.007020055463153843,3,4,2457,5022,3410,1580,2573
235,11,-0.021441764796494622,-0.0028382187496029014,1,3,3248,6217,7253,2066,4994
236,0,-0.05299217138967758,0.01039071320160277,3,4,6194,1731,5121,4134,5470
237,30,0.10635168419265852,0.005255828590886098,4,0,7085,5907,6340,4079,3043
238,3,0.061273245264728375,0.003214127107925339,3,0,3586,5899,5812,2431,4693
239,22,0.0023152886181201024,-0.020353695773538325,0,2,5859,7068,3316,1182,1366
240,16,-0.0467163515248838,0.0008782808923422874,2,4,2603,4336,7083,5502,2149
241,14,-0.035053469357308256,0.026779613665306786,4,3,4525,6504,856,6290,1031
242,34,-0.030438531408872316,0.00023526274608645948,3,3,6701,986,4409,1137,1574
243,1,-0.0361730762190223,-0.0007468165615259727,2,3,5619,3483,4325,2790,2914
244,16,-0.017092935228719384,0.00321623656408979,3,2,3152,2221,6020,5095,6604
245,14,-0.007097560320840539,0.010430130455738118,3,2,4396,4581,5062,1713,1858
246,7,0.0645619619845438,-0.006733159648474716,3,1,5019,2794,2167,6870,7002
247,38,-0.0346424136739115,0.0039278969426202485,2,4,4719,1432,6774,5566,1828
248,13,-0.01401828874672091,-0.010491970774517967,1,3,1713,4773,1212,5651,2563
249,36,-0.016400562979225288,0.0007932912076638858,3,3,2761,1261,4448,3042,1357
250,10,0.0006218870565994883,0.001448806148120439,3,4,2677,7200,2940,1408,1112
251,39,-0.061613854064414046,0.00651003882513973,3,4,3366,1529,2491,6820,5270
252,19,0.025929473352406696,0.004554182578785027,4,2,3812,4394,5476,4909,1561
253,18,0.0020450420572799464,-0.013987480089758192,1,1,4820,4993,5409,6845,2113
254,21,-0.08501529982413142,-0.001808264338721475,3,4,4802,2984,3803,6654,4902
255,4,-0.04217512634780404,0.00897994979623404,2,3,4241,3514,7017,3559,3204
256,30,0.003964738214158765,0.021135291384854493,5,2,4312,3169,1389,4818,1077
257,13,-0.018249381735004584,0.008232237120045073,3,4,4605,5163,2067,2846,6092
258,30,0.024867094165809955,0.005771419228857133,3,3,3620,1030,4191,5169,1043
259,7,-0.014090047418464265,0.0012775152261415713,2,3,968,6009,3137,2829,5439
260,20,-0.03618472512383684,-0.006188755885760019,1,3,1486,5986,2127,7044,3281
261,11,0.0491636113331331,0.00934614412138098,4,2,4198,6264,3990,2748,5184
262,9,-0.03708278407413158,-0.009336456779468517,1,4,4037,888,856,5039,1113
263,3,-0.01676717645229751,0.011229568809533878,4,3,1908,4134,2430,5951,5051
264,9,-0.003803490368738261,0.005437567130873785,3,3,3076,6438,6453,4268,3647
265,18,-0.015586434250061707,0.01849885384042843,5,3,6823,2220,3954,3790,2226
266,22,-0.03405947817520096,-0.0012454550225866473,1,2,6285,3429,1071,6230,4418
267,27,0.013220025825070645,-0.0012035248315429923,2,2,4339,4920,2033,7284,4062
268,9,-0.007018661934493809,-0.008309337054329615,1,3,5333,6261,2953,4490,3463
269,3,0.010167704521326995,-0.007673927929018046,2,2,4395,4781,3020,1644,6586
270,26,-0.04273522657761296,0.012235621963307393,3,4,4298,2699,2313,4412,5615
271,28,-0.029091465820073603,-0.005584086023763452,2,3,2679,5054,2613,3318,1288
272,23,-0.010940426817291219,-0.0036359048313704336,3,2,5941,4981,1315,3105,4722
273,14,-0.05383450702175249,0.010864930162788252,4,5,1551,2786,6164,3005,3919
274,9,0.032757571575670115,0.00033038235545464325,3,2,5735,3677,4417,2354,2564
275,11,-0.01861142432001674,0.023839724515748163,5,3,5954,954,2986,1576,7069
276,0,-0.015253280795488136,-0.018452719317007593,1,3,4943,3243,6643,6751,7078
277,35,0.0028790263845283447,-0.019228737600242064,1,3,2262,7077,5430,2363,5792
278,30,-0.031034154545374164,0.017160468074791272,4,3,4960,830,4420,1922,6338
279,4,0.026329241652687827,-0.0002840407675035789,2,2,1669,2844,2859,5425,7038
280,32,-0.026210959747613328,-0.00020213029925217782,2,2,7065,3510,1665,3107,1481
281,33,-0.021538447996518637,-0.00152173008356273,2,3,1615,6522,2851,1971,2135
282,30,-0.011702201134365375,-0.0023733419660133762,1,3,4630,4525,5021,2616,7019
283,33,0.032197357478619085,-0.016882098023899703,0,0,4106,3930,3506,6340,2206
284,6,0.04911401776016206,-0.010475172342883293,1,1,1301,2360,2454,3408,3293
285,1,-0.027197252037760085,0.006462469399580078,3,3,4286,3650,6609,7011,6381
286,21,0.04212283444006457,-0.004086037515079664,2,0,3712,5779,7098,6006,2733
287,38,0.023565446714709504,-6.338396401632529e-05,2,2,6184,6860,6510,6821,932
288,27,-0.025653698374564292,0.004837361733283088,4,3,1850,5945,4807,2727,5190
289,23,-0.06860751210673495,-0.002848953224346412,2,5,3110,5721,6562,6885,1207
290,21,-0.018178718618647362,-0.013503743493439352,1,4,6279,3816,4645,2647,6833
291,0,-0.03731963793932,0.005588103279496482,3,4,2970,4013,5071,2840,2928
292,1,-0.05297813759652754,0.002148802735634357,3,5,3609,6258,5421,2429,3693
293,29,0.06085137676794784,0.00812556590258446,3,0,1162,865,1805,3511,2121
294,1,0.024762570036725343,0.0010984500320881231,3,1,4205,2786,5744,3116,2782
295,24,0.01990721417892445,0.020299575189775536,5,3,4991,4653,5849,3662,5671
296,33,0.035599107144562304,0.007037001790729416,4,2,6677,4463,3294,2069,2028
297,2,0.07337817670652629,0.0012679985067725772,2,2,3524,1195,2997,7228,3614
298,24,-0.026597501726056336,-0.006527274939406138,1,4,7218,2830,4432,2581,2181
299,15,0.035251823493988414,-0.014359911337351938,1,1,4100,7108,7040,925,2947
300,8,0.04156996421456326,0.005564594146897686,2,1,3761,2568,5285,1103,3656
301,13,-0.0017097849631091111,0.004663055648951447,2,4,6860,6351,3297,2440,7204
302,4,-0.016340075646879088,0.007565032660935564,3,4,3181,5776,2640,3225,6529
303,3,0.04904567884437516,-0.006829479678067232,2,1,5272,6110,6341,5856,5303
304,37,0.03895847424060626,0.014134667134854152,3,1,1629,4810,2281,6895,4432
305,4,0.015474212295335108,-0.007790717351324161,2,2,5503,7054,5609,1263,4520
306,4,0.000856569960218468,0.012108008102394529,4,2,5422,5968,5323,5666,5826
307,33,-0.033983021398451795,0.005951034647516184,3,4,5240,6346,4149,1489,3701
308,29,0.06896208427179955,0.00821163489202396,3,0,2790,3673,956,945,6905
309,9,0.07989632053152294,0.010454179331174814,3,1,4703,2232,4656,5827,5866
310,2,0.02243416781829467,-0.03105130038373122,0,3,7196,5642,5641,4395,853
311,12,-0.0008274370742051902,0.003560010505762963,2,2,5371,4817,5285,3078,7120
312,17,-0.06973443974340882,-0.00015491347636632972,4,4,4474,6350,7007,962,3196
313,35,-0.03470600465004911,0.011036123069008042,3,4,3765,6853,5328,3457,1469
314,1,0.04647639487299379,0.009266061372952042,3,1,6633,2759,2457,3453,4475
315,19,-0.004039460073871511,0.01423198429693478,4,1,2403,6117,1300,4065,4242
316,23,-0.005214399715872394,-0.00384201987619259,2,4,1121,4183,4728,3937,838
317,29,-0.017289987716279223,-0.010539915505536462,3,3,1238,7007,1036,3803,1119
318,20,-0.0036666671041963705,-0.016258290033770884,2,3,6375,6318,3472,1646,7282
319,31,0.017999950938387417,0.004676903576282323,3,2,5702,4333,4497,6513,2024
320,25,0.014905000092094398,0.0070069093515090185,3,3,1110,4601,2331,948,6018
321,1,0.062065488743203626,-0.011886351968611425,2,2,2118,6333,1343,7164,2901
322,23,0.04530924903414438,0.009939478313190555,4,2,4466,2609,5120,6278,5905
323,20,0.04886238188445314,0.0009112316118938636,2,3,7083,6665,6842,4169,6823
324,0,-0.04871716087716742,0.014933412425005843,4,4,4534,6028,2937,5953,5362
325,33,-0.024045915088433407,-0.003215589382368945,2,3,6318,3217,7054,2064,5030
326,4,-0.039312340612568754,0.005050346122487147,2,4,4754,5777,1409,5459,6391
327,26,0.027700821056716327,0.0047027343848110754,3,2,3952,2709,5082,1721,5616
328,33,0.05695533908459576,-0.007204116060031556,3,1,2717,3855,5967,4308,3988
329,38,-0.010878631222454803,0.015108749426397318,5,2,1419,3148,4173,4609,5505
330,26,0.05240284264084344,-0.007960024829326636,2,2,2948,4819,3848,1053,1840
331,33,0.0552314682117267,0.016070579164186322,4,1,3163,3950,3224,2458,6252
332,1,-0.005737940668306378,0.0017342580051797876,3,3,2288,3629,2399,1543,5345
333,20,-0.02424074881586752,-0.0018638860153054125,2,2,5968,5841,6200,5554,845
334,21,0.011492211065221126,-0.002941158323293973,3,2,1434,2190,6108,5892,3853
335,33,0.027952094615090888,0.008758459785953365,4,2,2478,4592,4400,1052,2435
336,1,0.05341458433033018,-0.003188777847061822,2,2,4002,6486,3505,2084,3304
337,9,0.038264952062780834,0.010503308752648792,4,1,6049,3762,1318,6936,2465
338,5,-0.041989909067671645,-0.008521993825310272,2,4,3861,3583,3182,4869,5762
339,14,-0.02765816656870758,-0.009767751077901954,1,4,4334,3159,6805,3206,7197
340,39,-0.014385257823839655,-0.010121842996614538,1,2,3931,5386,1097,1783,1551
341,37,-0.022902314611602307,0.025804292019921408,4,4,4903,1017,5083,2268,3241
342,3,-0.00977032575534774,0.009343431977299947,4,3,2754,1703,4862,3800,3621
343,34,0.03298298096861175,-0.003192867930703672,3,1,6654,6009,5002,4259,4883
344,22,-0.023609058152349902,0.0037660512699696823,2,3,4220,2408,2562,3284,3100
345,22,0.02860920177274119,0.012577089490293196,5,1,2269,5423,4748,2566,6122
346,24,-0.004396883452658315,-0.0018266615582280025,2,2,6055,2679,2489,1171,2538
347,19,-0.046208410078086876,-0.0038746581737582136,2,4,6543,6940,5500,4604,6453
348,38,-0.030764911319676656,0.013114449547649539,4,3,1426,1642,4925,2857,1089
349,29,-0.010546113551707072,-0.007684364259020104,2,2,841,7082,3694,3940,4672
350,8,0.028418554785016023,0.006563038350102471,4,1,3542,6067,5893,5344,3585
351,2,0.031335725029345736,-0.006764552028787943,3,1,5599,3890,4005,1152,7292
352,25,0.01692616512976347,-0.012256529906248743,1,2,5672,3371,1242,2374,5132
353,32,0.025528848355823898,-0.0003440258872718132,3,2,4832,6034,2004,4284,3220
354,39,0.007314958196936628,-0.011979216122019602,2,3,3105,5038,4844,6927,4209
355,19,-0.0067501667729654834,-0.016890164435946178,1,3,6356,1119,2745,3277,2467
356,33,-0.024548263337307252,0.008131217943448303,4,3,5693,5864,6513,4032,4903
357,18,0.04694233744915193,0.006361694228115539,5,1,3909,4266,6036,1060,4551
358,0,-0.03158670421778927,0.008121444577782865,4,2,4015,1003,3425,2755,4507
359,29,0.012143199599278532,0.0027588228965446824,3,2,4859,1852,1812,1739,850
360,27,-0.022098761116665852,0.0018776631203454373,3,4,6218,6924,2242,7155,1349
361,12,0.00040084923256334456,0.0016702997840397373,3,2,3846,5444,2497,1984,4399
362,1,0.055892652150957164,0.005315287792708962,3,1,6606,6392,6485,1939,3734
363,25,0.017031961478078797,-0.0021638927996321636,2,1,6024,5884,6813,5223,2414
364,32,-0.01596485338307608,-0.024094799215333106,1,4,6407,6404,2675,4077,929
365,21,0.017158144839406187,-0.015774960035180884,0,2,5282,2870,3525,2650,4882
366,4,-0.006195162194462541,-0.004370967942037444,2,3,3765,2169,3977,1817,3709
367,36,-0.042224900846515284,0.020930390902223813,5,4,4497,2631,2817,2054,967
368,0,0.025596632971207553,-0.0005003498034425155,2,1,3813,5048,2100,6931,3720
369,32,-0.0011969432781307218,-0.012818699574234406,0,3,6734,7293,6591,3579,1302
370,32,-0.005418023281559355,-0.0025222742460671668,3,3,7148,1020,4879,2010,1443
371,34,0.04288316379751647,-0.034580124573705476,0,2,5403,6812,5379,1684,1271
372,22,-0.020443423532109675,-0.006526076108568682,1,3,1450,6800,7268,3227,7258
373,22,0.09133590715836579,-0.0019003282928526518,3,1,7202,1545,6561,3067,7114
374,25,0.02612664657428435,-0.011614592936018202,1,2,3199,3339,1203,5007,5516
375,10,-0.026794964686526698,0.002002832633549079,2,4,4376,4470,5390,4566,4979
376,35,0.009865344377217325,-0.009029464186024532,2,3,6984,6611,7190,2005,4081
377,3,0.007567061017098822,-0.002005098121056653,2,3,7104,6258,1045,2398,6209
378,15,0.0374064683500726,0.008832351246665126,3,2,4144,5871,6374,5543,1393
379,29,-0.013380493384120107,0.008815580882665418,4,2,3656,7216,4261,2823,2796
380,34,-0.007338208152871574,0.007316868499498843,2,3,3389,4686,5682,5328,2220
381,37,-0.032014078492720296,-0.0013943510213430246,2,3,1930,4757,1996,6970,6042
382,9,-0.01764920022578774,0.00826378623636617,3,3,4720,2558,6569,3557,2902
383,39,0.03224004614777953,-0.010914882752440399,2,2,934,2481,1486,2058,6512
384,9,0.015185119598002221,0.021589324054473398,4,2,6530,4233,4899,3611,6725
385,22,-0.003489757874413399,0.008722775857487486,3,2,1463,3776,1135,2591,1866
386,12,0.021352038489561777,-0.001241557764382692,1,1,4149,3174,3259,6718,3817
387,8,-0.02651913567805287,0.009817142594551105,3,3,2660,4898,4657,7181,3425
388,18,0.05527516802974919,-0.006450831180997928,2,0,2455,1787,4496,6699,4133
389,16,0.03220118753379814,-0.011878801299011756,2,2,4044,6888,1964,3396,2810
390,10,0.10943023878487572,-0.014715036572868833,2,0,3500,4361,1982,6109,2241
391,32,0.014205349145069077,-0.014157516550834722,2,2,1354,3746,2441,6992,6463
392,17,-0.0708131769927145,-0.0016097535679491426,3,3,5306,6593,2740,7196,3839
393,19,0.02444436807449417,-0.0048245457470119215,3,1,6194,6512,3992,920,6862
394,10,-0.03432182241315474,-0.014366991193684453,0,3,2361,7172,5801,5726,6414
395,23,0.02193135953955084,-0.006046358672323287,2,1,6052,6808,7171,3651,3390
396,30,-0.005268512378790364,0.000702024199914236,2,3,1821,2373,2040,5399,4971
397,11,-0.022374386429381516,-0.02902645720112974,0,3,2522,4127,6289,896,2118
398,1,0.014453237877150471,0.026634563840081848,5,2,5942,4262,6321,1946,3170
399,22,-0.0068273692591577905,-0.011671318508120336,1,3,6656,5722,4575,2608,1986
400,9,0.01326251611607717,-0.013066617622758014,2,3,6288,7249,5751,4273,2549
401,25,0.0119440342846704,0.01964382745826229,5,2,1429,6181,2563,3741,5992
402,4,0.027197838638247263,-0.014145145884868215,1,1,3987,1125,2038,6278,4772
403,17,0.048181869880557164,0.0030081130095527984,2,1,1111,1453,1578,1302,3389
404,38,0.019404265699259557,0.004486839031691376,3,3,5862,836,4126,5765,2937
405,31,-0.0679282510417945,-0.011988049742822233,2,4,4941,2158,7120,1121,3782
406,34,-0.02594037897680232,-0.008668109169652698,3,3,1155,2206,4706,3871,6143
407,20,0.025856047486035826,-0.0004841692962048626,2,2,7009,5961,7259,2558,2772
408,8,-0.03408742625087034,0.0031246388910853105,3,3,1142,5473,3859,5498,4588
409,39,0.04843422631325879,0.00053892482483488,3,1,3843,6340,6057,2609,2032
410,34,0.012064849293147616,-0.01448154933531543,2,3,6867,3170,2458,3535,1990
411,22,-0.010243440767560492,-0.0038615975498239035,3,2,3325,3075,1757,3405,2703
412,31,-0.07493604607411558,-0.00981498069475018,1,5,1735,4640,4851,4594,2621
413,17,0.023558705473740126,0.0036908478242504024,2,3,2117,6195,5065,7112,6433
414,9,0.03731818850438742,-0.00428925650057723,2,1,1176,6171,5612,3156,5398
415,13,-0.018856899231530708,-0.00011113536630410815,2,4,3327,4815,5518,2647,3273
416,10,0.013410832632614547,0.004232610576170503,3,3,1350,5305,4531,2027,2245
417,6,0.009612575951621922,-0.006271650756285932,2,2,4533,4393,940,2034,4053
418,0,-0.008757657464976216,-0.0007312773142175867,2,2,1084,3609,5188,3704,5497
419,14,0.007896062673829323,-0.019977062877070757,2,2,3478,4323,5183,5297,5081
420,36,0.008540484142291124,0.009573577246117269,3,1,2653,5236,4176,6894,1666
421,9,-0.03480162147764024,0.005263950308880744,2,3,1791,2194,2984,5246,2667
422,11,-0.03135349552640068,-0.0025465017668354724,3,3,3810,7006,6949,1711,3746
423,24,0.022998690356602094,0.010193269957962197,3,1,4966,6062,5026,1461,5101
424,24,-0.02457830016075814,-0.0038199186489612097,2,4,2960,5057,5459,3134,3574
425,33,0.05060356600679915,-0.00288621477309798,2,0,6856,3175,4176,2336,5356
426,3,-0.06592007982674765,0.015827618257414036,3,4,4919,1578,3838,1067,4465
427,1,0.022042547389146065,0.006014236273224238,3,2,5607,1335,3108,4044,6414
428,3,-0.001432230214535692,0.011929360243615288,4,2,3516,946,990,4451,3136
429,20,-0.007443981324283015,0.0015908427854982915,2,3,4714,1165,6791,3937,5789
430,25,-0.008252392146774043,-0.015489152877822654,0,1,1013,5736,4381,1190,4003
431,5,-0.04302381389769893,-0.014313601961739308,2,3,3762,1728,5364,2261,2927
432,5,0.014111816159055636,-0.0037090032585843677,2,3,3227,3132,5834,3489,2019
433,26,-0.024940389953141465,0.0032197185899496676,2,3,2296,4825,6506,2207,2141
434,8,0.010811425572335855,0.012754821461122863,3,1,5892,5104,5644,1091,4939
435,20,-0.03351140187296018,0.011089101710281206,4,4,6231,5279,4159,1859,6076
436,28,-0.037993248203147915,0.003996792630444192,2,4,5304,3830,4483,6092,6176
437,28,-0.01292309873922595,0.0030221104626967322,3,3,4742,6606,3020,6186,6476
438,29,0.013668436077836134,-0.004832452949193238,3,2,7051,1696,5511,5518,6139
439,16,0.02253490768201998,0.009835366517286755,5,2,6095,1953,5390,6654,1590
440,8,0.03728412415267945,-0.012993856479195738,2,1,4427,1193,3793,3372,4160
441,35,-0.03871779048988458,-0.007074576434910851,2,3,2803,2536,7176,5565,3737
442,3,0.004162730357157973,-0.007362288898613976,2,2,6939,6737,6487,3030,5794
443,36,0.020086479985284813,-0.01168094822857037,1,2,7132,1648,4531,6316,2865
444,35,0.046167902541023244,0.0016396867142889084,2,2,5955,5002,5036,4515,5521
445,8,0.005561980625438055,0.006227090112017722,3,2,3501,4662,2860,985,3886
446,8,0.058358423783525265,-0.015217513792771893,1,0,5435,905,1570,6090,5586
447,31,0.04789821217526156,-0.0031269116201676672,2,2,5481,4798,1804,6974,1572
448,0,-0.01939826033152611,0.004691373559523526,3,3,1420,6539,4119,4564,3631
449,23,-0.017508871760120205,0.002609383465373788,3,2,4022,5779,5575,4791,5656
450,26,-0.06630467560417878,-0.0022869639176579764,3,3,1782,6604,4656,3987,3867
451,3,-0.021999774474087058,0.01302660250488738,4,4,6038,3847,5891,3762,4448
452,22,0.013877978948042154,-0.0002386773953085879,4,3,6797,4116,5739,3882,7186
453,39,0.005463085923735428,-0.002084847116598639,2,2,4456,5150,3603,5605,4140
454,8,-0.012303030452969146,0.00858374856553361,4,4,836,2797,2352,2263,1766
455,25,0.012920999046886117,0.007616396370175842,4,1,1960,5685,6481,2205,3600
456,12,-0.007875726220699543,-0.013004682916764846,0,3,2161,4928,7017,6751,1639
457,4,0.03671160261853136,-0.017642581209163063,1,2,2565,4435,1516,2668,1641
458,34,-0.003441449934075236,0.0006599392627154632,3,3,3177,6193,3865,6542,3674
459,21,0.020235322597970066,-0.00534795638764583,2,2,6218,4273,5410,1619,6546
460,30,0.028892801132710238,-0.004492406069187861,3,2,5569,3625,5017,6996,1307
461,32,-0.0257936896264832,-0.014056033009101621,0,4,3862,3746,3457,1571,6929
462,33,0.02276938489446524,0.008253303370317462,4,2,4092,5871,6197,3665,1685
463,8,-0.039538893229081024,-0.012423464331917959,1,4,2947,6168,3826,2629,3744
464,31,0.016631938628721796,-0.009210870102397791,2,3,1444,2077,3289,6946,6891
465,7,-0.039022567121831137,0.022878622442758442,4,4,1745,2901,3068,894,2021
466,14,-0.006409666997250906,0.0017270041762531968,3,3,1083,1492,1454,4142,4924
467,30,-0.030050387106672863,-0.0097324430835479,1,5,3076,3742,5558,6014,1933
468,6,-0.015037964638349884,-0.008297789292917275,2,3,5289,2021,6366,3704,3190
469,34,0.015982819440449762,0.0121404411295325,4,2,3514,1813,6986,2945,5228
470,33,-0.019827996113171282,0.0013480026763191039,2,2,2939,1212,5101,3132,2778
471,23,0.0009127514930792983,0.024317544349459118,4,2,6634,6947,2825,6077,6194
472,13,-0.021309475902929153,0.0029074577498163982,4,4,2778,6154,5772,2113,2555
473,1,-0.01936040032607043,0.003222454694858341,2,3,6425,2958,5050,5499,1490
474,21,-0.0026845560051596204,-0.004027411696487437,2,4,6428,4585,3610,2732,1864
475,37,0.009734347932787692,0.008354650898875318,3,1,4178,3092,4664,1809,3625
476,19,-0.017847252955477313,-0.005288469531428071,2,3,4294,6449,3636,851,3299
477,28,-0.020344355313355662,-0.008655215334004745,1,3,7297,2454,6451,4543,4096
478,32,0.01714047966792028,-0.011558528709550877,2,2,6193,4704,1273,3481,1953
479,21,0.025497478847958055,-0.007820817055443458,3,1,5984,6546,3461,3594,3209
480,30,-0.017483721404519856,-0.00802564304333635,2,2,5379,2304,5036,5603,2881
481,24,0.039491083787027266,-0.024933321173552635,0,2,2627,3179,6872,2362,877
482,15,0.02784581064219703,0.00929601963634525,4,2,3623,6643,3463,1064,1109
483,29,0.04776327633705313,-0.003237471031685554,2,1,3650,3366,4526,2053,4578
484,26,-0.0007179581710023466,0.020396377254856917,3,3,1526,5135,1396,3454,1339
485,18,-0.0013088843618074577,0.015042116941410378,4,3,4321,4592,3361,7150,3594
486,39,-0.03733978111816029,-0.010594115704811495,2,3,4480,2138,3722,4614,989
487,10,0.0034761714285801546,-0.004928922541695812,2,2,1218,5647,3831,5993,2540
488,29,-0.023221816602373036,0.003187948481916635,3,3,1184,1782,2113,4811,5218
489,16,0.017360676223103333,0.01066160752097978,3,1,3161,3495,6746,6712,4186
490,24,0.014800561171375435,0.0035395720002835045,3,0,1154,2769,6366,3553,2779
491,1,-0.011087502777554537,-0.0025441882985488035,3,4,6084,6581,1700,6943,3338
492,35,-0.07576647722485917,-0.007235157890816873,1,4,5593,5746,3109,6880,1965
493,38,0.007938781508385506,-0.008257986940557776,1,1,5762,2113,2435,5693,6722
494,38,0.021341512619901512,0.00432626878295976,3,2,3219,1198,6148,4075,5661
495,14,0.02212769206897455,0.0021202180106928217,3,1,1421,1736,4257,5349,1838
496,32,-0.018610928318301613,-0.001296255127204194,2,3,3895,1510,1937,1571,3833
497,2,-0.0007104239615618658,-0.007711069984998512,2,4,1908,7040,3944,6392,5927
498,30,-0.022322441319144178,0.00363821291527303,3,2,4356,2766,4715,3436,3948
499,4,-0.009871356867553817,-0.02299044434771613,1,2,5861,3824,4221,7028,969
500,24,-0.043746552680346995,-0.02012321187259917,0,4,4652,6549,5885,3199,3340
