variant,fly,center,surround,center_polarity,surround_polarity,technical_roi,valid_center_roi,negative_center_roi_fraction,median_center_row_px,median_center_col_px,median_raw_edge_distance_px,fraction_center_within_3px_of_edge,frames,center_stable_roi,center_stable_fraction
C0,fly5,-0.0038249156186149786,0.0001299247291122375,negative,positive,46,46,0.8043478260869565,historical,historical,historical,historical,historical,27,0.5869565217391305
C0,fly4,-0.0039517569607451205,-0.0005749880350589581,negative,negative,48,48,0.8125,historical,historical,historical,historical,historical,22,0.4583333333333333
C0,fly3,-0.0018264659901784024,-3.0117345298461075e-05,negative,negative,46,46,0.6086956521739131,historical,historical,historical,historical,historical,15,0.32608695652173914
C0,fly2,-0.0026912826097279007,-0.00021719191389514778,negative,negative,48,48,0.8333333333333334,historical,historical,historical,historical,historical,25,0.5208333333333334
C0,fly1,-0.0012529257223818132,0.0001246198438745949,negative,positive,40,40,0.625,historical,historical,historical,historical,historical,13,0.325
C1,fly1,-0.18405018830988312,0.015470347483031504,negative,positive,40,40,0.625,8.25,7.375,3.5,0.375,8084,13,0.325
C1,fly2,-0.42205065866778885,-0.004390826184885421,negative,negative,48,48,0.8333333333333334,8.5,7.0,4.375,0.16666666666666666,8084,25,0.5208333333333334
C1,fly3,-0.28276455283058494,0.0075026743783975225,negative,positive,46,46,0.6086956521739131,8.375,7.0,2.125,0.5217391304347826,8084,15,0.32608695652173914
C1,fly4,-0.4907325932008076,-0.040800041615279906,negative,negative,48,48,0.8125,8.0,7.0,4.25,0.3541666666666667,8084,22,0.4583333333333333
C1,fly5,-0.5799255665008631,0.0429318107536431,negative,positive,46,46,0.8043478260869565,8.125,7.0,4.0,0.41304347826086957,8084,27,0.5869565217391305
C2,fly1,-0.10942904312275933,0.006893417160793408,negative,positive,40,40,0.625,8.25,7.375,3.5,0.375,8084,13,0.325
C2,fly2,-0.2179647275392409,-0.0040311655486173,negative,negative,48,48,0.8333333333333334,8.5,7.0,4.375,0.16666666666666666,8084,25,0.5208333333333334
C2,fly3,-0.1543026498507715,0.0044130772396290185,negative,positive,46,46,0.6086956521739131,8.375,7.0,2.125,0.5217391304347826,8084,15,0.32608695652173914
C2,fly4,-0.3194462525262595,-0.027614291287381017,negative,negative,48,48,0.8125,8.0,7.0,4.25,0.3541666666666667,8084,22,0.4583333333333333
C2,fly5,-0.3188591164593062,0.02482172750835175,negative,positive,46,46,0.8043478260869565,8.125,7.0,4.0,0.41304347826086957,8084,27,0.5869565217391305
C3,fly1,-0.7436424250631093,-0.0088081348890548,negative,negative,40,40,0.7,8.0,7.125,2.875,0.5,8084,12,0.3
C3,fly2,-1.4718076171055694,0.001542319812302275,negative,positive,48,48,0.875,8.875,7.0,4.25,0.25,8084,27,0.5625
C3,fly3,-0.9154692423678547,-0.001058734683453615,negative,negative,46,46,0.6956521739130435,8.5,7.0,3.0,0.4782608695652174,8084,14,0.30434782608695654
C3,fly4,-1.2616755963733908,-0.040722430554480105,negative,negative,48,48,0.8333333333333334,7.0,7.0,4.75,0.2708333333333333,8084,21,0.4375
C3,fly5,-1.5347854212480136,0.006279540407178324,negative,positive,46,46,0.8913043478260869,8.25,7.0,3.625,0.41304347826086957,8084,21,0.45652173913043476
C4,fly1,-0.7533802150254225,0.0038651259408376483,negative,positive,40,40,0.725,7.875,7.375,3.5,0.475,7307,9,0.225
C4,fly2,-1.4653186652825805,-0.0014900980284230055,negative,negative,48,48,0.8333333333333334,8.875,7.0,4.125,0.22916666666666666,7307,31,0.6458333333333334
C4,fly3,-0.8357180800498574,0.01792809983922862,negative,positive,46,46,0.717391304347826,10.0,7.0,2.375,0.5217391304347826,7307,14,0.30434782608695654
C4,fly4,-1.1218647795069456,-0.040290866370037995,negative,negative,48,48,0.7708333333333334,7.5,7.0,3.875,0.3541666666666667,7307,21,0.4375
C4,fly5,-1.548359303726584,-0.004225026649993496,negative,negative,46,46,0.9130434782608695,8.375,7.0,4.375,0.32608695652173914,7307,27,0.5869565217391305
C5,fly1,-0.7518880678195029,0.0051552197512249355,negative,positive,40,40,0.725,7.875,7.375,3.5,0.475,7307,9,0.225
C5,fly2,-1.4341008465894998,0.0006923499198758093,negative,positive,48,48,0.8333333333333334,8.875,7.0,4.125,0.22916666666666666,7307,31,0.6458333333333334
C5,fly3,-0.8119392011686675,0.0167270367827882,negative,positive,46,46,0.717391304347826,10.0,7.0,2.375,0.5217391304347826,7307,14,0.30434782608695654
C5,fly4,-1.1223866386990837,-0.028006337492581575,negative,negative,48,48,0.7708333333333334,7.5,7.0,3.875,0.3541666666666667,7307,21,0.4375
C5,fly5,-1.4974277522317232,0.002403963329642135,negative,positive,46,46,0.9130434782608695,8.375,7.0,4.375,0.32608695652173914,7307,27,0.5869565217391305
C6,fly1,-0.7518880678195029,0.0051552197512249355,negative,positive,40,40,0.725,7.875,7.375,3.5,0.475,7307,9,0.225
C6,fly2,-1.4341008465894998,0.0006923499198758093,negative,positive,48,48,0.8333333333333334,8.875,7.0,4.125,0.22916666666666666,7307,31,0.6458333333333334
C6,fly3,-0.8119392011686675,0.0167270367827882,negative,positive,46,46,0.717391304347826,10.0,7.0,2.375,0.5217391304347826,7307,14,0.30434782608695654
C6,fly4,-1.1223866386990837,-0.028006337492581575,negative,negative,48,48,0.7708333333333334,7.5,7.0,3.875,0.3541666666666667,7307,21,0.4375
C6,fly5,-1.4974277522317232,0.002403963329642135,negative,positive,46,46,0.9130434782608695,8.375,7.0,4.375,0.32608695652173914,7307,27,0.5869565217391305
C7,fly1,-0.7518880678195029,0.0051552197512249355,negative,positive,40,40,0.725,7.875,7.375,3.5,0.475,7307,9,0.225
C7,fly2,-1.4341008465894998,0.0006923499198758093,negative,positive,48,48,0.8333333333333334,8.875,7.0,4.125,0.22916666666666666,7307,31,0.6458333333333334
C7,fly3,-0.8119392011686675,0.0167270367827882,negative,positive,46,46,0.717391304347826,10.0,7.0,2.375,0.5217391304347826,7307,14,0.30434782608695654
C7,fly4,-1.1223866386990837,-0.028006337492581575,negative,negative,48,48,0.7708333333333334,7.5,7.0,3.875,0.3541666666666667,7307,21,0.4375
C7,fly5,-1.4974277522317232,0.002403963329642135,negative,positive,46,46,0.9130434782608695,8.375,7.0,4.375,0.32608695652173914,7307,27,0.5869565217391305
S2_FIXED_0_9,fly1,-0.27715429385123747,0.02396787202272249,negative,positive,40,40,0.5,7.75,7.375,4.625,0.325,7307,13,0.325
S2_FIXED_0_9,fly2,-0.7552947364656659,0.01610571828852468,negative,positive,48,48,0.8541666666666666,8.625,7.0,4.25,0.2916666666666667,7307,34,0.7083333333333334
S2_FIXED_0_9,fly3,-0.4269992191474202,-0.000916380332708337,negative,negative,46,46,0.6956521739130435,8.875,7.125,3.0,0.45652173913043476,7307,14,0.30434782608695654
S2_FIXED_0_9,fly4,-0.7765872147135294,-0.017282670877299264,negative,negative,48,48,0.875,8.5,7.0,4.0,0.3125,7307,23,0.4791666666666667
S2_FIXED_0_9,fly5,-0.7057759306126123,0.03407463127864836,negative,positive,46,46,0.782608695652174,8.5,7.0,4.0,0.32608695652173914,7307,27,0.5869565217391305
CENTER_ENERGY,fly1,-0.35571442932252667,0.036570735045395195,negative,positive,40,40,0.5,7.039233150909836,7.008143872275321,6.906575893466373,0.0,7307,40,1.0
CENTER_ENERGY,fly2,-0.5774737012316699,0.011145945445632023,negative,positive,48,48,0.5,7.032659996097129,6.947274435973803,6.896109640816883,0.0,7307,48,1.0
CENTER_ENERGY,fly3,-0.10127273833172189,-0.015957583442696516,negative,negative,46,46,0.5652173913043478,6.9978898655506,7.01551422868715,6.909042099603747,0.0,7307,46,1.0
CENTER_ENERGY,fly4,-0.7115180855522609,0.00853914853303884,negative,positive,48,48,0.5,6.998535266744221,6.943340245596365,6.90117557843354,0.0,7307,48,1.0
CENTER_ENERGY,fly5,-0.6402472700374786,-0.027273574162855904,negative,negative,46,46,0.5652173913043478,7.024127427355533,7.030933148250458,6.878637380002145,0.0,7307,46,1.0
