variant,weighting,center,surround,negative_center_flies,positive_surround_flies,global_peak_lag,n_flies
C0,fly_equal,-0.0027094693803296436,-0.00011355054425314691,5,2,historical_4x10,5
C1,fly_equal,-0.3919047119019855,0.004142792962981354,5,3,1,5
C2,fly_equal,-0.2240003578996675,0.0008965530145551727,5,3,1,5
C3,fly_equal,-1.1854760604315875,-0.008553487981501585,5,2,1,5
C4,fly_equal,-1.1449282087182777,-0.004842553053677646,5,2,1,5
C5,fly_equal,-1.1235485013016957,-0.0006055535418101,5,4,1,5
C6,roi_equal,-1.1393307940614734,-0.002126108906594155,5,4,1,5
C7,fly_equal,-1.1235485013016957,-0.0006055535418101,5,4,1,5
S2_FIXED_0_9,fly_equal,-0.5883622789580931,0.011189834075977588,5,3,1,5
CENTER_ENERGY,fly_equal,-0.47724524489513154,0.0026049342837027286,5,3,1,5
