variant,unit,position_px,value
C0,population,-7,0.0001176509161717669
C0,population,-6,0.00011608527788747445
C0,population,-5,-5.175957073169087e-06
C0,population,-4,-4.360075753644943e-05
C0,population,-3,-4.121813077179285e-05
C0,population,-2,-8.684196437570995e-05
C0,population,-1,-0.00037957583420081595
C0,population,0,-0.0010862182000382216
C0,population,1,-0.0003795758342008158
C0,population,2,-8.684196437570995e-05
C0,population,3,-4.1218130771792826e-05
C0,population,4,-4.360075753644944e-05
C0,population,5,-5.175957073169134e-06
C0,population,6,0.00011608527788747444
C0,population,7,0.00011765091617176686
C0,fly1,-7,-0.00011312858684274433
C0,fly1,-6,5.2338359904685325e-05
C0,fly1,-5,-1.675305457866631e-05
C0,fly1,-4,3.543454208573385e-05
C0,fly1,-3,0.00020471582968895844
C0,fly1,-2,0.0002935233214744924
C0,fly1,-1,0.0001534362264817685
C0,fly1,0,-0.0005158318134880906
C0,fly1,1,0.0001534362264817685
C0,fly1,2,0.0002935233214744924
C0,fly1,3,0.00020471582968895841
C0,fly1,4,3.543454208573387e-05
C0,fly1,5,-1.675305457866633e-05
C0,fly1,6,5.2338359904685304e-05
C0,fly1,7,-0.00011312858684274429
C0,fly2,-7,0.0001460490675648661
C0,fly2,-6,4.1348409680493805e-05
C0,fly2,-5,-7.371355313211915e-05
C0,fly2,-4,-6.743006792260795e-05
C0,fly2,-3,-0.00015473143532031592
C0,fly2,-2,-0.00012101264941281477
C0,fly2,-1,-0.00038104592057228403
C0,fly2,0,-0.0012070503444333589
C0,fly2,1,-0.0003810459205722841
C0,fly2,2,-0.00012101264941281477
C0,fly2,3,-0.0001547314353203159
C0,fly2,4,-6.743006792260796e-05
C0,fly2,5,-7.371355313211916e-05
C0,fly2,6,4.134840968049368e-05
C0,fly2,7,0.00014604906756486615
C0,fly3,-7,7.26605176566409e-05
C0,fly3,-6,5.55744668481654e-05
C0,fly3,-5,-7.574487826856672e-06
C0,fly3,-4,1.993886657586676e-05
C0,fly3,-3,2.6006901993671087e-05
C0,fly3,-2,-3.7234288149464836e-05
C0,fly3,-1,-0.0002663164007631211
C0,fly3,0,-0.0006694284326128326
C0,fly3,1,-0.00026631640076312093
C0,fly3,2,-3.7234288149464755e-05
C0,fly3,3,2.6006901993671033e-05
C0,fly3,4,1.9938866575866713e-05
C0,fly3,5,-7.57448782685675e-06
C0,fly3,6,5.557446684816542e-05
C0,fly3,7,7.266051765664082e-05
C0,fly4,-7,0.0005551251208565197
C0,fly4,-6,0.00042440159717173305
C0,fly4,-5,8.186742398329614e-06
C0,fly4,-4,-0.0003012208481249725
C0,fly4,-3,-0.00038517524703819207
C0,fly4,-2,-0.0006568862791030831
C0,fly4,-1,-0.0010199592549403334
C0,fly4,0,-0.001707915371452532
C0,fly4,1,-0.0010199592549403331
C0,fly4,2,-0.000656886279103083
C0,fly4,3,-0.00038517524703819196
C0,fly4,4,-0.0003012208481249725
C0,fly4,5,8.186742398329411e-06
C0,fly4,6,0.00042440159717173305
C0,fly4,7,0.0005551251208565196
C0,fly5,-7,-7.245153837644788e-05
C0,fly5,-6,6.763555832294656e-06
C0,fly5,-5,6.397456777346711e-05
C0,fly5,-4,9.527371970373268e-05
C0,fly5,-3,0.00010309329681691424
C0,fly5,-2,8.740007331232043e-05
C0,fly5,-1,-0.00038399382121010963
C0,fly5,0,-0.001330865038204293
C0,fly5,1,-0.00038399382121010947
C0,fly5,2,8.740007331232036e-05
C0,fly5,3,0.00010309329681691429
C0,fly5,4,9.527371970373264e-05
C0,fly5,5,6.397456777346712e-05
C0,fly5,6,6.7635558322947e-06
C0,fly5,7,-7.245153837644792e-05
C1,population,-7,0.0339244973247529
C1,population,-6,0.03455794746891844
C1,population,-5,0.018952129772562807
C1,population,-4,0.013851425455373392
C1,population,-3,0.014116820414999818
C1,population,-2,0.007612693624942926
C1,population,-1,-0.03786342554622739
C1,population,0,-0.14299383370402352
C1,population,1,-0.037863425546227375
C1,population,2,0.007612693624942928
C1,population,3,0.014116820414999818
C1,population,4,0.013851425455373389
C1,population,5,0.0189521297725628
C1,population,6,0.03455794746891844
C1,population,7,0.033924497324752896
C1,fly1,-7,-0.022136640935386157
C1,fly1,-6,0.005727394321556144
C1,fly1,-5,-0.005277269592019348
C1,fly1,-4,-0.0005232140348348977
C1,fly1,-3,0.026878791823071464
C1,fly1,-2,0.0401863701833696
C1,fly1,-1,0.019207959209517098
C1,fly1,0,-0.0757485839587587
C1,fly1,1,0.0192079592095171
C1,fly1,2,0.040186370183369596
C1,fly1,3,0.02687879182307146
C1,fly1,4,-0.0005232140348348908
C1,fly1,5,-0.0052772695920193504
C1,fly1,6,0.005727394321556138
C1,fly1,7,-0.022136640935386143
C1,fly2,-7,0.04793229591241056
C1,fly2,-6,0.036353420541703686
C1,fly2,-5,0.021067775108360717
C1,fly2,-4,0.019878759827102264
C1,fly2,-3,0.002697129525757992
C1,fly2,-2,0.005265387789488077
C1,fly2,-1,-0.039004404772543605
C1,fly2,0,-0.16869337385135097
C1,fly2,1,-0.03900440477254359
C1,fly2,2,0.005265387789488077
C1,fly2,3,0.0026971295257579974
C1,fly2,4,0.01987875982710227
C1,fly2,5,0.02106777510836072
C1,fly2,6,0.03635342054170367
C1,fly2,7,0.04793229591241057
C1,fly3,-7,0.024641044208201388
C1,fly3,-6,0.01835927023305285
C1,fly3,-5,0.009869692927178942
C1,fly3,-4,0.015604791981216051
C1,fly3,-3,0.017477050899476033
C1,fly3,-2,0.007517802345651012
C1,fly3,-1,-0.03153523958679493
C1,fly3,0,-0.09326637497965154
C1,fly3,1,-0.031535239586794904
C1,fly3,2,0.007517802345651024
C1,fly3,3,0.017477050899476033
C1,fly3,4,0.015604791981216044
C1,fly3,5,0.009869692927178932
C1,fly3,6,0.01835927023305285
C1,fly3,7,0.024641044208201377
C1,fly4,-7,0.09993886850920757
C1,fly4,-6,0.08383880960320186
C1,fly4,-5,0.033201253785142014
C1,fly4,-4,-0.004643177475423319
C1,fly4,-3,-0.01682898164547002
C1,fly4,-2,-0.0519396700680451
C1,fly4,-1,-0.10046678413795102
C1,fly4,0,-0.19202460570747049
C1,fly4,1,-0.10046678413795102
C1,fly4,2,-0.05193967006804509
C1,fly4,3,-0.016828981645470004
C1,fly4,4,-0.004643177475423319
C1,fly4,5,0.033201253785141986
C1,fly4,6,0.08383880960320186
C1,fly4,7,0.09993886850920757
C1,fly5,-7,0.01924691892933114
C1,fly5,-6,0.028510842645077653
C1,fly5,-5,0.03589919663415172
C1,fly5,-4,0.038939966978806875
C1,fly5,-3,0.04036011147216362
C1,fly5,-2,0.037033577874251045
C1,fly5,-1,-0.037518658443364515
C1,fly5,0,-0.18523623002288594
C1,fly5,1,-0.03751865844336449
C1,fly5,2,0.03703357787425103
C1,fly5,3,0.040360111472163625
C1,fly5,4,0.03893996697880687
C1,fly5,5,0.03589919663415171
C1,fly5,6,0.028510842645077663
C1,fly5,7,0.01924691892933113
C2,population,-7,0.021274441147455934
C2,population,-6,0.021298353523501456
C2,population,-5,0.010790008624811954
C2,population,-4,0.0071007928466751925
C2,population,-3,0.007037921041950494
C2,population,-2,0.0027642942459086815
C2,population,-1,-0.022602678589576382
C2,population,0,-0.08314747958443297
C2,population,1,-0.022602678589576375
C2,population,2,0.0027642942459086823
C2,population,3,0.007037921041950497
C2,population,4,0.00710079284667519
C2,population,5,0.01079000862481195
C2,population,6,0.021298353523501456
C2,population,7,0.02127444114745593
C2,fly1,-7,-0.013036238201214379
C2,fly1,-6,0.0015733050321542076
C2,fly1,-5,-0.004650365119839084
C2,fly1,-4,-0.0006372028124308543
C2,fly1,-3,0.01375349970306291
C2,fly1,-2,0.02095816507220704
C2,fly1,-1,0.009228686020256192
C2,fly1,0,-0.04720394813097982
C2,fly1,1,0.009228686020256194
C2,fly1,2,0.02095816507220704
C2,fly1,3,0.013753499703062905
C2,fly1,4,-0.000637202812430851
C2,fly1,5,-0.004650365119839086
C2,fly1,6,0.0015733050321542058
C2,fly1,7,-0.013036238201214379
C2,fly2,-7,0.026014572698088784
C2,fly2,-6,0.01774067655246344
C2,fly2,-5,0.008310277571638354
C2,fly2,-4,0.008744774056458791
C2,fly2,-3,0.000987019029084598
C2,fly2,-2,0.0038147863294255967
C2,fly2,-1,-0.018699048273220175
C2,fly2,0,-0.08947805523923986
C2,fly2,1,-0.018699048273220175
C2,fly2,2,0.003814786329425596
C2,fly2,3,0.0009870190290846015
C2,fly2,4,0.008744774056458796
C2,fly2,5,0.008310277571638356
C2,fly2,6,0.01774067655246343
C2,fly2,7,0.026014572698088788
C2,fly3,-7,0.012945121863135957
C2,fly3,-6,0.011613902264509528
C2,fly3,-5,0.006269299849112491
C2,fly3,-4,0.008676841174653217
C2,fly3,-3,0.009063682426411191
C2,fly3,-2,0.003147420675540033
C2,fly3,-1,-0.017078290283287688
C2,fly3,0,-0.05215464888364476
C2,fly3,1,-0.017078290283287677
C2,fly3,2,0.003147420675540039
C2,fly3,3,0.00906368242641119
C2,fly3,4,0.008676841174653217
C2,fly3,5,0.006269299849112485
C2,fly3,6,0.01161390226450953
C2,fly3,7,0.012945121863135952
C2,fly4,-7,0.0714517030928667
C2,fly4,-6,0.060027000856905294
C2,fly4,-5,0.023801005646312514
C2,fly4,-4,-0.003587931203573593
C2,fly4,-3,-0.011138588142040894
C2,fly4,-2,-0.0347691062664438
C2,fly4,-1,-0.06622716430635985
C2,fly4,0,-0.12495177741262779
C2,fly4,1,-0.06622716430635982
C2,fly4,2,-0.03476910626644379
C2,fly4,3,-0.011138588142040884
C2,fly4,4,-0.003587931203573592
C2,fly4,5,0.02380100564631249
C2,fly4,6,0.060027000856905294
C2,fly4,7,0.0714517030928667
C2,fly5,-7,0.008997046284402616
C2,fly5,-6,0.015536882911474818
C2,fly5,-5,0.020219825176835498
C2,fly5,-4,0.022307483018268397
C2,fly5,-3,0.02252399219323467
C2,fly5,-2,0.020670205418814543
C2,fly5,-1,-0.020237576105270414
C2,fly5,0,-0.10194896825567261
C2,fly5,1,-0.020237576105270404
C2,fly5,2,0.020670205418814536
C2,fly5,3,0.02252399219323467
C2,fly5,4,0.02230748301826839
C2,fly5,5,0.020219825176835498
C2,fly5,6,0.015536882911474821
C2,fly5,7,0.008997046284402609
C3,population,-7,0.03699418156181568
C3,population,-6,0.024291680834771918
C3,population,-5,0.006895702526266708
C3,population,-4,-0.0008811119295174361
C3,population,-3,0.008147347593965413
C3,population,-2,0.000319955103943947
C3,population,-1,-0.14096783344411673
C3,population,0,-0.4391625092922778
C3,population,1,-0.14096783344411673
C3,population,2,0.0003199551039439531
C3,population,3,0.00814734759396541
C3,population,4,-0.0008811119295174363
C3,population,5,0.006895702526266707
C3,population,6,0.024291680834771914
C3,population,7,0.036994181561815664
C3,fly1,-7,-0.004345766118869267
C3,fly1,-6,0.006286890846381724
C3,fly1,-5,-0.002537910026149057
C3,fly1,-4,-0.00715394122679766
C3,fly1,-3,0.007204677290837018
C3,fly1,-2,0.025289567502356225
C3,fly1,-1,-0.06089733146673033
C3,fly1,0,-0.3002368044951248
C3,fly1,1,-0.060897331466730355
C3,fly1,2,0.02528956750235624
C3,fly1,3,0.00720467729083702
C3,fly1,4,-0.00715394122679768
C3,fly1,5,-0.0025379100261490577
C3,fly1,6,0.006286890846381735
C3,fly1,7,-0.004345766118869263
C3,fly2,-7,0.021556624918490985
C3,fly2,-6,-0.0012783348792156563
C3,fly2,-5,-0.015409740691645349
C3,fly2,-4,-0.008616864081802924
C3,fly2,-3,0.01313231872095588
C3,fly2,-2,0.0012819586456882127
C3,fly2,-1,-0.1692440099251915
C3,fly2,0,-0.5611632268188831
C3,fly2,1,-0.16924400992519154
C3,fly2,2,0.0012819586456882187
C3,fly2,3,0.01313231872095587
C3,fly2,4,-0.008616864081802924
C3,fly2,5,-0.015409740691645366
C3,fly2,6,-0.0012783348792156498
C3,fly2,7,0.021556624918490957
C3,fly3,-7,0.038086611868051214
C3,fly3,-6,0.0458883560076851
C3,fly3,-5,0.029210527168431113
C3,fly3,-4,0.009773441923340394
C3,fly3,-3,0.004503274873376894
C3,fly3,-2,-0.013532747742163825
C3,fly3,-1,-0.12722057218494467
C3,fly3,0,-0.30216963190618706
C3,fly3,1,-0.12722057218494465
C3,fly3,2,-0.013532747742163828
C3,fly3,3,0.0045032748733769045
C3,fly3,4,0.00977344192334041
C3,fly3,5,0.02921052716843112
C3,fly3,6,0.04588835600768509
C3,fly3,7,0.03808661186805123
C3,fly4,-7,0.09754189801155379
C3,fly4,-6,0.0490290992118559
C3,fly4,-5,0.01233071852728179
C3,fly4,-4,0.003445067544508138
C3,fly4,-3,-0.00907126692648598
C3,fly4,-2,-0.03982501798020017
C3,fly4,-1,-0.17910976192096215
C3,fly4,0,-0.49624913068160126
C3,fly4,1,-0.17910976192096215
C3,fly4,2,-0.03982501798020016
C3,fly4,3,-0.009071266926485971
C3,fly4,4,0.0034450675445081413
C3,fly4,5,0.012330718527281776
C3,fly4,6,0.04902909921185591
C3,fly4,7,0.09754189801155376
C3,fly5,-7,0.03213153912985168
C3,fly5,-6,0.021532392987152506
C3,fly5,-5,0.010884917653415049
C3,fly5,-4,-0.0018532638068351238
C3,fly5,-3,0.02496773401114324
C3,fly5,-2,0.028386015094039298
C3,fly5,-1,-0.16836749172275506
C3,fly5,0,-0.5359937525595929
C3,fly5,1,-0.16836749172275503
C3,fly5,2,0.028386015094039277
C3,fly5,3,0.02496773401114324
C3,fly5,4,-0.0018532638068351256
C3,fly5,5,0.010884917653415057
C3,fly5,6,0.0215323929871525
C3,fly5,7,0.032131539129851644
C4,population,-7,0.04267868469763335
C4,population,-6,0.024617780160306982
C4,population,-5,0.012765946425470194
C4,population,-4,0.0035901401588446366
C4,population,-3,0.009310186253209661
C4,population,-2,0.0037115951683951535
C4,population,-1,-0.1339572238582336
C4,population,0,-0.41840070295518733
C4,population,1,-0.1339572238582336
C4,population,2,0.0037115951683951566
C4,population,3,0.009310186253209661
C4,population,4,0.003590140158844635
C4,population,5,0.012765946425470189
C4,population,6,0.02461778016030698
C4,population,7,0.04267868469763334
C4,fly1,-7,0.00013809221042292329
C4,fly1,-6,-0.0025686819446046278
C4,fly1,-5,0.0064735572431519435
C4,fly1,-4,-0.0003553667072485108
C4,fly1,-3,0.009162228157509614
C4,fly1,-2,0.03155995337997427
C4,fly1,-1,-0.058287015681364164
C4,fly1,0,-0.297073542170272
C4,fly1,1,-0.05828701568136418
C4,fly1,2,0.03155995337997428
C4,fly1,3,0.009162228157509633
C4,fly1,4,-0.00035536670724853857
C4,fly1,5,0.006473557243151931
C4,fly1,6,-0.0025686819446046243
C4,fly1,7,0.0001380922104229337
C4,fly2,-7,0.06348067184091764
C4,fly2,-6,0.022429750029121242
C4,fly2,-5,0.0012862134665247026
C4,fly2,-4,0.0037151939969751616
C4,fly2,-3,0.01812815611497006
C4,fly2,-2,0.002487782416632189
C4,fly2,-1,-0.17178403974174908
C4,fly2,0,-0.5379254479437453
C4,fly2,1,-0.1717840397417491
C4,fly2,2,0.0024877824166321945
C4,fly2,3,0.018128156114970054
C4,fly2,4,0.0037151939969751672
C4,fly2,5,0.001286213466524698
C4,fly2,6,0.02242975002912124
C4,fly2,7,0.06348067184091763
C4,fly3,-7,0.013808166549883703
C4,fly3,-6,0.029654373174025195
C4,fly3,-5,0.03277280068685447
C4,fly3,-4,0.016631407459499696
C4,fly3,-3,0.00910722707522513
C4,fly3,-2,-0.007822537852501364
C4,fly3,-1,-0.10991847970020548
C4,fly3,0,-0.28262779725646253
C4,fly3,1,-0.10991847970020546
C4,fly3,2,-0.007822537852501355
C4,fly3,3,0.009107227075225122
C4,fly3,4,0.016631407459499713
C4,fly3,5,0.03277280068685448
C4,fly3,6,0.029654373174025177
C4,fly3,7,0.013808166549883706
C4,fly4,-7,0.09723083969309762
C4,fly4,-6,0.0548461720115433
C4,fly4,-5,0.016290535165444296
C4,fly4,-4,0.0013561163176974648
C4,fly4,-3,-0.010667776604051162
C4,fly4,-2,-0.038211547924827505
C4,fly4,-1,-0.15859560805825199
C4,fly4,0,-0.450943724879127
C4,fly4,1,-0.15859560805825199
C4,fly4,2,-0.0382115479248275
C4,fly4,3,-0.01066777660405116
C4,fly4,4,0.0013561163176974626
C4,fly4,5,0.016290535165444275
C4,fly4,6,0.05484617201154331
C4,fly4,7,0.09723083969309756
C4,fly5,-7,0.03873565319384488
C4,fly5,-6,0.018727287531449796
C4,fly5,-5,0.007006625565375568
C4,fly5,-4,-0.0033966502727006253
C4,fly5,-3,0.020821096522394656
C4,fly5,-2,0.03054432582269818
C4,fly5,-1,-0.1712009761095974
C4,fly5,0,-0.5234330025263301
C4,fly5,1,-0.17120097610959734
C4,fly5,2,0.03054432582269817
C4,fly5,3,0.02082109652239466
C4,fly5,4,-0.0033966502727006244
C4,fly5,5,0.007006625565375569
C4,fly5,6,0.018727287531449786
C4,fly5,7,0.03873565319384487
C5,population,-7,0.04418374393458741
C5,population,-6,0.029788269879904204
C5,population,-5,0.01559538436179952
C5,population,-4,0.007631573367615393
C5,population,-3,0.011596832208166905
C5,population,-2,0.003099375382752623
C5,population,-1,-0.13759528339574287
C5,population,0,-0.3931410330548884
C5,population,1,-0.13759528339574287
C5,population,2,0.0030993753827526296
C5,population,3,0.011596832208166909
C5,population,4,0.00763157336761539
C5,population,5,0.015595384361799516
C5,population,6,0.029788269879904208
C5,population,7,0.04418374393458741
C5,fly1,-7,0.002331677269835811
C5,fly1,-6,0.004911550964018721
C5,fly1,-5,0.006356763669469557
C5,fly1,-4,-0.0013563591235690553
C5,fly1,-3,0.01257660827704181
C5,fly1,-2,0.03565624700150968
C5,fly1,-1,-0.060197812274375685
C5,fly1,0,-0.2768415843158074
C5,fly1,1,-0.060197812274375706
C5,fly1,2,0.0356562470015097
C5,fly1,3,0.012576608277041821
C5,fly1,4,-0.0013563591235690796
C5,fly1,5,0.006356763669469547
C5,fly1,6,0.004911550964018732
C5,fly1,7,0.002331677269835804
C5,fly2,-7,0.06590137358453377
C5,fly2,-6,0.028085010513892308
C5,fly2,-5,0.0003365996959694023
C5,fly2,-4,0.00907368734190582
C5,fly2,-3,0.021765066725185165
C5,fly2,-2,-0.0010675757884476872
C5,fly2,-1,-0.17732816625143724
C5,fly2,0,-0.505060001403195
C5,fly2,1,-0.17732816625143727
C5,fly2,2,-0.001067575788447685
C5,fly2,3,0.021765066725185165
C5,fly2,4,0.00907368734190581
C5,fly2,5,0.0003365996959693954
C5,fly2,6,0.02808501051389231
C5,fly2,7,0.06590137358453377
C5,fly3,-7,0.022595266243006142
C5,fly3,-6,0.04235847226082104
C5,fly3,-5,0.0396128489253459
C5,fly3,-4,0.019169648435924322
C5,fly3,-3,0.011334552942492308
C5,fly3,-2,-0.003302352106622242
C5,fly3,-1,-0.10712033023761582
C5,fly3,0,-0.2636807276596827
C5,fly3,1,-0.10712033023761582
C5,fly3,2,-0.0033023521066222316
C5,fly3,3,0.011334552942492299
C5,fly3,4,0.019169648435924336
C5,fly3,5,0.03961284892534591
C5,fly3,6,0.042358472260821026
C5,fly3,7,0.02259526624300615
C5,fly4,-7,0.09446970959612651
C5,fly4,-6,0.053946143532435965
C5,fly4,-5,0.024579978009908663
C5,fly4,-4,0.00954125851410365
C5,fly4,-3,-0.008155003653899604
C5,fly4,-2,-0.037368661082834605
C5,fly4,-1,-0.1653509621592598
C5,fly4,0,-0.42321331132247186
C5,fly4,1,-0.16535096215925976
C5,fly4,2,-0.037368661082834605
C5,fly4,3,-0.008155003653899602
C5,fly4,4,0.009541258514103656
C5,fly4,5,0.024579978009908653
C5,fly4,6,0.05394614353243595
C5,fly4,7,0.09446970959612651
C5,fly5,-7,0.03562069297943485
C5,fly5,-6,0.019640172128353013
C5,fly5,-5,0.0070907315083040745
C5,fly5,-4,0.0017296316697122272
C5,fly5,-3,0.020462936750014843
C5,fly5,-2,0.021579218890157972
C5,fly5,-1,-0.17797914605602572
C5,fly5,0,-0.4969095405732849
C5,fly5,1,-0.17797914605602572
C5,fly5,2,0.021579218890157965
C5,fly5,3,0.02046293675001485
C5,fly5,4,0.0017296316697122272
C5,fly5,5,0.007090731508304087
C5,fly5,6,0.019640172128353013
C5,fly5,7,0.03562069297943485
C6,population,-7,0.04771989668656428
C6,population,-6,0.030325603307074532
C6,population,-5,0.014664781726937857
C6,population,-4,0.007061784157807689
C6,population,-3,0.01139468764939354
C6,population,-2,0.001446641253690666
C6,population,-1,-0.14114244448752897
C6,population,0,-0.39830769477698286
C6,population,1,-0.14114244448752897
C6,population,2,0.0014466412536906685
C6,population,3,0.011394687649393545
C6,population,4,0.0070617841578076886
C6,population,5,0.014664781726937854
C6,population,6,0.03032560330707454
C6,population,7,0.04771989668656427
C6,fly1,-7,0.002331677269835811
C6,fly1,-6,0.004911550964018721
C6,fly1,-5,0.006356763669469557
C6,fly1,-4,-0.0013563591235690553
C6,fly1,-3,0.01257660827704181
C6,fly1,-2,0.03565624700150968
C6,fly1,-1,-0.060197812274375685
C6,fly1,0,-0.2768415843158074
C6,fly1,1,-0.060197812274375706
C6,fly1,2,0.0356562470015097
C6,fly1,3,0.012576608277041821
C6,fly1,4,-0.0013563591235690796
C6,fly1,5,0.006356763669469547
C6,fly1,6,0.004911550964018732
C6,fly1,7,0.002331677269835804
C6,fly2,-7,0.06590137358453377
C6,fly2,-6,0.028085010513892308
C6,fly2,-5,0.0003365996959694023
C6,fly2,-4,0.00907368734190582
C6,fly2,-3,0.021765066725185165
C6,fly2,-2,-0.0010675757884476872
C6,fly2,-1,-0.17732816625143724
C6,fly2,0,-0.505060001403195
C6,fly2,1,-0.17732816625143727
C6,fly2,2,-0.001067575788447685
C6,fly2,3,0.021765066725185165
C6,fly2,4,0.00907368734190581
C6,fly2,5,0.0003365996959693954
C6,fly2,6,0.02808501051389231
C6,fly2,7,0.06590137358453377
C6,fly3,-7,0.022595266243006142
C6,fly3,-6,0.04235847226082104
C6,fly3,-5,0.0396128489253459
C6,fly3,-4,0.019169648435924322
C6,fly3,-3,0.011334552942492308
C6,fly3,-2,-0.003302352106622242
C6,fly3,-1,-0.10712033023761582
C6,fly3,0,-0.2636807276596827
C6,fly3,1,-0.10712033023761582
C6,fly3,2,-0.0033023521066222316
C6,fly3,3,0.011334552942492299
C6,fly3,4,0.019169648435924336
C6,fly3,5,0.03961284892534591
C6,fly3,6,0.042358472260821026
C6,fly3,7,0.02259526624300615
C6,fly4,-7,0.09446970959612651
C6,fly4,-6,0.053946143532435965
C6,fly4,-5,0.024579978009908663
C6,fly4,-4,0.00954125851410365
C6,fly4,-3,-0.008155003653899604
C6,fly4,-2,-0.037368661082834605
C6,fly4,-1,-0.1653509621592598
C6,fly4,0,-0.42321331132247186
C6,fly4,1,-0.16535096215925976
C6,fly4,2,-0.037368661082834605
C6,fly4,3,-0.008155003653899602
C6,fly4,4,0.009541258514103656
C6,fly4,5,0.024579978009908653
C6,fly4,6,0.05394614353243595
C6,fly4,7,0.09446970959612651
C6,fly5,-7,0.03562069297943485
C6,fly5,-6,0.019640172128353013
C6,fly5,-5,0.0070907315083040745
C6,fly5,-4,0.0017296316697122272
C6,fly5,-3,0.020462936750014843
C6,fly5,-2,0.021579218890157972
C6,fly5,-1,-0.17797914605602572
C6,fly5,0,-0.4969095405732849
C6,fly5,1,-0.17797914605602572
C6,fly5,2,0.021579218890157965
C6,fly5,3,0.02046293675001485
C6,fly5,4,0.0017296316697122272
C6,fly5,5,0.007090731508304087
C6,fly5,6,0.019640172128353013
C6,fly5,7,0.03562069297943485
C7,population,-7,0.04418374393458741
C7,population,-6,0.029788269879904204
C7,population,-5,0.01559538436179952
C7,population,-4,0.007631573367615393
C7,population,-3,0.011596832208166905
C7,population,-2,0.003099375382752623
C7,population,-1,-0.13759528339574287
C7,population,0,-0.3931410330548884
C7,population,1,-0.13759528339574287
C7,population,2,0.0030993753827526296
C7,population,3,0.011596832208166909
C7,population,4,0.00763157336761539
C7,population,5,0.015595384361799516
C7,population,6,0.029788269879904208
C7,population,7,0.04418374393458741
C7,fly1,-7,0.002331677269835811
C7,fly1,-6,0.004911550964018721
C7,fly1,-5,0.006356763669469557
C7,fly1,-4,-0.0013563591235690553
C7,fly1,-3,0.01257660827704181
C7,fly1,-2,0.03565624700150968
C7,fly1,-1,-0.060197812274375685
C7,fly1,0,-0.2768415843158074
C7,fly1,1,-0.060197812274375706
C7,fly1,2,0.0356562470015097
C7,fly1,3,0.012576608277041821
C7,fly1,4,-0.0013563591235690796
C7,fly1,5,0.006356763669469547
C7,fly1,6,0.004911550964018732
C7,fly1,7,0.002331677269835804
C7,fly2,-7,0.06590137358453377
C7,fly2,-6,0.028085010513892308
C7,fly2,-5,0.0003365996959694023
C7,fly2,-4,0.00907368734190582
C7,fly2,-3,0.021765066725185165
C7,fly2,-2,-0.0010675757884476872
C7,fly2,-1,-0.17732816625143724
C7,fly2,0,-0.505060001403195
C7,fly2,1,-0.17732816625143727
C7,fly2,2,-0.001067575788447685
C7,fly2,3,0.021765066725185165
C7,fly2,4,0.00907368734190581
C7,fly2,5,0.0003365996959693954
C7,fly2,6,0.02808501051389231
C7,fly2,7,0.06590137358453377
C7,fly3,-7,0.022595266243006142
C7,fly3,-6,0.04235847226082104
C7,fly3,-5,0.0396128489253459
C7,fly3,-4,0.019169648435924322
C7,fly3,-3,0.011334552942492308
C7,fly3,-2,-0.003302352106622242
C7,fly3,-1,-0.10712033023761582
C7,fly3,0,-0.2636807276596827
C7,fly3,1,-0.10712033023761582
C7,fly3,2,-0.0033023521066222316
C7,fly3,3,0.011334552942492299
C7,fly3,4,0.019169648435924336
C7,fly3,5,0.03961284892534591
C7,fly3,6,0.042358472260821026
C7,fly3,7,0.02259526624300615
C7,fly4,-7,0.09446970959612651
C7,fly4,-6,0.053946143532435965
C7,fly4,-5,0.024579978009908663
C7,fly4,-4,0.00954125851410365
C7,fly4,-3,-0.008155003653899604
C7,fly4,-2,-0.037368661082834605
C7,fly4,-1,-0.1653509621592598
C7,fly4,0,-0.42321331132247186
C7,fly4,1,-0.16535096215925976
C7,fly4,2,-0.037368661082834605
C7,fly4,3,-0.008155003653899602
C7,fly4,4,0.009541258514103656
C7,fly4,5,0.024579978009908653
C7,fly4,6,0.05394614353243595
C7,fly4,7,0.09446970959612651
C7,fly5,-7,0.03562069297943485
C7,fly5,-6,0.019640172128353013
C7,fly5,-5,0.0070907315083040745
C7,fly5,-4,0.0017296316697122272
C7,fly5,-3,0.020462936750014843
C7,fly5,-2,0.021579218890157972
C7,fly5,-1,-0.17797914605602572
C7,fly5,0,-0.4969095405732849
C7,fly5,1,-0.17797914605602572
C7,fly5,2,0.021579218890157965
C7,fly5,3,0.02046293675001485
C7,fly5,4,0.0017296316697122272
C7,fly5,5,0.007090731508304087
C7,fly5,6,0.019640172128353013
C7,fly5,7,0.03562069297943485
