variant,unit,radius_low_px,radius_high_px,value,valid_pixels
C0,population,0.0,1.0,-0.010613361665497052,1
C0,population,1.0,2.0,-0.0017214828446837174,8
C0,population,2.0,3.0,-0.00022418275395231536,16
C0,population,3.0,4.0,6.077421453728222e-05,20
C0,population,4.0,5.0,-0.00016540828052578885,24
C0,population,5.0,6.0,-0.00015039134440929418,40
C0,population,6.0,7.0,0.00017607909069532331,36
C0,population,7.0,8.0,0.00015488752091182196,48
C0,population,8.0,9.0,2.4714175283824877e-05,20
C0,population,9.0,10.0,1.2161445923616923e-05,12
C0,population,10.0,11.0,nan,0
C0,fly1,0.0,1.0,-0.009105121599350242,1
C0,fly1,1.0,2.0,-0.0002714012377607594,8
C0,fly1,2.0,3.0,0.000685986717482956,16
C0,fly1,3.0,4.0,0.0006557375397674514,20
C0,fly1,4.0,5.0,7.451478985751663e-05,24
C0,fly1,5.0,6.0,-9.76528463400755e-05,40
C0,fly1,6.0,7.0,0.00022456458269443867,36
C0,fly1,7.0,8.0,-1.6201776805241455e-05,48
C0,fly1,8.0,9.0,-0.0003947181006119362,20
C0,fly1,9.0,10.0,0.00019617829004856422,12
C0,fly1,10.0,11.0,nan,0
C0,fly2,0.0,1.0,-0.012178448414573495,1
C0,fly2,1.0,2.0,-0.0015053868841222013,8
C0,fly2,2.0,3.0,-0.00010675197595755927,16
C0,fly2,3.0,4.0,-0.00023200026140151597,20
C0,fly2,4.0,5.0,-0.0001199018098173005,24
C0,fly2,5.0,6.0,-0.0002391660417300526,40
C0,fly2,6.0,7.0,3.5424490869736106e-05,36
C0,fly2,7.0,8.0,0.00021706907023856883,48
C0,fly2,8.0,9.0,0.00015986107591470678,20
C0,fly2,9.0,10.0,-9.685261885148092e-05,12
C0,fly2,10.0,11.0,nan,0
C0,fly3,0.0,1.0,-0.006168408499473551,1
C0,fly3,1.0,2.0,-0.0012837231765165085,8
C0,fly3,2.0,3.0,-0.00018198253828580023,16
C0,fly3,3.0,4.0,7.826409310817984e-05,20
C0,fly3,4.0,5.0,5.0144568942079876e-05,24
C0,fly3,5.0,6.0,-0.0001815112392198767,40
C0,fly3,6.0,7.0,0.0002237250630186885,36
C0,fly3,7.0,8.0,4.7203379854138576e-05,48
C0,fly3,8.0,9.0,0.00011048437709237106,20
C0,fly3,9.0,10.0,8.869144126009947e-05,12
C0,fly3,10.0,11.0,nan,0
C0,fly4,0.0,1.0,-0.011570892917674769,1
C0,fly4,1.0,2.0,-0.0029993649661289147,8
C0,fly4,2.0,3.0,-0.0017076076043434437,16
C0,fly4,3.0,4.0,-0.0005775594664397181,20
C0,fly4,4.0,5.0,-0.0008462124262587715,24
C0,fly4,5.0,6.0,-0.0003284441060579171,40
C0,fly4,6.0,7.0,0.000322111526770537,36
C0,fly4,7.0,8.0,0.0005642188079066992,48
C0,fly4,8.0,9.0,0.00023052953114448437,20
C0,fly4,9.0,10.0,-0.0001987504338042213,12
C0,fly4,10.0,11.0,nan,0
C0,fly5,0.0,1.0,-0.014043936896413194,1
C0,fly5,1.0,2.0,-0.0025475379588902024,8
C0,fly5,2.0,3.0,0.00018944163134227015,16
C0,fly5,3.0,4.0,0.00037942916765201383,20
C0,fly5,4.0,5.0,1.4413474647531298e-05,24
C0,fly5,5.0,6.0,9.481751130145095e-05,40
C0,fly5,6.0,7.0,7.456979012321632e-05,36
C0,fly5,7.0,8.0,-3.785187663505539e-05,48
C0,fly5,8.0,9.0,1.7413992879498573e-05,20
C0,fly5,9.0,10.0,7.154055096512313e-05,12
C0,fly5,10.0,11.0,nan,0
C1,population,0.0,1.0,-1.5581221689189366,1
C1,population,1.0,2.0,-0.24612752977486668,8
C1,population,2.0,3.0,-0.009960149281809473,16
C1,population,3.0,4.0,0.030207468930493357,20
C1,population,4.0,5.0,-0.005015769185455476,24
C1,population,5.0,6.0,-0.0005504482977350455,40
C1,population,6.0,7.0,0.044955405377210905,36
C1,population,7.0,8.0,0.038978199241635196,48
C1,population,8.0,9.0,0.021256772835866647,20
C1,population,9.0,10.0,0.009286043307301947,12
C1,population,10.0,11.0,nan,0
C1,fly1,0.0,1.0,-1.2866938751190902,1
C1,fly1,1.0,2.0,-0.046219727458732256,8
C1,fly1,2.0,3.0,0.0994557580805983,16
C1,fly1,3.0,4.0,0.10064497877765385,20
C1,fly1,4.0,5.0,-0.004241951517964669,24
C1,fly1,5.0,6.0,-0.014061748749572816,40
C1,fly1,6.0,7.0,0.032258409126483686,36
C1,fly1,7.0,8.0,-0.008611220656249531,48
C1,fly1,8.0,9.0,-0.07758177211431436,20
C1,fly1,9.0,10.0,0.006566719300855353,12
C1,fly1,10.0,11.0,nan,0
C1,fly2,0.0,1.0,-1.9004154259649415,1
C1,fly2,1.0,2.0,-0.23725506275564479,8
C1,fly2,2.0,3.0,-0.0035182434090596845,16
C1,fly2,3.0,4.0,-0.016409721762647794,20
C1,fly2,4.0,5.0,0.00793791403989745,24
C1,fly2,5.0,6.0,-0.0016695844625218199,40
C1,fly2,6.0,7.0,0.0379683252682944,36
C1,fly2,7.0,8.0,0.060940411748435654,48
C1,fly2,8.0,9.0,0.04867196201529854,20
C1,fly2,9.0,10.0,-0.010689968977614673,12
C1,fly2,10.0,11.0,nan,0
C1,fly3,0.0,1.0,-0.9360709089947783,1
C1,fly3,1.0,2.0,-0.20110125831006082,8
C1,fly3,2.0,3.0,-0.01149523396175942,16
C1,fly3,3.0,4.0,0.028737883095623522,20
C1,fly3,4.0,5.0,0.017682561608695243,24
C1,fly3,5.0,6.0,-0.01658327757503972,40
C1,fly3,6.0,7.0,0.042065287219146284,36
C1,fly3,7.0,8.0,0.022685971765992425,48
C1,fly3,8.0,9.0,0.03477373900795297,20
C1,fly3,9.0,10.0,0.002863450247494806,12
C1,fly3,10.0,11.0,nan,0
C1,fly4,0.0,1.0,-1.4968865265448887,1
C1,fly4,1.0,2.0,-0.3649633515327975,8
C1,fly4,2.0,3.0,-0.1856220949799506,16
C1,fly4,3.0,4.0,-0.04330179723743768,20
C1,fly4,4.0,5.0,-0.071369272020488,24
C1,fly4,5.0,6.0,-0.009061004418240823,40
C1,fly4,6.0,7.0,0.07372799664191015,36
C1,fly4,7.0,8.0,0.09981771869764393,48
C1,fly4,8.0,9.0,0.06356673116800346,20
C1,fly4,9.0,10.0,0.002204100005747995,12
C1,fly4,10.0,11.0,nan,0
C1,fly5,0.0,1.0,-2.170544107970984,1
C1,fly5,1.0,2.0,-0.381098248817098,8
C1,fly5,2.0,3.0,0.05137906786112405,16
C1,fly5,3.0,4.0,0.08136600177927487,20
C1,fly5,4.0,5.0,0.02491190196258265,24
C1,fly5,5.0,6.0,0.03862337371669997,40
C1,fly5,6.0,7.0,0.03875700863022003,36
C1,fly5,7.0,8.0,0.02005811465235354,48
C1,fly5,8.0,9.0,0.036853204102392616,20
C1,fly5,9.0,10.0,0.04548591596002627,12
C1,fly5,10.0,11.0,nan,0
C2,population,0.0,1.0,-0.9003253767433901,1
C2,population,1.0,2.0,-0.13945973054420216,8
C2,population,2.0,3.0,-0.010346642337968733,16
C2,population,3.0,4.0,0.015273633614693744,20
C2,population,4.0,5.0,-0.004212403824948675,24
C2,population,5.0,6.0,-0.0015564698903066131,40
C2,population,6.0,7.0,0.026567303605328416,36
C2,population,7.0,8.0,0.024174911861150367,48
C2,population,8.0,9.0,0.013006093053377177,20
C2,population,9.0,10.0,0.010892645368697019,12
C2,population,10.0,11.0,nan,0
C2,fly1,0.0,1.0,-0.7718013669364154,1
C2,fly1,1.0,2.0,-0.026632502646052315,8
C2,fly1,2.0,3.0,0.05318392782153181,16
C2,fly1,3.0,4.0,0.052242822273508384,20
C2,fly1,4.0,5.0,0.0015829895007658374,24
C2,fly1,5.0,6.0,-0.011438010724797668,40
C2,fly1,6.0,7.0,0.01645312881705131,36
C2,fly1,7.0,8.0,-0.004897441213164851,48
C2,fly1,8.0,9.0,-0.038226690170800236,20
C2,fly1,9.0,10.0,0.012730106271372332,12
C2,fly1,10.0,11.0,nan,0
C2,fly2,0.0,1.0,-1.0297528160153888,1
C2,fly2,1.0,2.0,-0.11649121647972242,8
C2,fly2,2.0,3.0,0.004542899130262453,16
C2,fly2,3.0,4.0,-0.006118782216988666,20
C2,fly2,4.0,5.0,0.0039882216303343135,24
C2,fly2,5.0,6.0,-0.005364145764691933,40
C2,fly2,6.0,7.0,0.017729940498823576,36
C2,fly2,7.0,8.0,0.03216724605990894,48
C2,fly2,8.0,9.0,0.02681710154659046,20
C2,fly2,9.0,10.0,0.0023285746177166716,12
C2,fly2,10.0,11.0,nan,0
C2,fly3,0.0,1.0,-0.5310195677954218,1
C2,fly3,1.0,2.0,-0.1072130351076902,8
C2,fly3,2.0,3.0,-0.010788283543952547,16
C2,fly3,3.0,4.0,0.01362996163930893,20
C2,fly3,4.0,5.0,0.011158463222835209,24
C2,fly3,5.0,6.0,-0.00849381700503063,40
C2,fly3,6.0,7.0,0.026248431527588576,36
C2,fly3,7.0,8.0,0.010418781778117973,48
C2,fly3,8.0,9.0,0.01603171404907914,20
C2,fly3,9.0,10.0,0.01245836413059871,12
C2,fly3,10.0,11.0,nan,0
C2,fly4,0.0,1.0,-0.9689229233190417,1
C2,fly4,1.0,2.0,-0.23826166867716175,8
C2,fly4,2.0,3.0,-0.12628733192297667,16
C2,fly4,3.0,4.0,-0.02888950843091025,20
C2,fly4,4.0,5.0,-0.051755380755682395,24
C2,fly4,5.0,6.0,-0.005378024616506808,40
C2,fly4,6.0,7.0,0.050904494799745986,36
C2,fly4,7.0,8.0,0.07230630576266364,48
C2,fly4,8.0,9.0,0.04327465918866518,20
C2,fly4,9.0,10.0,0.004797981700748295,12
C2,fly4,10.0,11.0,nan,0
C2,fly5,0.0,1.0,-1.2001302096506823,1
C2,fly5,1.0,2.0,-0.20870022981038416,8
C2,fly5,2.0,3.0,0.0276155768252913,16
C2,fly5,3.0,4.0,0.045503674808550325,20
C2,fly5,4.0,5.0,0.01396368727700366,24
C2,fly5,5.0,6.0,0.022891648659493974,40
C2,fly5,6.0,7.0,0.021500522383432627,36
C2,fly5,7.0,8.0,0.01087966691822615,48
C2,fly5,8.0,9.0,0.017133680653351344,20
C2,fly5,9.0,10.0,0.022148200123049095,12
C2,fly5,10.0,11.0,nan,0
C3,population,0.0,1.0,-4.40390769025952,1
C3,population,1.0,2.0,-0.783172106703096,8
C3,population,2.0,3.0,0.01743841513857141,16
C3,population,3.0,4.0,0.0215414683929166,20
C3,population,4.0,5.0,-0.020817471094953525,24
C3,population,5.0,6.0,-0.008415545422149279,40
C3,population,6.0,7.0,0.02118509622116196,36
C3,population,7.0,8.0,0.033256428709404894,48
C3,population,8.0,9.0,0.04204140612857242,20
C3,population,9.0,10.0,0.04312328905448881,12
C3,population,10.0,11.0,nan,0
C3,fly1,0.0,1.0,-3.3976052448153498,1
C3,fly1,1.0,2.0,-0.41189707259407926,8
C3,fly1,2.0,3.0,0.1135975434055557,16
C3,fly1,3.0,4.0,0.01004866840719525,20
C3,fly1,4.0,5.0,-0.016261521154679128,24
C3,fly1,5.0,6.0,-0.01159161479629445,40
C3,fly1,6.0,7.0,0.02285104160097959,36
C3,fly1,7.0,8.0,-0.019905462041168484,48
C3,fly1,8.0,9.0,0.06501235726319672,20
C3,fly1,9.0,10.0,0.010276492453983812,12
C3,fly1,10.0,11.0,nan,0
C3,fly2,0.0,1.0,-5.793094972148538,1
C3,fly2,1.0,2.0,-0.9316466977251983,8
C3,fly2,2.0,3.0,0.024802547189006867,16
C3,fly2,3.0,4.0,0.08709111318013257,20
C3,fly2,4.0,5.0,-0.007701447241654539,24
C3,fly2,5.0,6.0,-0.02256125212246299,40
C3,fly2,6.0,7.0,-0.043100056177108645,36
C3,fly2,7.0,8.0,0.04191540651991333,48
C3,fly2,8.0,9.0,0.04578493381268935,20
C3,fly2,9.0,10.0,0.06583494010514773,12
C3,fly2,10.0,11.0,nan,0
C3,fly3,0.0,1.0,-2.7162020661584707,1
C3,fly3,1.0,2.0,-0.6903776393940276,8
C3,fly3,2.0,3.0,-0.03414085587894242,16
C3,fly3,3.0,4.0,-0.04581237659395224,20
C3,fly3,4.0,5.0,-0.0006144622072406328,24
C3,fly3,5.0,6.0,0.03035560719573995,40
C3,fly3,6.0,7.0,0.039044342327520715,36
C3,fly3,7.0,8.0,0.027068035278561803,48
C3,fly3,8.0,9.0,0.051400051157755554,20
C3,fly3,9.0,10.0,0.037739372102786856,12
C3,fly3,10.0,11.0,nan,0
C3,fly4,0.0,1.0,-4.7747800179834785,1
C3,fly4,1.0,2.0,-0.8225375436721298,8
C3,fly4,2.0,3.0,-0.10813318912972548,16
C3,fly4,3.0,4.0,-0.04157035299144198,20
C3,fly4,4.0,5.0,-0.021386636080257843,24
C3,fly4,5.0,6.0,-0.03754478654217167,40
C3,fly4,6.0,7.0,0.047203261134657795,36
C3,fly4,7.0,8.0,0.10061567998355518,48
C3,fly4,8.0,9.0,0.023003489945084006,20
C3,fly4,9.0,10.0,0.08584646792719615,12
C3,fly4,10.0,11.0,nan,0
C3,fly5,0.0,1.0,-5.337856150191763,1
C3,fly5,1.0,2.0,-1.0594015801300452,8
C3,fly5,2.0,3.0,0.0910660301069624,16
C3,fly5,3.0,4.0,0.09795028996264943,20
C3,fly5,4.0,5.0,-0.05812328879093548,24
C3,fly5,5.0,6.0,-0.0007356808455572488,40
C3,fly5,6.0,7.0,0.03992689221976039,36
C3,fly5,7.0,8.0,0.01658848380616262,48
C3,fly5,8.0,9.0,0.025006198464136424,20
C3,fly5,9.0,10.0,0.01591917268332946,12
C3,fly5,10.0,11.0,nan,0
C4,population,0.0,1.0,-4.193238168043503,1
C4,population,1.0,2.0,-0.7638894638026248,8
C4,population,2.0,3.0,0.023409893764200534,16
C4,population,3.0,4.0,0.017602110423091993,20
C4,population,4.0,5.0,-0.015100313504679446,24
C4,population,5.0,6.0,-0.005078701995962538,40
C4,population,6.0,7.0,0.024214730148597777,36
C4,population,7.0,8.0,0.02985964458285662,48
C4,population,8.0,9.0,0.051941141082460965,20
C4,population,9.0,10.0,0.031721485560932884,12
C4,population,10.0,11.0,nan,0
C4,fly1,0.0,1.0,-3.3804633930325507,1
C4,fly1,1.0,2.0,-0.42499481777453146,8
C4,fly1,2.0,3.0,0.131995722630475,16
C4,fly1,3.0,4.0,0.007155938456791799,20
C4,fly1,4.0,5.0,-0.004496198769403326,24
C4,fly1,5.0,6.0,0.00503141671677029,40
C4,fly1,6.0,7.0,-0.0037296366247293856,36
C4,fly1,7.0,8.0,-0.0033793112543823375,48
C4,fly1,8.0,9.0,0.08131537170805936,20
C4,fly1,9.0,10.0,-0.032684800261179064,12
C4,fly1,10.0,11.0,nan,0
C4,fly2,0.0,1.0,-5.433097402254741,1
C4,fly2,1.0,2.0,-0.9693463231610605,8
C4,fly2,2.0,3.0,0.006692924634969975,16
C4,fly2,3.0,4.0,0.06209899132121753,20
C4,fly2,4.0,5.0,0.003283185588589376,24
C4,fly2,5.0,6.0,-0.024497743257839277,40
C4,fly2,6.0,7.0,-0.012872851358412131,36
C4,fly2,7.0,8.0,0.07531839435055872,48
C4,fly2,8.0,9.0,0.05813819588597011,20
C4,fly2,9.0,10.0,0.06887945840235572,12
C4,fly2,10.0,11.0,nan,0
C4,fly3,0.0,1.0,-2.637279528638591,1
C4,fly3,1.0,2.0,-0.6105228989762655,8
C4,fly3,2.0,3.0,-0.04862525471536615,16
C4,fly3,3.0,4.0,-0.019091676995052966,20
C4,fly3,4.0,5.0,0.019183084858677056,24
C4,fly3,5.0,6.0,0.039773787437994076,40
C4,fly3,6.0,7.0,0.036971643209985,36
C4,fly3,7.0,8.0,-0.004888586163623573,48
C4,fly3,8.0,9.0,0.052205885375301894,20
C4,fly3,9.0,10.0,-0.01527473444064506,12
C4,fly3,10.0,11.0,nan,0
C4,fly4,0.0,1.0,-4.380881140629451,1
C4,fly4,1.0,2.0,-0.7144877343666323,8
C4,fly4,2.0,3.0,-0.10697615867909008,16
C4,fly4,3.0,4.0,-0.05028712147025183,20
C4,fly4,4.0,5.0,-0.03231590663133579,24
C4,fly4,5.0,6.0,-0.025717483250661123,40
C4,fly4,6.0,7.0,0.05313005724800044,36
C4,fly4,7.0,8.0,0.09178791378187079,48
C4,fly4,8.0,9.0,0.009721605258798555,20
C4,fly4,9.0,10.0,0.07176159289387006,12
C4,fly4,10.0,11.0,nan,0
C4,fly5,0.0,1.0,-5.1344693756621815,1
C4,fly5,1.0,2.0,-1.1000955447346343,8
C4,fly5,2.0,3.0,0.13396223495001391,16
C4,fly5,3.0,4.0,0.08813442080275542,20
C4,fly5,4.0,5.0,-0.06115573256992455,24
C4,fly5,5.0,6.0,-0.019983487626076667,40
C4,fly5,6.0,7.0,0.047574438268144954,36
C4,fly5,7.0,8.0,-0.00954018780014051,48
C4,fly5,8.0,9.0,0.05832464718417494,20
C4,fly5,9.0,10.0,0.06592591121026278,12
C4,fly5,10.0,11.0,nan,0
C5,population,0.0,1.0,-3.7828558916900903,1
C5,population,1.0,2.0,-0.7911350775031462,8
C5,population,2.0,3.0,0.009131088578531607,16
C5,population,3.0,4.0,0.018602253455768353,20
C5,population,4.0,5.0,-0.00752909335919678,24
C5,population,5.0,6.0,-0.001728449926284955,40
C5,population,6.0,7.0,0.027749245603790176,36
C5,population,7.0,8.0,0.035503187881929826,48
C5,population,8.0,9.0,0.04812076090119373,20
C5,population,9.0,10.0,0.04057161001885732,12
C5,population,10.0,11.0,nan,0
C5,fly1,0.0,1.0,-3.081604652106762,1
C5,fly1,1.0,2.0,-0.46067349478359554,8
C5,fly1,2.0,3.0,0.13901189858577476,16
C5,fly1,3.0,4.0,0.023877643894136148,20
C5,fly1,4.0,5.0,-0.015012492874313702,24
C5,fly1,5.0,6.0,0.0010201664710038695,40
C5,fly1,6.0,7.0,0.009771139049598426,36
C5,fly1,7.0,8.0,0.0058963252035833585,48
C5,fly1,8.0,9.0,0.04624379189101551,20
C5,fly1,9.0,10.0,-0.011387596759696285,12
C5,fly1,10.0,11.0,nan,0
C5,fly2,0.0,1.0,-4.888258974999189,1
C5,fly2,1.0,2.0,-1.0023310805382888,8
C5,fly2,2.0,3.0,-0.024810512879552805,16
C5,fly2,3.0,4.0,0.07258474475013892,20
C5,fly2,4.0,5.0,0.019845272471826277,24
C5,fly2,5.0,6.0,-0.035828801099253835,40
C5,fly2,6.0,7.0,0.006009249477728657,36
C5,fly2,7.0,8.0,0.07352960595573038,48
C5,fly2,8.0,9.0,0.06736948751207358,20
C5,fly2,9.0,10.0,0.04672862059647743,12
C5,fly2,10.0,11.0,nan,0
C5,fly3,0.0,1.0,-2.393708939137666,1
C5,fly3,1.0,2.0,-0.6142179839225427,8
C5,fly3,2.0,3.0,-0.03828182903441523,16
C5,fly3,3.0,4.0,-0.020195805108208238,20
C5,fly3,4.0,5.0,0.0017762225128920169,24
C5,fly3,5.0,6.0,0.047137804806630754,40
C5,fly3,6.0,7.0,0.049845348021308925,36
C5,fly3,7.0,8.0,0.007842511578746499,48
C5,fly3,8.0,9.0,0.028785086078797338,20
C5,fly3,9.0,10.0,0.0016992515724830054,12
C5,fly3,10.0,11.0,nan,0
C5,fly4,0.0,1.0,-3.884052642310659,1
C5,fly4,1.0,2.0,-0.7771783882476369,8
C5,fly4,2.0,3.0,-0.11615821828460857,16
C5,fly4,3.0,4.0,-0.06037334285542947,20
C5,fly4,4.0,5.0,-0.01406535038751817,24
C5,fly4,5.0,6.0,-0.005015459663861399,40
C5,fly4,6.0,7.0,0.039719813630823976,36
C5,fly4,7.0,8.0,0.08838657532269724,48
C5,fly4,8.0,9.0,0.030882932191451662,20
C5,fly4,9.0,10.0,0.07080074417883987,12
C5,fly4,10.0,11.0,nan,0
C5,fly5,0.0,1.0,-4.666654249896174,1
C5,fly5,1.0,2.0,-1.1012744400236667,8
C5,fly5,2.0,3.0,0.08589410450545987,16
C5,fly5,3.0,4.0,0.07711802659820444,20
C5,fly5,4.0,5.0,-0.03018911851887031,24
C5,fly5,5.0,6.0,-0.015955960145944165,40
C5,fly5,6.0,7.0,0.03340067783949089,36
C5,fly5,7.0,8.0,0.001860921348891673,48
C5,fly5,8.0,9.0,0.06732250683263052,20
C5,fly5,9.0,10.0,0.09501703050618256,12
C5,fly5,10.0,11.0,nan,0
C6,population,0.0,1.0,-3.8118940807486834,1
C6,population,1.0,2.0,-0.805260383225572,8
C6,population,2.0,3.0,0.003635852285940714,16
C6,population,3.0,4.0,0.02111087328264221,20
C6,population,4.0,5.0,-0.00900741596459059,24
C6,population,5.0,6.0,-0.005304741225922541,40
C6,population,6.0,7.0,0.027542074032622394,36
C6,population,7.0,8.0,0.039927504526808176,48
C6,population,8.0,9.0,0.04906147657851671,20
C6,population,9.0,10.0,0.049267448611769876,12
C6,population,10.0,11.0,nan,0
C6,fly1,0.0,1.0,-3.081604652106762,1
C6,fly1,1.0,2.0,-0.46067349478359554,8
C6,fly1,2.0,3.0,0.13901189858577476,16
C6,fly1,3.0,4.0,0.023877643894136148,20
C6,fly1,4.0,5.0,-0.015012492874313702,24
C6,fly1,5.0,6.0,0.0010201664710038695,40
C6,fly1,6.0,7.0,0.009771139049598426,36
C6,fly1,7.0,8.0,0.0058963252035833585,48
C6,fly1,8.0,9.0,0.04624379189101551,20
C6,fly1,9.0,10.0,-0.011387596759696285,12
C6,fly1,10.0,11.0,nan,0
C6,fly2,0.0,1.0,-4.888258974999189,1
C6,fly2,1.0,2.0,-1.0023310805382888,8
C6,fly2,2.0,3.0,-0.024810512879552805,16
C6,fly2,3.0,4.0,0.07258474475013892,20
C6,fly2,4.0,5.0,0.019845272471826277,24
C6,fly2,5.0,6.0,-0.035828801099253835,40
C6,fly2,6.0,7.0,0.006009249477728657,36
C6,fly2,7.0,8.0,0.07352960595573038,48
C6,fly2,8.0,9.0,0.06736948751207358,20
C6,fly2,9.0,10.0,0.04672862059647743,12
C6,fly2,10.0,11.0,nan,0
C6,fly3,0.0,1.0,-2.393708939137666,1
C6,fly3,1.0,2.0,-0.6142179839225427,8
C6,fly3,2.0,3.0,-0.03828182903441523,16
C6,fly3,3.0,4.0,-0.020195805108208238,20
C6,fly3,4.0,5.0,0.0017762225128920169,24
C6,fly3,5.0,6.0,0.047137804806630754,40
C6,fly3,6.0,7.0,0.049845348021308925,36
C6,fly3,7.0,8.0,0.007842511578746499,48
C6,fly3,8.0,9.0,0.028785086078797338,20
C6,fly3,9.0,10.0,0.0016992515724830054,12
C6,fly3,10.0,11.0,nan,0
C6,fly4,0.0,1.0,-3.884052642310659,1
C6,fly4,1.0,2.0,-0.7771783882476369,8
C6,fly4,2.0,3.0,-0.11615821828460857,16
C6,fly4,3.0,4.0,-0.06037334285542947,20
C6,fly4,4.0,5.0,-0.01406535038751817,24
C6,fly4,5.0,6.0,-0.005015459663861399,40
C6,fly4,6.0,7.0,0.039719813630823976,36
C6,fly4,7.0,8.0,0.08838657532269724,48
C6,fly4,8.0,9.0,0.030882932191451662,20
C6,fly4,9.0,10.0,0.07080074417883987,12
C6,fly4,10.0,11.0,nan,0
C6,fly5,0.0,1.0,-4.666654249896174,1
C6,fly5,1.0,2.0,-1.1012744400236667,8
C6,fly5,2.0,3.0,0.08589410450545987,16
C6,fly5,3.0,4.0,0.07711802659820444,20
C6,fly5,4.0,5.0,-0.03018911851887031,24
C6,fly5,5.0,6.0,-0.015955960145944165,40
C6,fly5,6.0,7.0,0.03340067783949089,36
C6,fly5,7.0,8.0,0.001860921348891673,48
C6,fly5,8.0,9.0,0.06732250683263052,20
C6,fly5,9.0,10.0,0.09501703050618256,12
C6,fly5,10.0,11.0,nan,0
C7,population,0.0,1.0,-3.7828558916900903,1
C7,population,1.0,2.0,-0.7911350775031462,8
C7,population,2.0,3.0,0.009131088578531607,16
C7,population,3.0,4.0,0.018602253455768353,20
C7,population,4.0,5.0,-0.00752909335919678,24
C7,population,5.0,6.0,-0.001728449926284955,40
C7,population,6.0,7.0,0.027749245603790176,36
C7,population,7.0,8.0,0.035503187881929826,48
C7,population,8.0,9.0,0.04812076090119373,20
C7,population,9.0,10.0,0.04057161001885732,12
C7,population,10.0,11.0,nan,0
C7,fly1,0.0,1.0,-3.081604652106762,1
C7,fly1,1.0,2.0,-0.46067349478359554,8
C7,fly1,2.0,3.0,0.13901189858577476,16
C7,fly1,3.0,4.0,0.023877643894136148,20
C7,fly1,4.0,5.0,-0.015012492874313702,24
C7,fly1,5.0,6.0,0.0010201664710038695,40
C7,fly1,6.0,7.0,0.009771139049598426,36
C7,fly1,7.0,8.0,0.0058963252035833585,48
C7,fly1,8.0,9.0,0.04624379189101551,20
C7,fly1,9.0,10.0,-0.011387596759696285,12
C7,fly1,10.0,11.0,nan,0
C7,fly2,0.0,1.0,-4.888258974999189,1
C7,fly2,1.0,2.0,-1.0023310805382888,8
C7,fly2,2.0,3.0,-0.024810512879552805,16
C7,fly2,3.0,4.0,0.07258474475013892,20
C7,fly2,4.0,5.0,0.019845272471826277,24
C7,fly2,5.0,6.0,-0.035828801099253835,40
C7,fly2,6.0,7.0,0.006009249477728657,36
C7,fly2,7.0,8.0,0.07352960595573038,48
C7,fly2,8.0,9.0,0.06736948751207358,20
C7,fly2,9.0,10.0,0.04672862059647743,12
C7,fly2,10.0,11.0,nan,0
C7,fly3,0.0,1.0,-2.393708939137666,1
C7,fly3,1.0,2.0,-0.6142179839225427,8
C7,fly3,2.0,3.0,-0.03828182903441523,16
C7,fly3,3.0,4.0,-0.020195805108208238,20
C7,fly3,4.0,5.0,0.0017762225128920169,24
C7,fly3,5.0,6.0,0.047137804806630754,40
C7,fly3,6.0,7.0,0.049845348021308925,36
C7,fly3,7.0,8.0,0.007842511578746499,48
C7,fly3,8.0,9.0,0.028785086078797338,20
C7,fly3,9.0,10.0,0.0016992515724830054,12
C7,fly3,10.0,11.0,nan,0
C7,fly4,0.0,1.0,-3.884052642310659,1
C7,fly4,1.0,2.0,-0.7771783882476369,8
C7,fly4,2.0,3.0,-0.11615821828460857,16
C7,fly4,3.0,4.0,-0.06037334285542947,20
C7,fly4,4.0,5.0,-0.01406535038751817,24
C7,fly4,5.0,6.0,-0.005015459663861399,40
C7,fly4,6.0,7.0,0.039719813630823976,36
C7,fly4,7.0,8.0,0.08838657532269724,48
C7,fly4,8.0,9.0,0.030882932191451662,20
C7,fly4,9.0,10.0,0.07080074417883987,12
C7,fly4,10.0,11.0,nan,0
C7,fly5,0.0,1.0,-4.666654249896174,1
C7,fly5,1.0,2.0,-1.1012744400236667,8
C7,fly5,2.0,3.0,0.08589410450545987,16
C7,fly5,3.0,4.0,0.07711802659820444,20
C7,fly5,4.0,5.0,-0.03018911851887031,24
C7,fly5,5.0,6.0,-0.015955960145944165,40
C7,fly5,6.0,7.0,0.03340067783949089,36
C7,fly5,7.0,8.0,0.001860921348891673,48
C7,fly5,8.0,9.0,0.06732250683263052,20
C7,fly5,9.0,10.0,0.09501703050618256,12
C7,fly5,10.0,11.0,nan,0
